ID_Transaccion;Monto;Fecha;Banco;Marca;Estado
TRX0001;"""[{account_name"": ""account_wwlcytqr"", ""callback_url"": ""https://payflow.vtexpayments.com.br/api/pvt/payment-provider/transactions/I22H7JQRTK961X5EJZKM62UC3IQZMXZ9"", ""delay_auto_settle"": ""1800"", ""merchant_name"": ""merchant_nuhiqq"", ""monto"": 1250000, ""vtex_transaction_id"": ""I22H7JQRTK961X5EJZKM62UC3IQZMXZ9}]""";26/07/2026 9:00;BANCO_B;"[{""financial_entity"": ""aumento"", ""amount"": ""-139.24"", ""detail"": ""tax_withholding""}, {""financial_entity"": ""aumento"", ""amount"": ""-2758.42"", ""detail"": ""tax_withholding""}, {""financial_entity"": ""ica"", ""amount"": ""-3071.19"", ""detail"": ""tax_withholding""}, {""marca"": ""AMERICANINO""}}]""""";AUTORIZADO
TRX0002;"{""account_name"": ""account_nkukcvtl"", ""callback_url"": ""https://payflow.vtexpayments.com.br/api/pvt/payment-provider/transactions/QBZF39Q2Y45KXXQIV0VA9LEJ17OQPEWE"", ""delay_auto_settle"": ""7200"", ""merchant_name"": ""merchant_tcdhgl"", ""monto"": ""188.000 COP"", ""monto"": 188000, ""vtex_transaction_id"": ""QBZF39Q2Y45KXXQIV0VA9LEJ17OQPEWE}]""";06/07/2026 8:00;BANCO_B;"[{""financial_entity"": ""iva"", ""amount"": ""-4936.72"", ""detail"": ""tax_withholding""}, {""financial_entity"": ""ica"", ""amount"": ""-4426.1"", ""detail"": ""tax_withholding""}, {""marca"": ""NAF NAF""}}]""""";AUTORIZADO
TRX0003;"[{account_name"": ""account_gkynvgiu"", ""callback_url"": ""https://nexoflow.vtexpayments.com.br/api/pvt/payment-provider/transactions/Y2W6KYKIQNWOFJRPV3D6X4SZXVF1KQJV"", ""delay_auto_settle"": ""7200"", ""merchant_name"": ""merchant_cctfza"", ""monto"": 205000, ""vtex_transaction_id"": ""Y2W6KYKIQNWOFJRPV3D6X4SZXVF1KQJV""]";24/07/2026 12:00;BANCO_C;"[{""financial_entity"": ""iva"", ""amount"": ""-2511.47"", ""detail"": ""tax_withholding""}, {""financial_entity"": ""ica"", ""amount"": ""-4744.09"", ""detail"": ""tax_withholding""}, {""financial_entity"": ""iva"", ""amount"": ""-2572.43"", ""detail"": ""tax_withholding""}, {""marca"": ""NAF NAF""}}]""""";AUTORIZADO
TRX0004;"[{account_name"": ""account_tmjoxore"", ""callback_url"": ""https://flowcash.vtexpayments.com.br/api/pvt/payment-provider/transactions/AVO3FHACHDMV562ULL04M05I9JC8RSS2"", ""delay_auto_settle"": ""1800"", ""merchant_name"": ""merchant_ckszzq"", ""monto\"": 165000, ""vtex_transaction_id"": ""AVO3FHACHDMV562ULL04M05I9JC8RSS2""}]""""";11/07/2026 14:00;BANCO_A;"[{financial_entityfinancial_entity"": ""aumento"", ""amount"": ""-2011.16"", ""detail"": ""tax_withholding""}, {""financial_entity"": ""fuente"", ""amount"": ""-3336.41"", ""detail"": ""tax_withholding""}, {""financial_entity"": ""iva"", ""amount"": ""-3841.48"", ""detail"": ""tax_withholding""}, {""marca\"": ""CHEVIGNON""}]""";AUTORIZADO
TRX0005;"{""account_name"": ""account_kmewwuzu"", ""callback_url"": ""https://payflow.vtexpayments.com.br/api/pvt/payment-provider/transactions/Y2APCQK9E9ZF3JIZL93SMB152F5WON81"", ""delay_auto_settle"": ""1800"", ""merchant_name"": ""merchant_qahpqf"", ""monto"": 225000, ""vtex_transaction_id"": ""Y2APCQK9E9ZF3JIZL93SMB152F5WON81}]""";28/07/2026 9:00;BANCO_C;"{{""financial_entity"": ""aumento"", ""amount"": ""-4042.1"", ""detail"": ""tax_withholding""}, {""financial_entity"": ""iva"", ""amount"": ""-2355.95"", ""detail"": ""tax_withholding""}, {""financial_entity"": ""cree"", ""amount"": ""-269.93"", ""detail"": ""tax_withholding""}, {""financial_entity"": ""cree"", ""amount"": ""-292.74"", ""detail"": ""tax_withholding""}, {""marca"": ""AMERICAN EAGLE""}]""";AUTORIZADO
TRX0006;"""[{account_name"": ""account_bxpfuwwu"", ""callback_url"": ""https://payflow.vtexpayments.com.br/api/pvt/payment-provider/transactions/6LBUZI5J6K6Z384FBD7M36ZEONK4WK4R"", ""delay_auto_settle"": ""7200"", ""merchant_name"": ""merchant_edsohg"", ""monto"": ""289.000 COP"", ""monto"": 289000, ""vtex_transaction_id"": ""6LBUZI5J6K6Z384FBD7M36ZEONK4WK4R}]""";19/07/2026 12:00;BANCO_C;"""[{""financial_entity"": ""fuente"", ""amount"": ""-4963.23"", ""detail"": ""tax_withholding""}, {""financial_entity"": ""cree"", ""amount"": ""-4983.47"", ""detail"": ""tax_withholding""}, {""marca"": ""AMERICAN EAGLE""}]""";AUTORIZADO
TRX0007;"({account_name"": ""account_qqjsexae"", ""callback_url"": ""https://quickpay.vtexpayments.com.br/api/pvt/payment-provider/transactions/K9NJBVEWKR337FN3I37T4X2H4PTRB2O0"", ""delay_auto_settle"": ""1800"", ""merchant_name"": ""merchant_huwrsn"", ""monto"": 240000, ""vtex_transaction_id"": ""K9NJBVEWKR337FN3I37T4X2H4PTRB2O0})""";14/07/2026 19:00;BANCO_A;"{{""financial_entity"": ""ica"", ""amount"": ""-589.84"", ""detail"": ""tax_withholding""}, {""financial_entity"": ""iva"", ""amount"": ""-1368.34"", ""detail"": ""tax_withholding""}, {""marca"": ""NAF NAF""}]""";AUTORIZADO
TRX0008;"({account_name"": ""account_dkcmxvxn"", ""callback_url"": ""https://flowcash.vtexpayments.com.br/api/pvt/payment-provider/transactions/MBVZRB5RYXDPI5TAVZA9WCAVKNIVXPU1"", ""delay_auto_settle"": ""7200"", ""merchant_name"": ""merchant_yaxamp"", ""monto"": 95000, ""vtex_transaction_id"": ""MBVZRB5RYXDPI5TAVZA9WCAVKNIVXPU1})""";24/07/2026 20:00;BANCO_C;"""[{""financial_entity"": ""fuente"", ""amount"": ""-1356.31"", ""detail"": ""tax_withholding""}, {""financial_entity"": ""iva"", ""amount"": ""-1680.18"", ""detail"": ""tax_withholding""}, {""financial_entity"": ""iva"", ""amount"": ""-4496.85"", ""detail"": ""tax_withholding""}, {""marca"": ""AMERICAN EAGLE""}]""";AUTORIZADO
TRX0009;"""[{account_name"": ""account_puaiqqot"", ""callback_url"": ""https://transactionhub.vtexpayments.com.br/api/pvt/payment-provider/transactions/GEX4ZSM1XZURIRSDK5P0SEU8DSB97YBL"", ""delay_auto_settle"": ""7200"", ""merchant_name"": ""merchant_rdwxll"", ""monto"": 95000, ""vtex_transaction_id"": ""GEX4ZSM1XZURIRSDK5P0SEU8DSB97YBL}]""";04/07/2026 13:00;BANCO_A;"{{""financial_entity"": ""cree"", ""amount"": ""-638.6"", ""detail"": ""tax_withholding""}, {""financial_entity"": ""iva"", ""amount"": ""-2457.29"", ""detail"": ""tax_withholding""}, {""financial_entity"": ""aumento"", ""amount"": ""-4085.67"", ""detail"": ""tax_withholding""}, {""marca"": ""RIFLE""}]""";AUTORIZADO
TRX0010;"({account_name"": ""account_adhuivak"", ""callback_url"": ""https://quickpay.vtexpayments.com.br/api/pvt/payment-provider/transactions/I1BCE8GVHB2NIMLY7SVSFFE6O06J094W"", ""delay_auto_settle"": ""1800"", ""merchant_name"": ""merchant_udtugz"", ""monto"": 198000, ""vtex_transaction_id"": ""I1BCE8GVHB2NIMLY7SVSFFE6O06J094W})""";30/07/2026 23:00;BANCO_A;"""[{""financial_entity"": ""cree"", ""amount"": ""-2965.91"", ""detail"": ""tax_withholding""}, {""financial_entity"": ""iva"", ""amount"": ""-838.89"", ""detail"": ""tax_withholding""}, {""marca"": ""NAF NAF""}]""";AUTORIZADO
TRX0011;"[{account_name"": ""account_vgldadbo"", ""callback_url"": ""https://transactionhub.vtexpayments.com.br/api/pvt/payment-provider/transactions/UEEWZZOQHUACGPOSNW7PMEPHB5TSS63S"", ""delay_auto_settle"": ""7200"", ""merchant_name"": ""merchant_daoajf"", ""monto"": 210000, ""vtex_transaction_id"": ""UEEWZZOQHUACGPOSNW7PMEPHB5TSS63S""}]""""";04/07/2026 16:00;BANCO_C;"{{""financial_entity"": ""ica"", ""amount"": ""-4044.34"", ""detail"": ""tax_withholding""}, {""financial_entity"": ""iva"", ""amount"": ""-3697.26"", ""detail"": ""tax_withholding""}, {""financial_entity"": ""cree"", ""amount"": ""-1962.34"", ""detail"": ""tax_withholding""}, {""financial_entity"": ""iva"", ""amount"": ""-948.28"", ""detail"": ""tax_withholding""}, {""marca"": ""AMERICAN EAGLE""}]""";AUTORIZADO
TRX0012;"""[{account_name"": ""account_enxjyiot"", ""callback_url"": ""https://nexoflow.vtexpayments.com.br/api/pvt/payment-provider/transactions/Q9NNJGS44MZWMFGEYRLQQXR5AW72Z17B"", ""delay_auto_settle"": ""7200"", ""merchant_name"": ""merchant_nfefut"", ""monto"": 240000, ""vtex_transaction_id"": ""Q9NNJGS44MZWMFGEYRLQQXR5AW72Z17B}]""";26/07/2026 9:00;BANCO_C;"({""financial_entity"": ""aumento"", ""amount"": ""-4789.15"", ""detail"": ""tax_withholding""}, {""financial_entity"": ""aumento"", ""amount"": ""-4863.52"", ""detail"": ""tax_withholding""}, {""financial_entity"": ""fuente"", ""amount"": ""-1494.36"", ""detail"": ""tax_withholding""}, {""financial_entity"": ""ica"", ""amount"": ""-4992.87"", ""detail"": ""tax_withholding""}, {""marca"": ""AMERICANINO""})""";AUTORIZADO
TRX0013;"({account_name"": ""account_kgcdfgnt"", ""callback_url"": ""https://transactionhub.vtexpayments.com.br/api/pvt/payment-provider/transactions/X2MQSAE27FTOQQX8LYDGP8ST5HIMJFUZ"", ""delay_auto_settle"": ""1800"", ""merchant_name"": ""merchant_ocqerd"", ""monto\"": 145000, ""vtex_transaction_id"": ""X2MQSAE27FTOQQX8LYDGP8ST5HIMJFUZ})""";05/07/2026 16:00;BANCO_B;"[{financial_entityfinancial_entity"": ""aumento"", ""amount"": ""-1435.83"", ""detail"": ""tax_withholding""}, {""financial_entity"": ""fuente"", ""amount"": ""-463.3"", ""detail"": ""tax_withholding""}, {""financial_entity"": ""ica"", ""amount"": ""-2309.59"", ""detail"": ""tax_withholding""}, {""financial_entity"": ""cree"", ""amount"": ""-790.34"", ""detail"": ""tax_withholding""}, {""marca\"": ""RIFLE""}]""";AUTORIZADO
TRX0014;"({account_name"": ""account_cwykwyrq"", ""callback_url"": ""https://flowcash.vtexpayments.com.br/api/pvt/payment-provider/transactions/RSB1KB6KYRLU5CDNQQTA6KEKTFLZMW0L"", ""delay_auto_settle"": ""3600"", ""merchant_name"": ""merchant_rbzgxr"", ""monto\"": 275000, ""vtex_transaction_id"": ""RSB1KB6KYRLU5CDNQQTA6KEKTFLZMW0L})""";20/07/2026 1:00;BANCO_B;"{{""financial_entity"": ""ica"", ""amount"": ""-2612.64"", ""detail"": ""tax_withholding""}, {""financial_entity"": ""fuente"", ""amount"": ""-2561.05"", ""detail"": ""tax_withholding""}, {""marca\"": ""NAF NAF""}]""";AUTORIZADO
TRX0015;"[{account_name"": ""account_czotmfqw"", ""callback_url"": ""https://quickpay.vtexpayments.com.br/api/pvt/payment-provider/transactions/8E3MIH8TYTB3CB6E379GWH3FHGIDLVPD"", ""delay_auto_settle"": ""7200"", ""merchant_name"": ""merchant_zofncg"", ""monto"": 350000, ""vtex_transaction_id"": ""8E3MIH8TYTB3CB6E379GWH3FHGIDLVPD""}]""""";12/07/2026 2:00;BANCO_B;"[{""financial_entity"": ""fuente"", ""amount"": ""-1191.39"", ""detail"": ""tax_withholding""}, {""financial_entity"": ""fuente"", ""amount"": ""-2189.32"", ""detail"": ""tax_withholding""}, {""financial_entity"": ""fuente"", ""amount"": ""-2339.29"", ""detail"": ""tax_withholding""}, {""marca"": ""AMERICANINO""}}]""""";AUTORIZADO
TRX0016;"[{account_name""account_rmbvhzzd"", ""callback_url"": ""https://flowcash.vtexpayments.com.br/api/pvt/payment-provider/transactions/UV20KBL1WZIE7RWZ4DAFLJ1UORQ3BIO2"", ""delay_auto_settle"": ""3600"", ""merchant_name"": ""merchant_gifket"", ""monto\"": 150000, ""vtex_transaction_id"": ""UV20KBL1WZIE7RWZ4DAFLJ1UORQ3BIO2}]""";06/07/2026 11:00;BANCO_A;"[{financial_entityfinancial_entity"": ""cree"", ""amount"": ""-3865.72"", ""detail"": ""tax_withholding""}, {""financial_entity"": ""ica"", ""amount"": ""-1780.16"", ""detail"": ""tax_withholding""}, {""marca\"": ""AMERICAN EAGLE""}]""";AUTORIZADO
TRX0017;"""[{account_name"": ""account_lfvivfyf"", ""callback_url"": ""https://nexoflow.vtexpayments.com.br/api/pvt/payment-provider/transactions/UPHX2589YP8P7VC7K3SZU1I0EI3WN3E2"", ""delay_auto_settle"": ""3600"", ""merchant_name"": ""merchant_crutbx"", ""monto\"": 310000, ""vtex_transaction_id"": ""UPHX2589YP8P7VC7K3SZU1I0EI3WN3E2}]""";13/07/2026 3:00;BANCO_B;"[{""financial_entity"": ""cree"", ""amount"": ""-2316.46"", ""detail"": ""tax_withholding""}, {""financial_entity"": ""fuente"", ""amount"": ""-3235.33"", ""detail"": ""tax_withholding""}, {""financial_entity"": ""cree"", ""amount"": ""-910.94"", ""detail"": ""tax_withholding""}, {""financial_entity"": ""fuente"", ""amount"": ""-1055.13"", ""detail"": ""tax_withholding""}, {""marca\"": ""NAF NAF""}}]""""";AUTORIZADO
TRX0018;"[{account_name"": ""account_sfkhgkav"", ""callback_url"": ""https://transactionhub.vtexpayments.com.br/api/pvt/payment-provider/transactions/8JAB2DIQXC04H1NNMOK92Y5KVFSD7P6W"", ""delay_auto_settle"": ""1800"", ""merchant_name"": ""merchant_lnchzj"", ""monto"": 95000, ""vtex_transaction_id"": ""8JAB2DIQXC04H1NNMOK92Y5KVFSD7P6W""}]""""";14/07/2026 6:00;BANCO_C;"({""financial_entity"": ""ica"", ""amount"": ""-4428.66"", ""detail"": ""tax_withholding""}, {""financial_entity"": ""cree"", ""amount"": ""-4337.37"", ""detail"": ""tax_withholding""}, {""financial_entity"": ""ica"", ""amount"": ""-2951.45"", ""detail"": ""tax_withholding""}, {""marca"": ""NAF NAF""})""";AUTORIZADO
TRX0019;"""[{account_name"": ""account_gxibhbse"", ""callback_url"": ""https://payflow.vtexpayments.com.br/api/pvt/payment-provider/transactions/L8BO9RAV3VVXACFI96WLE4HDTG7ZPKV9"", ""delay_auto_settle"": ""7200"", ""merchant_name"": ""merchant_ltjswa"", ""monto"": 350000, ""vtex_transaction_id"": ""L8BO9RAV3VVXACFI96WLE4HDTG7ZPKV9}]""";19/07/2026 14:00;BANCO_B;"[{financial_entityfinancial_entity"": ""cree"", ""amount"": ""-1532.09"", ""detail"": ""tax_withholding""}, {""financial_entity"": ""fuente"", ""amount"": ""-4265.93"", ""detail"": ""tax_withholding""}, {""marca"": ""AMERICAN EAGLE""}]""";AUTORIZADO
TRX0020;"[{account_name""account_rblkueci"", ""callback_url"": ""https://transactionhub.vtexpayments.com.br/api/pvt/payment-provider/transactions/JYSOTCX00BV7Z5T1SKHMESFNDUFKW5N7"", ""delay_auto_settle"": ""1800"", ""merchant_name"": ""merchant_ngwkcg"", ""monto"": 155000, ""vtex_transaction_id"": ""JYSOTCX00BV7Z5T1SKHMESFNDUFKW5N7}]""";13/07/2026 5:00;BANCO_C;"[{""financial_entity"": ""ica"", ""amount"": ""-1775.55"", ""detail"": ""tax_withholding""}, {""financial_entity"": ""iva"", ""amount"": ""-3414.38"", ""detail"": ""tax_withholding""}, {""marca"": ""AMERICAN EAGLE""}]";AUTORIZADO
TRX0021;"[{account_name"": ""account_evgnpncj"", ""callback_url"": ""https://transactionhub.vtexpayments.com.br/api/pvt/payment-provider/transactions/AF2LYWLM2N8ALGVTC9B42UQNXGDOW3GN"", ""delay_auto_settle"": ""3600"", ""merchant_name"": ""merchant_zgfrxf"", ""monto"": 155000, ""vtex_transaction_id"": ""AF2LYWLM2N8ALGVTC9B42UQNXGDOW3GN""}]""""";12/07/2026 8:00;BANCO_C;"[{""financial_entity"": ""ica"", ""amount"": ""-2466.26"", ""detail"": ""tax_withholding""}, {""financial_entity"": ""aumento"", ""amount"": ""-3077.79"", ""detail"": ""tax_withholding""}, {""financial_entity"": ""fuente"", ""amount"": ""-2404.99"", ""detail"": ""tax_withholding""}, {""financial_entity"": ""fuente"", ""amount"": ""-2365.38"", ""detail"": ""tax_withholding""}, {""marca"": ""RIFLE""}]";AUTORIZADO
TRX0022;"[{account_name"": ""account_qpdgjxzw"", ""callback_url"": ""https://flowcash.vtexpayments.com.br/api/pvt/payment-provider/transactions/48MPHBFVAZV6CBXAEDJSA9VFFNOPHV6V"", ""delay_auto_settle"": ""3600"", ""merchant_name"": ""merchant_lxiway"", ""monto"": 240000, ""vtex_transaction_id"": ""48MPHBFVAZV6CBXAEDJSA9VFFNOPHV6V""]";08/07/2026 20:00;BANCO_A;"""[{""financial_entity"": ""cree"", ""amount"": ""-4629.02"", ""detail"": ""tax_withholding""}, {""financial_entity"": ""cree"", ""amount"": ""-3585.76"", ""detail"": ""tax_withholding""}, {""financial_entity"": ""aumento"", ""amount"": ""-227.89"", ""detail"": ""tax_withholding""}, {""financial_entity"": ""cree"", ""amount"": ""-4101.71"", ""detail"": ""tax_withholding""}, {""marca"": ""CHEVIGNON""}]""";AUTORIZADO
TRX0023;"""[{account_name"": ""account_kusdrwmp"", ""callback_url"": ""https://payflow.vtexpayments.com.br/api/pvt/payment-provider/transactions/8UFUYJGO86BGJ2SE9MMJLDG7B2N25YB5"", ""delay_auto_settle"": ""1800"", ""merchant_name"": ""merchant_vqiftm"", ""monto"": ""$95.000,00"", ""vtex_transaction_id"": ""8UFUYJGO86BGJ2SE9MMJLDG7B2N25YB5}]""";19/07/2026 7:00;BANCO_C;"[{""financial_entity"": ""cree"", ""amount"": ""-344.43"", ""detail"": ""tax_withholding""}, {""financial_entity"": ""aumento"", ""amount"": ""-2675.17"", ""detail"": ""tax_withholding""}, {""marca"": ""AMERICAN EAGLE""}}]""""";AUTORIZADO
TRX0024;"[{account_name"": ""account_pwnrkuiu"", ""callback_url"": ""https://transactionhub.vtexpayments.com.br/api/pvt/payment-provider/transactions/RU9NLR90WLRUA6CEFXXEULG7TWD9I1JS"", ""delay_auto_settle"": ""3600"", ""merchant_name"": ""merchant_fvahex"", ""monto"": ""$410.000,00"", ""vtex_transaction_id"": ""RU9NLR90WLRUA6CEFXXEULG7TWD9I1JS""]";07/07/2026 2:00;BANCO_C;"({""financial_entity"": ""iva"", ""amount"": ""-4689.02"", ""detail"": ""tax_withholding""}, {""financial_entity"": ""iva"", ""amount"": ""-4645.04"", ""detail"": ""tax_withholding""}, {""financial_entity"": ""aumento"", ""amount"": ""-2385.95"", ""detail"": ""tax_withholding""}, {""marca"": ""NAF NAF""})""";AUTORIZADO
TRX0025;"[{account_name"": ""account_ueeqgbqj"", ""callback_url"": ""https://payflow.vtexpayments.com.br/api/pvt/payment-provider/transactions/QQNLJTS7RCXVBC9FTY7ZJWXV2RG6NG9W"", ""delay_auto_settle"": ""7200"", ""merchant_name"": ""merchant_dlqhcf"", ""monto"": ""155.000 COP"", ""monto"": 155000, ""vtex_transaction_id"": ""QQNLJTS7RCXVBC9FTY7ZJWXV2RG6NG9W""]";30/07/2026 7:00;BANCO_B;"[{""financial_entity"": ""aumento"", ""amount"": ""-1162.17"", ""detail"": ""tax_withholding""}, {""financial_entity"": ""ica"", ""amount"": ""-455.02"", ""detail"": ""tax_withholding""}, {""financial_entity"": ""iva"", ""amount"": ""-2105.38"", ""detail"": ""tax_withholding""}, {""financial_entity"": ""aumento"", ""amount"": ""-2977.29"", ""detail"": ""tax_withholding""}, {""marca"": ""RIFLE""}]";AUTORIZADO
TRX0026;"""[{account_name"": ""account_lfimsmfz"", ""callback_url"": ""https://flowcash.vtexpayments.com.br/api/pvt/payment-provider/transactions/M6X4Y113W693F6JOT8SB8GYCKGMWWCL1"", ""delay_auto_settle"": ""1800"", ""merchant_name"": ""merchant_llvrev"", ""monto"": 95000, ""vtex_transaction_id"": ""M6X4Y113W693F6JOT8SB8GYCKGMWWCL1}]""";12/07/2026 1:00;BANCO_C;"""[{""financial_entity"": ""ica"", ""amount"": ""-1454.57"", ""detail"": ""tax_withholding""}, {""financial_entity"": ""iva"", ""amount"": ""-3552.02"", ""detail"": ""tax_withholding""}, {""financial_entity"": ""aumento"", ""amount"": ""-3892.59"", ""detail"": ""tax_withholding""}, {""marca"": ""CHEVIGNON""}]""";AUTORIZADO
TRX0027;"[{account_name"": ""account_aryvygfe"", ""callback_url"": ""https://nexoflow.vtexpayments.com.br/api/pvt/payment-provider/transactions/VAOVQOPGFHF7T1WSL7VZUHKXACJZWWVW"", ""delay_auto_settle"": ""3600"", ""merchant_name"": ""merchant_gjabiu"", ""monto"": 260000, ""vtex_transaction_id"": ""VAOVQOPGFHF7T1WSL7VZUHKXACJZWWVW""]";14/07/2026 6:00;BANCO_C;"[{""financial_entity"": ""fuente"", ""amount"": ""-4169.1"", ""detail"": ""tax_withholding""}, {""financial_entity"": ""aumento"", ""amount"": ""-3520.85"", ""detail"": ""tax_withholding""}, {""financial_entity"": ""fuente"", ""amount"": ""-4508.24"", ""detail"": ""tax_withholding""}, {""financial_entity"": ""iva"", ""amount"": ""-3208.92"", ""detail"": ""tax_withholding""}, {""marca"": ""AMERICAN EAGLE""}}]""""";AUTORIZADO
TRX0028;"[{account_name"": ""account_esjfmtrm"", ""callback_url"": ""https://payflow.vtexpayments.com.br/api/pvt/payment-provider/transactions/LAN3ZXD4OC51EADYZT7B3UM7TNSR14A4"", ""delay_auto_settle"": ""7200"", ""merchant_name"": ""merchant_bbzqnr"", ""monto"": 165000, ""vtex_transaction_id"": ""LAN3ZXD4OC51EADYZT7B3UM7TNSR14A4""]";14/07/2026 1:00;BANCO_B;"[{""financial_entity"": ""fuente"", ""amount"": ""-4847.79"", ""detail"": ""tax_withholding""}, {""financial_entity"": ""iva"", ""amount"": ""-2137.19"", ""detail"": ""tax_withholding""}, {""financial_entity"": ""aumento"", ""amount"": ""-3199.1"", ""detail"": ""tax_withholding""}, {""marca"": ""RIFLE""}}]""""";AUTORIZADO
TRX0029;"{""account_name"": ""account_fswxlnrd"", ""callback_url"": ""https://payflow.vtexpayments.com.br/api/pvt/payment-provider/transactions/YTRMIHMZKK40E85HVE0ZC121K3NNGEMF"", ""delay_auto_settle"": ""3600"", ""merchant_name"": ""merchant_hrascb"", ""monto"": ""$350.000,00"", ""vtex_transaction_id"": ""YTRMIHMZKK40E85HVE0ZC121K3NNGEMF}]""";23/07/2026 18:00;BANCO_B;"{{""financial_entity"": ""iva"", ""amount"": ""-3475.89"", ""detail"": ""tax_withholding""}, {""financial_entity"": ""iva"", ""amount"": ""-3239.95"", ""detail"": ""tax_withholding""}, {""financial_entity"": ""iva"", ""amount"": ""-4822.5"", ""detail"": ""tax_withholding""}, {""marca"": ""AMERICAN EAGLE""}]""";AUTORIZADO
TRX0030;"{""account_name"": ""account_btlanojx"", ""callback_url"": ""https://payflow.vtexpayments.com.br/api/pvt/payment-provider/transactions/JABTBBMPMDPX6OG8Z0QAO2XIC5FUCTXN"", ""delay_auto_settle"": ""1800"", ""merchant_name"": ""merchant_jzrofj"", ""monto"": 350000, ""vtex_transaction_id"": ""JABTBBMPMDPX6OG8Z0QAO2XIC5FUCTXN}]""";28/07/2026 14:00;BANCO_C;"({""financial_entity"": ""ica"", ""amount"": ""-1348.78"", ""detail"": ""tax_withholding""}, {""financial_entity"": ""fuente"", ""amount"": ""-3999.51"", ""detail"": ""tax_withholding""}, {""financial_entity"": ""ica"", ""amount"": ""-4107.63"", ""detail"": ""tax_withholding""}, {""marca"": ""RIFLE""})""";AUTORIZADO
TRX0031;"({account_name"": ""account_engxhwwa"", ""callback_url"": ""https://payflow.vtexpayments.com.br/api/pvt/payment-provider/transactions/6TM1VQ397JK5AANM98Q4VLB4H5H0U55H"", ""delay_auto_settle"": ""7200"", ""merchant_name"": ""merchant_skvhoq"", ""monto"": 350000, ""vtex_transaction_id"": ""6TM1VQ397JK5AANM98Q4VLB4H5H0U55H})""";18/07/2026 8:00;BANCO_C;"""[{""financial_entity"": ""ica"", ""amount"": ""-2762.19"", ""detail"": ""tax_withholding""}, {""financial_entity"": ""cree"", ""amount"": ""-415.84"", ""detail"": ""tax_withholding""}, {""financial_entity"": ""iva"", ""amount"": ""-2987.6"", ""detail"": ""tax_withholding""}, {""financial_entity"": ""fuente"", ""amount"": ""-1082.71"", ""detail"": ""tax_withholding""}, {""marca"": ""NAF NAF""}]""";AUTORIZADO
TRX0032;"""[{account_name"": ""account_byinnesz"", ""callback_url"": ""https://quickpay.vtexpayments.com.br/api/pvt/payment-provider/transactions/OLL8QI2AXXHI8GBYL3D88JYOWRG1X4Q5"", ""delay_auto_settle"": ""7200"", ""merchant_name"": ""merchant_rfilii"", ""monto"": 320000, ""vtex_transaction_id"": ""OLL8QI2AXXHI8GBYL3D88JYOWRG1X4Q5}]""";07/07/2026 13:00;BANCO_B;"[{financial_entityfinancial_entity"": ""iva"", ""amount"": ""-3009.42"", ""detail"": ""tax_withholding""}, {""financial_entity"": ""ica"", ""amount"": ""-4677.84"", ""detail"": ""tax_withholding""}, {""financial_entity"": ""aumento"", ""amount"": ""-2626.85"", ""detail"": ""tax_withholding""}, {""financial_entity"": ""fuente"", ""amount"": ""-3691.75"", ""detail"": ""tax_withholding""}, {""marca"": ""AMERICANINO""}]""";AUTORIZADO
TRX0033;"[{account_name""account_xuevahpv"", ""callback_url"": ""https://flowcash.vtexpayments.com.br/api/pvt/payment-provider/transactions/QM7WXUJ3DI1VG81X7D7CMLZIB8L91K25"", ""delay_auto_settle"": ""1800"", ""merchant_name"": ""merchant_bmmgjx"", ""monto"": ""340.000 COP"", ""monto"": 340000, ""vtex_transaction_id"": ""QM7WXUJ3DI1VG81X7D7CMLZIB8L91K25}]""";03/07/2026 17:00;BANCO_A;"""[{""financial_entity"": ""ica"", ""amount"": ""-2582.4"", ""detail"": ""tax_withholding""}, {""financial_entity"": ""iva"", ""amount"": ""-3892.66"", ""detail"": ""tax_withholding""}, {""financial_entity"": ""iva"", ""amount"": ""-3472.28"", ""detail"": ""tax_withholding""}, {""marca"": ""CHEVIGNON""}]""";AUTORIZADO
TRX0034;"""[{account_name"": ""account_otawhdwn"", ""callback_url"": ""https://nexoflow.vtexpayments.com.br/api/pvt/payment-provider/transactions/ZZ5JPJV8QDF4NXZ43HODO3KJ6FRG0ZAS"", ""delay_auto_settle"": ""7200"", ""merchant_name"": ""merchant_ksgtij"", ""monto"": ""410.000 COP"", ""monto"": 410000, ""vtex_transaction_id"": ""ZZ5JPJV8QDF4NXZ43HODO3KJ6FRG0ZAS}]""";12/07/2026 2:00;BANCO_B;"[{""financial_entity"": ""fuente"", ""amount"": ""-3667.58"", ""detail"": ""tax_withholding""}, {""financial_entity"": ""cree"", ""amount"": ""-1738.65"", ""detail"": ""tax_withholding""}, {""marca"": ""AMERICAN EAGLE""}]";AUTORIZADO
TRX0035;"""[{account_name"": ""account_deqkssob"", ""callback_url"": ""https://transactionhub.vtexpayments.com.br/api/pvt/payment-provider/transactions/2GZA0AEQWOA65GWSVX7UR8YF77FFS3PZ"", ""delay_auto_settle"": ""1800"", ""merchant_name"": ""merchant_aaepel"", ""monto"": 250000, ""vtex_transaction_id"": ""2GZA0AEQWOA65GWSVX7UR8YF77FFS3PZ}]""";01/07/2026 10:00;BANCO_B;"[{financial_entityfinancial_entity"": ""iva"", ""amount"": ""-567.38"", ""detail"": ""tax_withholding""}, {""financial_entity"": ""fuente"", ""amount"": ""-4166.26"", ""detail"": ""tax_withholding""}, {""marca"": ""AMERICANINO""}]""";AUTORIZADO
TRX0036;"({account_name"": ""account_fzblaely"", ""callback_url"": ""https://quickpay.vtexpayments.com.br/api/pvt/payment-provider/transactions/F8YM6LU62KU5J5C29QVYL3M8IAYTB1YR"", ""delay_auto_settle"": ""3600"", ""merchant_name"": ""merchant_gdfybl"", ""monto"": ""$175.000,00"", ""vtex_transaction_id"": ""F8YM6LU62KU5J5C29QVYL3M8IAYTB1YR})""";07/07/2026 18:00;BANCO_C;"[{""financial_entity"": ""aumento"", ""amount"": ""-4161.29"", ""detail"": ""tax_withholding""}, {""financial_entity"": ""ica"", ""amount"": ""-4832.97"", ""detail"": ""tax_withholding""}, {""financial_entity"": ""cree"", ""amount"": ""-1938.98"", ""detail"": ""tax_withholding""}, {""marca"": ""NAF NAF""}]";AUTORIZADO
TRX0037;"""[{account_name"": ""account_uyhmignq"", ""callback_url"": ""https://nexoflow.vtexpayments.com.br/api/pvt/payment-provider/transactions/WVBTZ7U4RPHZXFKDRU6SRUQO41J2CDV6"", ""delay_auto_settle"": ""7200"", ""merchant_name"": ""merchant_ghljka"", ""monto"": ""$250.000,00"", ""vtex_transaction_id"": ""WVBTZ7U4RPHZXFKDRU6SRUQO41J2CDV6}]""";11/07/2026 15:00;BANCO_B;"[{financial_entityfinancial_entity"": ""fuente"", ""amount"": ""-716.49"", ""detail"": ""tax_withholding""}, {""financial_entity"": ""aumento"", ""amount"": ""-850.37"", ""detail"": ""tax_withholding""}, {""financial_entity"": ""fuente"", ""amount"": ""-1441.62"", ""detail"": ""tax_withholding""}, {""marca"": ""CHEVIGNON""}]""";AUTORIZADO
TRX0038;"[{account_name""account_gjniwqds"", ""callback_url"": ""https://nexoflow.vtexpayments.com.br/api/pvt/payment-provider/transactions/ILE7P6AV0OW05D5ED71CPDE5VPC61ZM7"", ""delay_auto_settle"": ""1800"", ""merchant_name"": ""merchant_ethksz"", ""monto"": 275000, ""vtex_transaction_id"": ""ILE7P6AV0OW05D5ED71CPDE5VPC61ZM7}]""";09/07/2026 1:00;BANCO_A;"[{financial_entityfinancial_entity"": ""cree"", ""amount"": ""-112.76"", ""detail"": ""tax_withholding""}, {""financial_entity"": ""fuente"", ""amount"": ""-321.23"", ""detail"": ""tax_withholding""}, {""financial_entity"": ""aumento"", ""amount"": ""-189.41"", ""detail"": ""tax_withholding""}, {""marca"": ""CHEVIGNON""}]""";AUTORIZADO
TRX0039;"[{account_name""account_krbfwjit"", ""callback_url"": ""https://nexoflow.vtexpayments.com.br/api/pvt/payment-provider/transactions/5D548VY391694WHUXI1OTUVP360QXYOY"", ""delay_auto_settle"": ""3600"", ""merchant_name"": ""merchant_frimla"", ""monto"": 180000, ""vtex_transaction_id"": ""5D548VY391694WHUXI1OTUVP360QXYOY}]""";29/07/2026 19:00;BANCO_A;"({""financial_entity"": ""iva"", ""amount"": ""-2646.99"", ""detail"": ""tax_withholding""}, {""financial_entity"": ""cree"", ""amount"": ""-2485.71"", ""detail"": ""tax_withholding""}, {""financial_entity"": ""fuente"", ""amount"": ""-2182.14"", ""detail"": ""tax_withholding""}, {""financial_entity"": ""iva"", ""amount"": ""-2458.55"", ""detail"": ""tax_withholding""}, {""marca"": ""AMERICANINO""})""";AUTORIZADO
TRX0040;"[{account_name""account_arglfncs"", ""callback_url"": ""https://transactionhub.vtexpayments.com.br/api/pvt/payment-provider/transactions/5JXQPXJBFG9M1HA6HZL6Z3PNH8QV9GIR"", ""delay_auto_settle"": ""3600"", ""merchant_name"": ""merchant_zztsjh"", ""monto"": 165000, ""vtex_transaction_id"": ""5JXQPXJBFG9M1HA6HZL6Z3PNH8QV9GIR}]""";08/07/2026 15:00;BANCO_A;"[{""financial_entity"": ""fuente"", ""amount"": ""-373.54"", ""detail"": ""tax_withholding""}, {""financial_entity"": ""ica"", ""amount"": ""-3667.93"", ""detail"": ""tax_withholding""}, {""financial_entity"": ""fuente"", ""amount"": ""-235.12"", ""detail"": ""tax_withholding""}, {""marca"": ""NAF NAF""}}]""""";AUTORIZADO
TRX0041;"[{account_name""account_uunryovl"", ""callback_url"": ""https://flowcash.vtexpayments.com.br/api/pvt/payment-provider/transactions/LT5RXLWC7U7Q1HE1N7SWSDS29U3PHQNK"", ""delay_auto_settle"": ""1800"", ""merchant_name"": ""merchant_ebnugv"", ""monto"": ""$195.000,00"", ""vtex_transaction_id"": ""LT5RXLWC7U7Q1HE1N7SWSDS29U3PHQNK}]""";11/07/2026 1:00;BANCO_C;"[{""financial_entity"": ""aumento"", ""amount"": ""-1709.23"", ""detail"": ""tax_withholding""}, {""financial_entity"": ""aumento"", ""amount"": ""-963.81"", ""detail"": ""tax_withholding""}, {""financial_entity"": ""aumento"", ""amount"": ""-3823.53"", ""detail"": ""tax_withholding""}, {""financial_entity"": ""aumento"", ""amount"": ""-1016.37"", ""detail"": ""tax_withholding""}, {""marca"": ""AMERICAN EAGLE""}]";AUTORIZADO
TRX0042;"({account_name"": ""account_pinhngoj"", ""callback_url"": ""https://payflow.vtexpayments.com.br/api/pvt/payment-provider/transactions/H9SWT2A0HSQZ7A6KQKYTOZGUTAOJQFTY"", ""delay_auto_settle"": ""3600"", ""merchant_name"": ""merchant_jkvmux"", ""monto"": 180000, ""vtex_transaction_id"": ""H9SWT2A0HSQZ7A6KQKYTOZGUTAOJQFTY})""";11/07/2026 10:00;BANCO_B;"[{""financial_entity"": ""aumento"", ""amount"": ""-1960.81"", ""detail"": ""tax_withholding""}, {""financial_entity"": ""cree"", ""amount"": ""-4849.29"", ""detail"": ""tax_withholding""}, {""financial_entity"": ""fuente"", ""amount"": ""-1658.52"", ""detail"": ""tax_withholding""}, {""marca"": ""RIFLE""}]";AUTORIZADO
TRX0043;"[{account_name"": ""account_kaxvhwhy"", ""callback_url"": ""https://quickpay.vtexpayments.com.br/api/pvt/payment-provider/transactions/XAGOZ8FBYVSMM75JD2UFDZH21LQ4PEAH"", ""delay_auto_settle"": ""7200"", ""merchant_name"": ""merchant_wfupqy"", ""monto"": 1480000, ""vtex_transaction_id"": ""XAGOZ8FBYVSMM75JD2UFDZH21LQ4PEAH""]";16/07/2026 21:00;BANCO_C;"({""financial_entity"": ""iva"", ""amount"": ""-3432.62"", ""detail"": ""tax_withholding""}, {""financial_entity"": ""cree"", ""amount"": ""-3204.61"", ""detail"": ""tax_withholding""}, {""financial_entity"": ""fuente"", ""amount"": ""-4849.95"", ""detail"": ""tax_withholding""}, {""financial_entity"": ""iva"", ""amount"": ""-1957.26"", ""detail"": ""tax_withholding""}, {""marca"": ""AMERICAN EAGLE""})""";AUTORIZADO
TRX0044;"[{account_name""account_bkjzoeoh"", ""callback_url"": ""https://flowcash.vtexpayments.com.br/api/pvt/payment-provider/transactions/XWHI0D0T6OHV49RKVQX7OQ5946HW6LRJ"", ""delay_auto_settle"": ""1800"", ""merchant_name"": ""merchant_pcszpm"", ""monto"": 195000, ""vtex_transaction_id"": ""XWHI0D0T6OHV49RKVQX7OQ5946HW6LRJ}]""";10/07/2026 7:00;BANCO_C;"[{""financial_entity"": ""iva"", ""amount"": ""-784.39"", ""detail"": ""tax_withholding""}, {""financial_entity"": ""aumento"", ""amount"": ""-4990.9"", ""detail"": ""tax_withholding""}, {""marca"": ""AMERICAN EAGLE""}]";AUTORIZADO
TRX0045;"[{account_name""account_spirueyr"", ""callback_url"": ""https://flowcash.vtexpayments.com.br/api/pvt/payment-provider/transactions/TYQCSJVA8BG1WNMZ2Q07GRS5T40HZ52N"", ""delay_auto_settle"": ""7200"", ""merchant_name"": ""merchant_pxsnnc"", ""monto\"": 180000, ""vtex_transaction_id"": ""TYQCSJVA8BG1WNMZ2Q07GRS5T40HZ52N}]""";19/07/2026 1:00;BANCO_C;"({""financial_entity"": ""aumento"", ""amount"": ""-1786.32"", ""detail"": ""tax_withholding""}, {""financial_entity"": ""iva"", ""amount"": ""-4961.28"", ""detail"": ""tax_withholding""}, {""financial_entity"": ""fuente"", ""amount"": ""-2687.51"", ""detail"": ""tax_withholding""}, {""financial_entity"": ""iva"", ""amount"": ""-2146.9"", ""detail"": ""tax_withholding""}, {""marca\"": ""AMERICAN EAGLE""})""";AUTORIZADO
TRX0046;"[{account_name"": ""account_efqcshsb"", ""callback_url"": ""https://flowcash.vtexpayments.com.br/api/pvt/payment-provider/transactions/OIREMEH4IHZBDAC9IUFZ2MLJ3J45MROM"", ""delay_auto_settle"": ""1800"", ""merchant_name"": ""merchant_dzgrik"", ""monto"": 188000, ""vtex_transaction_id"": ""OIREMEH4IHZBDAC9IUFZ2MLJ3J45MROM""}]""""";04/07/2026 22:00;BANCO_A;"""[{""financial_entity"": ""cree"", ""amount"": ""-1769.38"", ""detail"": ""tax_withholding""}, {""financial_entity"": ""ica"", ""amount"": ""-1493.26"", ""detail"": ""tax_withholding""}, {""marca"": ""RIFLE""}]""";AUTORIZADO
TRX0047;"[{account_name"": ""account_yqxnpkxj"", ""callback_url"": ""https://transitpay.vtexpayments.com.br/api/pvt/payment-provider/transactions/NSN0OGIUH2LDAAH75XY7LNMAVCHOPV3K"", ""delay_auto_settle"": ""3600"", ""merchant_name"": ""merchant_bsmtni"", ""monto"": ""260.000 COP"", ""monto"": 260000, ""vtex_transaction_id"": ""NSN0OGIUH2LDAAH75XY7LNMAVCHOPV3K""}]""""";07/07/2026 5:00;BANCO_C;"{{""financial_entity"": ""fuente"", ""amount"": ""-3421.67"", ""detail"": ""tax_withholding""}, {""financial_entity"": ""iva"", ""amount"": ""-2801.18"", ""detail"": ""tax_withholding""}, {""financial_entity"": ""cree"", ""amount"": ""-3718.4"", ""detail"": ""tax_withholding""}, {""marca"": ""AMERICANINO""}]""";AUTORIZADO
TRX0048;"[{account_name""account_tnibfbkf"", ""callback_url"": ""https://quickpay.vtexpayments.com.br/api/pvt/payment-provider/transactions/MWWA0TWFAZ35E55L4GKI0VA8IPTZ5GDV"", ""delay_auto_settle"": ""7200"", ""merchant_name"": ""merchant_qnkgkp"", ""monto\"": 225000, ""vtex_transaction_id"": ""MWWA0TWFAZ35E55L4GKI0VA8IPTZ5GDV}]""";26/07/2026 7:00;BANCO_B;"{{""financial_entity"": ""ica"", ""amount"": ""-1309.8"", ""detail"": ""tax_withholding""}, {""financial_entity"": ""fuente"", ""amount"": ""-2731.74"", ""detail"": ""tax_withholding""}, {""financial_entity"": ""fuente"", ""amount"": ""-1989.63"", ""detail"": ""tax_withholding""}, {""marca\"": ""RIFLE""}]""";AUTORIZADO
TRX0049;"{""account_name"": ""account_mlibykut"", ""callback_url"": ""https://quickpay.vtexpayments.com.br/api/pvt/payment-provider/transactions/2Q9YMH2TA1FTFD20HME5UJ0QGQ3X6QLA"", ""delay_auto_settle"": ""3600"", ""merchant_name"": ""merchant_txlzsq"", ""monto"": 125000, ""vtex_transaction_id"": ""2Q9YMH2TA1FTFD20HME5UJ0QGQ3X6QLA}]""";01/07/2026 7:00;BANCO_A;"[{""financial_entity"": ""cree"", ""amount"": ""-457.32"", ""detail"": ""tax_withholding""}, {""financial_entity"": ""fuente"", ""amount"": ""-3438.72"", ""detail"": ""tax_withholding""}, {""marca"": ""AMERICAN EAGLE""}}]""""";AUTORIZADO
TRX0050;"{""account_name"": ""account_sjytfmyo"", ""callback_url"": ""https://transactionhub.vtexpayments.com.br/api/pvt/payment-provider/transactions/J7SX8627Z5O4MUA2WNUIYCDDQWKNOIP0"", ""delay_auto_settle"": ""7200"", ""merchant_name"": ""merchant_cdjhwg"", ""monto\"": 410000, ""vtex_transaction_id"": ""J7SX8627Z5O4MUA2WNUIYCDDQWKNOIP0}]""";24/07/2026 0:00;BANCO_B;"{{""financial_entity"": ""cree"", ""amount"": ""-1103.54"", ""detail"": ""tax_withholding""}, {""financial_entity"": ""ica"", ""amount"": ""-4575.48"", ""detail"": ""tax_withholding""}, {""financial_entity"": ""iva"", ""amount"": ""-3088.83"", ""detail"": ""tax_withholding""}, {""marca\"": ""AMERICANINO""}]""";AUTORIZADO
TRX0051;"[{account_name"": ""account_yoptbcap"", ""callback_url"": ""https://quickpay.vtexpayments.com.br/api/pvt/payment-provider/transactions/U5DQW1QA4KAQYE5BLMOQ1SVM73GJM3QD"", ""delay_auto_settle"": ""7200"", ""merchant_name"": ""merchant_jwsvpu"", ""monto"": 240000, ""vtex_transaction_id"": ""U5DQW1QA4KAQYE5BLMOQ1SVM73GJM3QD""]";12/07/2026 2:00;BANCO_C;"[{""financial_entity"": ""fuente"", ""amount"": ""-3183.64"", ""detail"": ""tax_withholding""}, {""financial_entity"": ""aumento"", ""amount"": ""-2935.2"", ""detail"": ""tax_withholding""}, {""financial_entity"": ""aumento"", ""amount"": ""-1689.78"", ""detail"": ""tax_withholding""}, {""financial_entity"": ""aumento"", ""amount"": ""-3871.02"", ""detail"": ""tax_withholding""}, {""marca"": ""AMERICANINO""}}]""""";AUTORIZADO
TRX0052;"[{account_name"": ""account_irlzgshz"", ""callback_url"": ""https://nexoflow.vtexpayments.com.br/api/pvt/payment-provider/transactions/TM7DO3IMNY4L5NBLFSRP9Y8K8KK6MWMA"", ""delay_auto_settle"": ""7200"", ""merchant_name"": ""merchant_yhfgnz"", ""monto"": ""$240.000,00"", ""vtex_transaction_id"": ""TM7DO3IMNY4L5NBLFSRP9Y8K8KK6MWMA""}]""""";21/07/2026 18:00;BANCO_A;"{{""financial_entity"": ""iva"", ""amount"": ""-4701.22"", ""detail"": ""tax_withholding""}, {""financial_entity"": ""ica"", ""amount"": ""-4031.96"", ""detail"": ""tax_withholding""}, {""financial_entity"": ""aumento"", ""amount"": ""-3146.82"", ""detail"": ""tax_withholding""}, {""marca"": ""NAF NAF""}]""";AUTORIZADO
TRX0053;"""[{account_name"": ""account_pcweultq"", ""callback_url"": ""https://transactionhub.vtexpayments.com.br/api/pvt/payment-provider/transactions/3XTR18419J1B7FX5B4LTUVH6MMUQHZJY"", ""delay_auto_settle"": ""7200"", ""merchant_name"": ""merchant_ywarqp"", ""monto\"": 180000, ""vtex_transaction_id"": ""3XTR18419J1B7FX5B4LTUVH6MMUQHZJY}]""";18/07/2026 17:00;BANCO_A;"[{""financial_entity"": ""ica"", ""amount"": ""-1996.34"", ""detail"": ""tax_withholding""}, {""financial_entity"": ""fuente"", ""amount"": ""-3854.31"", ""detail"": ""tax_withholding""}, {""financial_entity"": ""cree"", ""amount"": ""-1378.6"", ""detail"": ""tax_withholding""}, {""financial_entity"": ""iva"", ""amount"": ""-2141.16"", ""detail"": ""tax_withholding""}, {""marca\"": ""AMERICAN EAGLE""}}]""""";AUTORIZADO
TRX0054;"""[{account_name"": ""account_hdlwekmv"", ""callback_url"": ""https://nexoflow.vtexpayments.com.br/api/pvt/payment-provider/transactions/S2CE0IDY919THVH8Y180B58LXVZYTJLG"", ""delay_auto_settle"": ""1800"", ""merchant_name"": ""merchant_wxgrsx"", ""monto"": 210000, ""vtex_transaction_id"": ""S2CE0IDY919THVH8Y180B58LXVZYTJLG}]""";21/07/2026 23:00;BANCO_B;"[{""financial_entity"": ""aumento"", ""amount"": ""-4663.71"", ""detail"": ""tax_withholding""}, {""financial_entity"": ""cree"", ""amount"": ""-4043.52"", ""detail"": ""tax_withholding""}, {""marca"": ""AMERICANINO""}}]""""";AUTORIZADO
TRX0055;"{""account_name"": ""account_wgjowneh"", ""callback_url"": ""https://quickpay.vtexpayments.com.br/api/pvt/payment-provider/transactions/BH3GKXK7AJN7B8QKZPF236LLYPRGQRYN"", ""delay_auto_settle"": ""1800"", ""merchant_name"": ""merchant_gocisl"", ""monto"": 195000, ""vtex_transaction_id"": ""BH3GKXK7AJN7B8QKZPF236LLYPRGQRYN}]""";24/07/2026 10:00;BANCO_A;"""[{""financial_entity"": ""ica"", ""amount"": ""-4483.17"", ""detail"": ""tax_withholding""}, {""financial_entity"": ""aumento"", ""amount"": ""-4884.46"", ""detail"": ""tax_withholding""}, {""marca"": ""RIFLE""}]""";AUTORIZADO
TRX0056;"[{account_name"": ""account_evjpgema"", ""callback_url"": ""https://transactionhub.vtexpayments.com.br/api/pvt/payment-provider/transactions/EKQ1O5D29PZ62GK5XJYXODATGBJ6N0EA"", ""delay_auto_settle"": ""1800"", ""merchant_name"": ""merchant_frpeat"", ""monto"": 198000, ""vtex_transaction_id"": ""EKQ1O5D29PZ62GK5XJYXODATGBJ6N0EA""}]""""";06/07/2026 15:00;BANCO_B;"[{financial_entityfinancial_entity"": ""ica"", ""amount"": ""-518.85"", ""detail"": ""tax_withholding""}, {""financial_entity"": ""aumento"", ""amount"": ""-1001.87"", ""detail"": ""tax_withholding""}, {""financial_entity"": ""aumento"", ""amount"": ""-2560.67"", ""detail"": ""tax_withholding""}, {""financial_entity"": ""aumento"", ""amount"": ""-2250.53"", ""detail"": ""tax_withholding""}, {""marca"": ""RIFLE""}]""";AUTORIZADO
TRX0057;"{""account_name"": ""account_fgitybgu"", ""callback_url"": ""https://flowcash.vtexpayments.com.br/api/pvt/payment-provider/transactions/3ER1YP39G4ODGK89CXFYGBR9RVOG58ZT"", ""delay_auto_settle"": ""1800"", ""merchant_name"": ""merchant_wxrhiw"", ""monto"": ""145.000 COP"", ""monto"": 145000, ""vtex_transaction_id"": ""3ER1YP39G4ODGK89CXFYGBR9RVOG58ZT}]""";10/07/2026 17:00;BANCO_A;"[{""financial_entity"": ""fuente"", ""amount"": ""-147.08"", ""detail"": ""tax_withholding""}, {""financial_entity"": ""aumento"", ""amount"": ""-3591.17"", ""detail"": ""tax_withholding""}, {""marca"": ""AMERICANINO""}}]""""";AUTORIZADO
TRX0058;"{""account_name"": ""account_xkupqoix"", ""callback_url"": ""https://payflow.vtexpayments.com.br/api/pvt/payment-provider/transactions/8HNFY12ZYGRYJEAKSPLSOY90STOYGAQ1"", ""delay_auto_settle"": ""1800"", ""merchant_name"": ""merchant_dmpynj"", ""monto\"": 95000, ""vtex_transaction_id"": ""8HNFY12ZYGRYJEAKSPLSOY90STOYGAQ1}]""";27/07/2026 0:00;BANCO_C;"[{""financial_entity"": ""aumento"", ""amount"": ""-3262.25"", ""detail"": ""tax_withholding""}, {""financial_entity"": ""aumento"", ""amount"": ""-445.02"", ""detail"": ""tax_withholding""}, {""financial_entity"": ""iva"", ""amount"": ""-893.82"", ""detail"": ""tax_withholding""}, {""financial_entity"": ""cree"", ""amount"": ""-1058.13"", ""detail"": ""tax_withholding""}, {""marca\"": ""CHEVIGNON""}}]""""";AUTORIZADO
TRX0059;"{""account_name"": ""account_qywwqpaa"", ""callback_url"": ""https://transitpay.vtexpayments.com.br/api/pvt/payment-provider/transactions/YWBF23WZH2X4VC9B5NGK4VSI7RSUVT8R"", ""delay_auto_settle"": ""3600"", ""merchant_name"": ""merchant_hrmnos"", ""monto"": ""165.000 COP"", ""monto"": 165000, ""vtex_transaction_id"": ""YWBF23WZH2X4VC9B5NGK4VSI7RSUVT8R}]""";06/07/2026 17:00;BANCO_C;"[{""financial_entity"": ""cree"", ""amount"": ""-1291.85"", ""detail"": ""tax_withholding""}, {""financial_entity"": ""iva"", ""amount"": ""-4943.42"", ""detail"": ""tax_withholding""}, {""financial_entity"": ""iva"", ""amount"": ""-4582.38"", ""detail"": ""tax_withholding""}, {""financial_entity"": ""iva"", ""amount"": ""-3492.91"", ""detail"": ""tax_withholding""}, {""marca"": ""NAF NAF""}}]""""";AUTORIZADO
TRX0060;"[{account_name""account_yccwbymd"", ""callback_url"": ""https://payflow.vtexpayments.com.br/api/pvt/payment-provider/transactions/OKS7I6JBV95X4WE1CX5KLWXRY06MXA64"", ""delay_auto_settle"": ""3600"", ""merchant_name"": ""merchant_wsuknp"", ""monto"": 410000, ""vtex_transaction_id"": ""OKS7I6JBV95X4WE1CX5KLWXRY06MXA64}]""";13/07/2026 12:00;BANCO_C;"{{""financial_entity"": ""ica"", ""amount"": ""-327.11"", ""detail"": ""tax_withholding""}, {""financial_entity"": ""fuente"", ""amount"": ""-4311.74"", ""detail"": ""tax_withholding""}, {""financial_entity"": ""fuente"", ""amount"": ""-2826.85"", ""detail"": ""tax_withholding""}, {""financial_entity"": ""aumento"", ""amount"": ""-826.55"", ""detail"": ""tax_withholding""}, {""marca"": ""AMERICAN EAGLE""}]""";AUTORIZADO
TRX0061;"[{account_name"": ""account_iihmxtvb"", ""callback_url"": ""https://transactionhub.vtexpayments.com.br/api/pvt/payment-provider/transactions/BDV0Q2MAX30IZJZS8L3Y8FNGRAT69R5O"", ""delay_auto_settle"": ""7200"", ""merchant_name"": ""merchant_krncot"", ""monto"": 180000, ""vtex_transaction_id"": ""BDV0Q2MAX30IZJZS8L3Y8FNGRAT69R5O""]";16/07/2026 6:00;BANCO_A;"""[{""financial_entity"": ""aumento"", ""amount"": ""-3712.12"", ""detail"": ""tax_withholding""}, {""financial_entity"": ""fuente"", ""amount"": ""-3428.77"", ""detail"": ""tax_withholding""}, {""financial_entity"": ""cree"", ""amount"": ""-3502.91"", ""detail"": ""tax_withholding""}, {""marca"": ""AMERICANINO""}]""";AUTORIZADO
TRX0062;"[{account_name"": ""account_cfeqswrb"", ""callback_url"": ""https://quickpay.vtexpayments.com.br/api/pvt/payment-provider/transactions/CEMB2JS53D6NAAWZIDJ8XJN2CPOL0DNM"", ""delay_auto_settle"": ""1800"", ""merchant_name"": ""merchant_cmjqgt"", ""monto"": 150000, ""vtex_transaction_id"": ""CEMB2JS53D6NAAWZIDJ8XJN2CPOL0DNM""]";15/07/2026 6:00;BANCO_B;"({""financial_entity"": ""ica"", ""amount"": ""-890.35"", ""detail"": ""tax_withholding""}, {""financial_entity"": ""cree"", ""amount"": ""-3531.2"", ""detail"": ""tax_withholding""}, {""marca"": ""AMERICANINO""})""";AUTORIZADO
TRX0063;"""[{account_name"": ""account_eysmjjti"", ""callback_url"": ""https://flowcash.vtexpayments.com.br/api/pvt/payment-provider/transactions/GZ20UNA143S6URZ2MS5TN3ZIXKAOI1RQ"", ""delay_auto_settle"": ""7200"", ""merchant_name"": ""merchant_wymoao"", ""monto"": 155000, ""vtex_transaction_id"": ""GZ20UNA143S6URZ2MS5TN3ZIXKAOI1RQ}]""";28/07/2026 4:00;BANCO_C;"[{financial_entityfinancial_entity"": ""cree"", ""amount"": ""-659.38"", ""detail"": ""tax_withholding""}, {""financial_entity"": ""ica"", ""amount"": ""-1220.75"", ""detail"": ""tax_withholding""}, {""financial_entity"": ""aumento"", ""amount"": ""-3143.14"", ""detail"": ""tax_withholding""}, {""marca"": ""RIFLE""}]""";AUTORIZADO
TRX0064;"{""account_name"": ""account_vtfyzurg"", ""callback_url"": ""https://flowcash.vtexpayments.com.br/api/pvt/payment-provider/transactions/6Q9QCGNUT9R57FRT12GLL7P9OPGSSZTY"", ""delay_auto_settle"": ""7200"", ""merchant_name"": ""merchant_hvdpmf"", ""monto"": ""$125.000,00"", ""vtex_transaction_id"": ""6Q9QCGNUT9R57FRT12GLL7P9OPGSSZTY}]""";11/07/2026 11:00;BANCO_B;"[{financial_entityfinancial_entity"": ""cree"", ""amount"": ""-4038.15"", ""detail"": ""tax_withholding""}, {""financial_entity"": ""fuente"", ""amount"": ""-1783.58"", ""detail"": ""tax_withholding""}, {""financial_entity"": ""cree"", ""amount"": ""-4528.21"", ""detail"": ""tax_withholding""}, {""marca"": ""AMERICANINO""}]""";AUTORIZADO
TRX0065;"[{account_name""account_ayfswrmi"", ""callback_url"": ""https://payflow.vtexpayments.com.br/api/pvt/payment-provider/transactions/A2OYEYPQOMIN9J84BWJPSI6UCKUFADP9"", ""delay_auto_settle"": ""3600"", ""merchant_name"": ""merchant_ijmjft"", ""monto"": 155000, ""vtex_transaction_id"": ""A2OYEYPQOMIN9J84BWJPSI6UCKUFADP9}]""";22/07/2026 22:00;BANCO_C;"""[{""financial_entity"": ""cree"", ""amount"": ""-3089.0"", ""detail"": ""tax_withholding""}, {""financial_entity"": ""cree"", ""amount"": ""-862.1"", ""detail"": ""tax_withholding""}, {""financial_entity"": ""fuente"", ""amount"": ""-2826.78"", ""detail"": ""tax_withholding""}, {""marca"": ""NAF NAF""}]""";AUTORIZADO
TRX0066;"[{account_name"": ""account_uwpgbctt"", ""callback_url"": ""https://transitpay.vtexpayments.com.br/api/pvt/payment-provider/transactions/DNXGM5G99FPOCC3GKLJPD1MLU4ZGFCHZ"", ""delay_auto_settle"": ""7200"", ""merchant_name"": ""merchant_gpcara"", ""monto"": 145000, ""vtex_transaction_id"": ""DNXGM5G99FPOCC3GKLJPD1MLU4ZGFCHZ""}]""""";06/07/2026 3:00;BANCO_A;"[{""financial_entity"": ""aumento"", ""amount"": ""-2745.5"", ""detail"": ""tax_withholding""}, {""financial_entity"": ""ica"", ""amount"": ""-3296.4"", ""detail"": ""tax_withholding""}, {""marca"": ""CHEVIGNON""}}]""""";AUTORIZADO
TRX0067;"({account_name"": ""account_onprxczw"", ""callback_url"": ""https://flowcash.vtexpayments.com.br/api/pvt/payment-provider/transactions/XEZQPIEGVJ8IMOMOZADQDGU8N1E05C0A"", ""delay_auto_settle"": ""3600"", ""merchant_name"": ""merchant_yxxnmz"", ""monto"": 310000, ""vtex_transaction_id"": ""XEZQPIEGVJ8IMOMOZADQDGU8N1E05C0A})""";22/07/2026 18:00;BANCO_C;"[{""financial_entity"": ""ica"", ""amount"": ""-411.42"", ""detail"": ""tax_withholding""}, {""financial_entity"": ""fuente"", ""amount"": ""-2612.48"", ""detail"": ""tax_withholding""}, {""marca"": ""CHEVIGNON""}}]""""";AUTORIZADO
TRX0068;"[{account_name"": ""account_ppbqayod"", ""callback_url"": ""https://flowcash.vtexpayments.com.br/api/pvt/payment-provider/transactions/7V2QDD6DJ99K3VL401205K32P3QFF22U"", ""delay_auto_settle"": ""7200"", ""merchant_name"": ""merchant_drllpe"", ""monto"": 175000, ""vtex_transaction_id"": ""7V2QDD6DJ99K3VL401205K32P3QFF22U""]";06/07/2026 7:00;BANCO_A;"""[{""financial_entity"": ""iva"", ""amount"": ""-2563.26"", ""detail"": ""tax_withholding""}, {""financial_entity"": ""aumento"", ""amount"": ""-1098.37"", ""detail"": ""tax_withholding""}, {""financial_entity"": ""ica"", ""amount"": ""-203.45"", ""detail"": ""tax_withholding""}, {""financial_entity"": ""aumento"", ""amount"": ""-700.37"", ""detail"": ""tax_withholding""}, {""marca"": ""AMERICAN EAGLE""}]""";AUTORIZADO
TRX0069;"[{account_name"": ""account_wlgwszjp"", ""callback_url"": ""https://transactionhub.vtexpayments.com.br/api/pvt/payment-provider/transactions/EFLJC9Z5NCACVB7WXRBWTGMEZDN769WO"", ""delay_auto_settle"": ""3600"", ""merchant_name"": ""merchant_lcdsrr"", ""monto"": 155000, ""vtex_transaction_id"": ""EFLJC9Z5NCACVB7WXRBWTGMEZDN769WO""}]""""";19/07/2026 12:00;BANCO_C;"""[{""financial_entity"": ""ica"", ""amount"": ""-855.65"", ""detail"": ""tax_withholding""}, {""financial_entity"": ""fuente"", ""amount"": ""-2687.2"", ""detail"": ""tax_withholding""}, {""financial_entity"": ""aumento"", ""amount"": ""-562.3"", ""detail"": ""tax_withholding""}, {""financial_entity"": ""cree"", ""amount"": ""-2327.01"", ""detail"": ""tax_withholding""}, {""marca"": ""AMERICAN EAGLE""}]""";AUTORIZADO
TRX0070;"""[{account_name"": ""account_yykmtbme"", ""callback_url"": ""https://payflow.vtexpayments.com.br/api/pvt/payment-provider/transactions/JZHM75D9JVHWN1SRU1NKY2BNL1KMNLT2"", ""delay_auto_settle"": ""7200"", ""merchant_name"": ""merchant_hidmzb"", ""monto"": 350000, ""vtex_transaction_id"": ""JZHM75D9JVHWN1SRU1NKY2BNL1KMNLT2}]""";07/07/2026 1:00;BANCO_A;"({""financial_entity"": ""ica"", ""amount"": ""-1842.21"", ""detail"": ""tax_withholding""}, {""financial_entity"": ""cree"", ""amount"": ""-4235.69"", ""detail"": ""tax_withholding""}, {""marca"": ""NAF NAF""})""";AUTORIZADO
TRX0071;"[{account_name"": ""account_katdhjst"", ""callback_url"": ""https://flowcash.vtexpayments.com.br/api/pvt/payment-provider/transactions/K67GWNFFYT3C0BKNMCE16HE5IOO433DW"", ""delay_auto_settle"": ""3600"", ""merchant_name"": ""merchant_vtudai"", ""monto"": ""350.000 COP"", ""monto"": 350000, ""vtex_transaction_id"": ""K67GWNFFYT3C0BKNMCE16HE5IOO433DW""}]""""";08/07/2026 1:00;BANCO_A;"[{""financial_entity"": ""ica"", ""amount"": ""-3444.43"", ""detail"": ""tax_withholding""}, {""financial_entity"": ""cree"", ""amount"": ""-526.51"", ""detail"": ""tax_withholding""}, {""financial_entity"": ""iva"", ""amount"": ""-3317.32"", ""detail"": ""tax_withholding""}, {""marca"": ""CHEVIGNON""}}]""""";AUTORIZADO
TRX0072;"""[{account_name"": ""account_ikjvrfvo"", ""callback_url"": ""https://transitpay.vtexpayments.com.br/api/pvt/payment-provider/transactions/5H9PEW8ZC1PVU0P4ADCCYKEJL1ZTDT5V"", ""delay_auto_settle"": ""7200"", ""merchant_name"": ""merchant_nhgpff"", ""monto\"": 350000, ""vtex_transaction_id"": ""5H9PEW8ZC1PVU0P4ADCCYKEJL1ZTDT5V}]""";01/07/2026 19:00;BANCO_C;"[{""financial_entity"": ""aumento"", ""amount"": ""-3257.17"", ""detail"": ""tax_withholding""}, {""financial_entity"": ""fuente"", ""amount"": ""-4789.52"", ""detail"": ""tax_withholding""}, {""financial_entity"": ""aumento"", ""amount"": ""-1521.06"", ""detail"": ""tax_withholding""}, {""marca\"": ""NAF NAF""}}]""""";AUTORIZADO
TRX0073;"[{account_name"": ""account_mkevkkrd"", ""callback_url"": ""https://nexoflow.vtexpayments.com.br/api/pvt/payment-provider/transactions/X5APKXI4590OR1BF0EIF5BK5RX75UY7S"", ""delay_auto_settle"": ""3600"", ""merchant_name"": ""merchant_bsombk"", ""monto"": 155000, ""vtex_transaction_id"": ""X5APKXI4590OR1BF0EIF5BK5RX75UY7S""]";05/07/2026 3:00;BANCO_A;"[{""financial_entity"": ""ica"", ""amount"": ""-3441.11"", ""detail"": ""tax_withholding""}, {""financial_entity"": ""cree"", ""amount"": ""-2718.47"", ""detail"": ""tax_withholding""}, {""marca"": ""RIFLE""}]";AUTORIZADO
TRX0074;"[{account_name""account_sscvditc"", ""callback_url"": ""https://quickpay.vtexpayments.com.br/api/pvt/payment-provider/transactions/G1QV5VHOUB2ZXMXUF1SY33TZPNQAUN8R"", ""delay_auto_settle"": ""1800"", ""merchant_name"": ""merchant_jigkfs"", ""monto"": ""225.000 COP"", ""monto"": 225000, ""vtex_transaction_id"": ""G1QV5VHOUB2ZXMXUF1SY33TZPNQAUN8R}]""";04/07/2026 16:00;BANCO_A;"""[{""financial_entity"": ""iva"", ""amount"": ""-3663.74"", ""detail"": ""tax_withholding""}, {""financial_entity"": ""ica"", ""amount"": ""-4338.37"", ""detail"": ""tax_withholding""}, {""marca"": ""AMERICAN EAGLE""}]""";AUTORIZADO
TRX0075;"({account_name"": ""account_prkbocai"", ""callback_url"": ""https://payflow.vtexpayments.com.br/api/pvt/payment-provider/transactions/M79ZDKDLXTIZPNH457JY9SKHAY6NMVM0"", ""delay_auto_settle"": ""1800"", ""merchant_name"": ""merchant_dizpub"", ""monto"": 180000, ""vtex_transaction_id"": ""M79ZDKDLXTIZPNH457JY9SKHAY6NMVM0})""";12/07/2026 14:00;BANCO_C;"""[{""financial_entity"": ""cree"", ""amount"": ""-2957.17"", ""detail"": ""tax_withholding""}, {""financial_entity"": ""iva"", ""amount"": ""-3299.94"", ""detail"": ""tax_withholding""}, {""financial_entity"": ""cree"", ""amount"": ""-3514.65"", ""detail"": ""tax_withholding""}, {""financial_entity"": ""cree"", ""amount"": ""-1842.39"", ""detail"": ""tax_withholding""}, {""marca"": ""RIFLE""}]""";AUTORIZADO
TRX0076;"[{account_name"": ""account_ysokwdvv"", ""callback_url"": ""https://payflow.vtexpayments.com.br/api/pvt/payment-provider/transactions/Z0TRPBOFVDUVGEIBM233P9WQ8PME5AJG"", ""delay_auto_settle"": ""7200"", ""merchant_name"": ""merchant_arrecu"", ""monto"": 145000, ""vtex_transaction_id"": ""Z0TRPBOFVDUVGEIBM233P9WQ8PME5AJG""}]""""";08/07/2026 1:00;BANCO_B;"[{""financial_entity"": ""ica"", ""amount"": ""-3065.92"", ""detail"": ""tax_withholding""}, {""financial_entity"": ""cree"", ""amount"": ""-2739.85"", ""detail"": ""tax_withholding""}, {""financial_entity"": ""ica"", ""amount"": ""-920.29"", ""detail"": ""tax_withholding""}, {""marca"": ""RIFLE""}]";AUTORIZADO
TRX0077;"({account_name"": ""account_mdthpwum"", ""callback_url"": ""https://transitpay.vtexpayments.com.br/api/pvt/payment-provider/transactions/O7JZGQ78BH3S0DXYP1MLO3NLHMDI6EBE"", ""delay_auto_settle"": ""3600"", ""merchant_name"": ""merchant_wtifdt"", ""monto"": 195000, ""vtex_transaction_id"": ""O7JZGQ78BH3S0DXYP1MLO3NLHMDI6EBE})""";26/07/2026 2:00;BANCO_A;"{{""financial_entity"": ""ica"", ""amount"": ""-481.32"", ""detail"": ""tax_withholding""}, {""financial_entity"": ""aumento"", ""amount"": ""-4115.91"", ""detail"": ""tax_withholding""}, {""financial_entity"": ""aumento"", ""amount"": ""-220.88"", ""detail"": ""tax_withholding""}, {""financial_entity"": ""aumento"", ""amount"": ""-2955.62"", ""detail"": ""tax_withholding""}, {""marca"": ""RIFLE""}]""";AUTORIZADO
TRX0078;"[{account_name""account_rekelinp"", ""callback_url"": ""https://nexoflow.vtexpayments.com.br/api/pvt/payment-provider/transactions/EZD2XUOS2H1VB9F5NRSX1MWCG0E38SAA"", ""delay_auto_settle"": ""1800"", ""merchant_name"": ""merchant_lptonl"", ""monto"": 275000, ""vtex_transaction_id"": ""EZD2XUOS2H1VB9F5NRSX1MWCG0E38SAA}]""";11/07/2026 6:00;BANCO_C;"[{financial_entityfinancial_entity"": ""fuente"", ""amount"": ""-2376.89"", ""detail"": ""tax_withholding""}, {""financial_entity"": ""fuente"", ""amount"": ""-2648.5"", ""detail"": ""tax_withholding""}, {""marca"": ""AMERICANINO""}]""";AUTORIZADO
TRX0079;"[{account_name""account_kxnbgevj"", ""callback_url"": ""https://payflow.vtexpayments.com.br/api/pvt/payment-provider/transactions/Y2F2Y8ZG2IHQ8ST1JMURPOTMLOIOSTE5"", ""delay_auto_settle"": ""3600"", ""merchant_name"": ""merchant_sujceb"", ""monto"": ""125.000 COP"", ""monto"": 125000, ""vtex_transaction_id"": ""Y2F2Y8ZG2IHQ8ST1JMURPOTMLOIOSTE5}]""";17/07/2026 14:00;BANCO_C;"{{""financial_entity"": ""iva"", ""amount"": ""-4267.85"", ""detail"": ""tax_withholding""}, {""financial_entity"": ""iva"", ""amount"": ""-1298.41"", ""detail"": ""tax_withholding""}, {""marca"": ""NAF NAF""}]""";AUTORIZADO
TRX0080;"{""account_name"": ""account_wxbdcqbc"", ""callback_url"": ""https://transitpay.vtexpayments.com.br/api/pvt/payment-provider/transactions/TP9E0WYTT9T7VORBEIQRFQH702KML0EW"", ""delay_auto_settle"": ""7200"", ""merchant_name"": ""merchant_ziyiqo"", ""monto\"": 350000, ""vtex_transaction_id"": ""TP9E0WYTT9T7VORBEIQRFQH702KML0EW}]""";23/07/2026 11:00;BANCO_B;"({""financial_entity"": ""cree"", ""amount"": ""-4241.03"", ""detail"": ""tax_withholding""}, {""financial_entity"": ""iva"", ""amount"": ""-4223.63"", ""detail"": ""tax_withholding""}, {""marca\"": ""CHEVIGNON""})""";AUTORIZADO
TRX0081;"[{account_name"": ""account_jelxzzax"", ""callback_url"": ""https://quickpay.vtexpayments.com.br/api/pvt/payment-provider/transactions/T3YHQTC54K1YH9AJZ49XYPCX4Y7XCRBH"", ""delay_auto_settle"": ""7200"", ""merchant_name"": ""merchant_tnulqu"", ""monto"": ""175.000 COP"", ""monto"": 175000, ""vtex_transaction_id"": ""T3YHQTC54K1YH9AJZ49XYPCX4Y7XCRBH""}]""""";21/07/2026 7:00;BANCO_C;"[{financial_entityfinancial_entity"": ""ica"", ""amount"": ""-373.8"", ""detail"": ""tax_withholding""}, {""financial_entity"": ""fuente"", ""amount"": ""-321.06"", ""detail"": ""tax_withholding""}, {""financial_entity"": ""cree"", ""amount"": ""-261.81"", ""detail"": ""tax_withholding""}, {""financial_entity"": ""iva"", ""amount"": ""-4322.02"", ""detail"": ""tax_withholding""}, {""marca"": ""CHEVIGNON""}]""";AUTORIZADO
TRX0082;"{""account_name"": ""account_yoshffjd"", ""callback_url"": ""https://nexoflow.vtexpayments.com.br/api/pvt/payment-provider/transactions/IR4UZI10LYBW3G5LMHST0ARUVEGZF5V8"", ""delay_auto_settle"": ""1800"", ""merchant_name"": ""merchant_jgvobz"", ""monto\"": 95000, ""vtex_transaction_id"": ""IR4UZI10LYBW3G5LMHST0ARUVEGZF5V8}]""";20/07/2026 1:00;BANCO_A;"[{""financial_entity"": ""cree"", ""amount"": ""-2133.46"", ""detail"": ""tax_withholding""}, {""financial_entity"": ""fuente"", ""amount"": ""-4954.42"", ""detail"": ""tax_withholding""}, {""marca\"": ""AMERICANINO""}}]""""";AUTORIZADO
TRX0083;"""[{account_name"": ""account_hadwykny"", ""callback_url"": ""https://flowcash.vtexpayments.com.br/api/pvt/payment-provider/transactions/T848A09SJE5ONK0EV6M7ZIZ6C4ILNF20"", ""delay_auto_settle"": ""7200"", ""merchant_name"": ""merchant_twpdqv"", ""monto"": 95000, ""vtex_transaction_id"": ""T848A09SJE5ONK0EV6M7ZIZ6C4ILNF20}]""";10/07/2026 19:00;BANCO_C;"[{""financial_entity"": ""ica"", ""amount"": ""-657.85"", ""detail"": ""tax_withholding""}, {""financial_entity"": ""iva"", ""amount"": ""-1133.42"", ""detail"": ""tax_withholding""}, {""financial_entity"": ""ica"", ""amount"": ""-3126.22"", ""detail"": ""tax_withholding""}, {""marca"": ""CHEVIGNON""}]";AUTORIZADO
TRX0084;"{""account_name"": ""account_igmbxuew"", ""callback_url"": ""https://transitpay.vtexpayments.com.br/api/pvt/payment-provider/transactions/4BAIJD5MSTF0ANFMKRIXCQWDSHW5XDHH"", ""delay_auto_settle"": ""7200"", ""merchant_name"": ""merchant_quifye"", ""monto"": ""$125.000,00"", ""vtex_transaction_id"": ""4BAIJD5MSTF0ANFMKRIXCQWDSHW5XDHH}]""";20/07/2026 8:00;BANCO_C;"({""financial_entity"": ""fuente"", ""amount"": ""-1846.34"", ""detail"": ""tax_withholding""}, {""financial_entity"": ""aumento"", ""amount"": ""-4425.53"", ""detail"": ""tax_withholding""}, {""marca"": ""RIFLE""})""";AUTORIZADO
TRX0085;"""[{account_name"": ""account_aiuqegwk"", ""callback_url"": ""https://payflow.vtexpayments.com.br/api/pvt/payment-provider/transactions/T866F1PBAESXZ59ARXKACTW1CJTCZ7FW"", ""delay_auto_settle"": ""1800"", ""merchant_name"": ""merchant_vakvyk"", ""monto"": 410000, ""vtex_transaction_id"": ""T866F1PBAESXZ59ARXKACTW1CJTCZ7FW}]""";28/07/2026 11:00;BANCO_B;"{{""financial_entity"": ""aumento"", ""amount"": ""-841.79"", ""detail"": ""tax_withholding""}, {""financial_entity"": ""aumento"", ""amount"": ""-157.22"", ""detail"": ""tax_withholding""}, {""financial_entity"": ""aumento"", ""amount"": ""-882.82"", ""detail"": ""tax_withholding""}, {""financial_entity"": ""iva"", ""amount"": ""-2404.52"", ""detail"": ""tax_withholding""}, {""marca"": ""CHEVIGNON""}]""";AUTORIZADO
TRX0086;"[{account_name"": ""account_kyimwavh"", ""callback_url"": ""https://quickpay.vtexpayments.com.br/api/pvt/payment-provider/transactions/75IKKV1LK7D2JGR91UF9Y1PMI63926KT"", ""delay_auto_settle"": ""7200"", ""merchant_name"": ""merchant_lbqxpd"", ""monto"": 260000, ""vtex_transaction_id"": ""75IKKV1LK7D2JGR91UF9Y1PMI63926KT""]";16/07/2026 17:00;BANCO_C;"[{financial_entityfinancial_entity"": ""fuente"", ""amount"": ""-3170.56"", ""detail"": ""tax_withholding""}, {""financial_entity"": ""cree"", ""amount"": ""-3502.3"", ""detail"": ""tax_withholding""}, {""marca"": ""NAF NAF""}]""";AUTORIZADO
TRX0087;"({account_name"": ""account_sbqtezlt"", ""callback_url"": ""https://flowcash.vtexpayments.com.br/api/pvt/payment-provider/transactions/ETRGPNAYNED9LWTISE5GNPXWBSQ44D6E"", ""delay_auto_settle"": ""7200"", ""merchant_name"": ""merchant_xlcslw"", ""monto"": 180000, ""vtex_transaction_id"": ""ETRGPNAYNED9LWTISE5GNPXWBSQ44D6E})""";21/07/2026 17:00;BANCO_A;"({""financial_entity"": ""fuente"", ""amount"": ""-2195.24"", ""detail"": ""tax_withholding""}, {""financial_entity"": ""aumento"", ""amount"": ""-1977.71"", ""detail"": ""tax_withholding""}, {""marca"": ""AMERICANINO""})""";AUTORIZADO
TRX0088;"{""account_name"": ""account_yumogewt"", ""callback_url"": ""https://nexoflow.vtexpayments.com.br/api/pvt/payment-provider/transactions/IBUB7PN06FWMUT7513659VESR2YSP3ZE"", ""delay_auto_settle"": ""1800"", ""merchant_name"": ""merchant_osqtya"", ""monto"": ""$150.000,00"", ""vtex_transaction_id"": ""IBUB7PN06FWMUT7513659VESR2YSP3ZE}]""";24/07/2026 0:00;BANCO_C;"[{""financial_entity"": ""ica"", ""amount"": ""-4256.8"", ""detail"": ""tax_withholding""}, {""financial_entity"": ""ica"", ""amount"": ""-4450.07"", ""detail"": ""tax_withholding""}, {""marca"": ""AMERICAN EAGLE""}]";AUTORIZADO
TRX0089;"[{account_name"": ""account_oeawqaov"", ""callback_url"": ""https://flowcash.vtexpayments.com.br/api/pvt/payment-provider/transactions/PQXXG7ULBUFW1X076CI44DUXY4IZDVWB"", ""delay_auto_settle"": ""1800"", ""merchant_name"": ""merchant_ufzpid"", ""monto"": 188000, ""vtex_transaction_id"": ""PQXXG7ULBUFW1X076CI44DUXY4IZDVWB""]";13/07/2026 9:00;BANCO_A;"({""financial_entity"": ""fuente"", ""amount"": ""-4224.78"", ""detail"": ""tax_withholding""}, {""financial_entity"": ""ica"", ""amount"": ""-622.6"", ""detail"": ""tax_withholding""}, {""marca"": ""AMERICANINO""})""";AUTORIZADO
TRX0090;"{""account_name"": ""account_anhydlab"", ""callback_url"": ""https://flowcash.vtexpayments.com.br/api/pvt/payment-provider/transactions/82EMUMDFFP0CFBRQ3J9BTWAGTA3J75GH"", ""delay_auto_settle"": ""3600"", ""merchant_name"": ""merchant_qvghty"", ""monto"": 250000, ""vtex_transaction_id"": ""82EMUMDFFP0CFBRQ3J9BTWAGTA3J75GH}]""";04/07/2026 4:00;BANCO_C;"{{""financial_entity"": ""aumento"", ""amount"": ""-4850.42"", ""detail"": ""tax_withholding""}, {""financial_entity"": ""aumento"", ""amount"": ""-726.37"", ""detail"": ""tax_withholding""}, {""financial_entity"": ""fuente"", ""amount"": ""-182.58"", ""detail"": ""tax_withholding""}, {""marca"": ""CHEVIGNON""}]""";AUTORIZADO
TRX0091;"[{account_name""account_jdgxofmc"", ""callback_url"": ""https://flowcash.vtexpayments.com.br/api/pvt/payment-provider/transactions/PSWHOCFQAHCQZSTT1F2Q0G6RYQHFMSDS"", ""delay_auto_settle"": ""3600"", ""merchant_name"": ""merchant_fyqkgn"", ""monto"": 950000, ""vtex_transaction_id"": ""PSWHOCFQAHCQZSTT1F2Q0G6RYQHFMSDS}]""";26/07/2026 11:00;BANCO_C;"({""financial_entity"": ""aumento"", ""amount"": ""-2530.99"", ""detail"": ""tax_withholding""}, {""financial_entity"": ""fuente"", ""amount"": ""-554.65"", ""detail"": ""tax_withholding""}, {""financial_entity"": ""fuente"", ""amount"": ""-496.75"", ""detail"": ""tax_withholding""}, {""marca"": ""AMERICAN EAGLE""})""";AUTORIZADO
TRX0092;"[{account_name"": ""account_uyygsmpc"", ""callback_url"": ""https://transactionhub.vtexpayments.com.br/api/pvt/payment-provider/transactions/6MUNSTCV704FCBFF4ZGGBZ8EE36U1EU8"", ""delay_auto_settle"": ""7200"", ""merchant_name"": ""merchant_pzwqjt"", ""monto"": ""180.000 COP"", ""monto"": 180000, ""vtex_transaction_id"": ""6MUNSTCV704FCBFF4ZGGBZ8EE36U1EU8""}]""""";21/07/2026 13:00;BANCO_B;"[{""financial_entity"": ""ica"", ""amount"": ""-2012.02"", ""detail"": ""tax_withholding""}, {""financial_entity"": ""aumento"", ""amount"": ""-558.28"", ""detail"": ""tax_withholding""}, {""financial_entity"": ""cree"", ""amount"": ""-2429.83"", ""detail"": ""tax_withholding""}, {""financial_entity"": ""cree"", ""amount"": ""-4379.23"", ""detail"": ""tax_withholding""}, {""marca"": ""RIFLE""}}]""""";AUTORIZADO
TRX0093;"[{account_name""account_xzxspvwu"", ""callback_url"": ""https://quickpay.vtexpayments.com.br/api/pvt/payment-provider/transactions/G7TOHUJLLDWH9WRUFNXE10QCAEQZ46JA"", ""delay_auto_settle"": ""7200"", ""merchant_name"": ""merchant_ayimyr"", ""monto"": 275000, ""vtex_transaction_id"": ""G7TOHUJLLDWH9WRUFNXE10QCAEQZ46JA}]""";02/07/2026 6:00;BANCO_C;"""[{""financial_entity"": ""cree"", ""amount"": ""-2744.6"", ""detail"": ""tax_withholding""}, {""financial_entity"": ""fuente"", ""amount"": ""-2915.91"", ""detail"": ""tax_withholding""}, {""marca"": ""CHEVIGNON""}]""";AUTORIZADO
TRX0094;"[{account_name""account_ltvxjngi"", ""callback_url"": ""https://quickpay.vtexpayments.com.br/api/pvt/payment-provider/transactions/COGH95AJRPTMKJZN8GHSXAOBAVTX3291"", ""delay_auto_settle"": ""1800"", ""merchant_name"": ""merchant_ilbrsa"", ""monto"": 205000, ""vtex_transaction_id"": ""COGH95AJRPTMKJZN8GHSXAOBAVTX3291}]""";31/07/2026 0:00;BANCO_C;"({""financial_entity"": ""aumento"", ""amount"": ""-4442.56"", ""detail"": ""tax_withholding""}, {""financial_entity"": ""ica"", ""amount"": ""-2216.27"", ""detail"": ""tax_withholding""}, {""marca"": ""RIFLE""})""";AUTORIZADO
TRX0095;"[{account_name""account_jdtlplpl"", ""callback_url"": ""https://flowcash.vtexpayments.com.br/api/pvt/payment-provider/transactions/YTAIGGPPLG5OA4XZT046ODDJA5HU241K"", ""delay_auto_settle"": ""7200"", ""merchant_name"": ""merchant_tskirz"", ""monto"": 205000, ""vtex_transaction_id"": ""YTAIGGPPLG5OA4XZT046ODDJA5HU241K}]""";23/07/2026 6:00;BANCO_C;"[{""financial_entity"": ""cree"", ""amount"": ""-3004.32"", ""detail"": ""tax_withholding""}, {""financial_entity"": ""cree"", ""amount"": ""-3096.44"", ""detail"": ""tax_withholding""}, {""marca"": ""AMERICANINO""}]";AUTORIZADO
TRX0096;"[{account_name"": ""account_nrixovcx"", ""callback_url"": ""https://payflow.vtexpayments.com.br/api/pvt/payment-provider/transactions/066WQXJCGLK3PWY5TF4DYCLNWBL6KOVR"", ""delay_auto_settle"": ""1800"", ""merchant_name"": ""merchant_vqwsvx"", ""monto"": 310000, ""vtex_transaction_id"": ""066WQXJCGLK3PWY5TF4DYCLNWBL6KOVR""]";29/07/2026 0:00;BANCO_A;"""[{""financial_entity"": ""aumento"", ""amount"": ""-4693.76"", ""detail"": ""tax_withholding""}, {""financial_entity"": ""iva"", ""amount"": ""-2012.69"", ""detail"": ""tax_withholding""}, {""marca"": ""CHEVIGNON""}]""";AUTORIZADO
TRX0097;"[{account_name"": ""account_mzrwvwex"", ""callback_url"": ""https://nexoflow.vtexpayments.com.br/api/pvt/payment-provider/transactions/2Z9CN2HYHQSGU318W98640BH45O8VKNQ"", ""delay_auto_settle"": ""1800"", ""merchant_name"": ""merchant_zosuxb"", ""monto"": 125000, ""vtex_transaction_id"": ""2Z9CN2HYHQSGU318W98640BH45O8VKNQ""]";14/07/2026 18:00;BANCO_B;"({""financial_entity"": ""cree"", ""amount"": ""-2936.74"", ""detail"": ""tax_withholding""}, {""financial_entity"": ""iva"", ""amount"": ""-909.54"", ""detail"": ""tax_withholding""}, {""financial_entity"": ""ica"", ""amount"": ""-2639.95"", ""detail"": ""tax_withholding""}, {""financial_entity"": ""cree"", ""amount"": ""-4657.75"", ""detail"": ""tax_withholding""}, {""marca"": ""AMERICAN EAGLE""})""";AUTORIZADO
TRX0098;"""[{account_name"": ""account_snxzmafo"", ""callback_url"": ""https://flowcash.vtexpayments.com.br/api/pvt/payment-provider/transactions/ADG8XD8K4LI4SZWLX28H2UFTCYRAMPKO"", ""delay_auto_settle"": ""7200"", ""merchant_name"": ""merchant_eudzkw"", ""monto"": 320000, ""vtex_transaction_id"": ""ADG8XD8K4LI4SZWLX28H2UFTCYRAMPKO}]""";15/07/2026 9:00;BANCO_B;"[{""financial_entity"": ""fuente"", ""amount"": ""-4671.55"", ""detail"": ""tax_withholding""}, {""financial_entity"": ""cree"", ""amount"": ""-2620.13"", ""detail"": ""tax_withholding""}, {""financial_entity"": ""iva"", ""amount"": ""-2330.08"", ""detail"": ""tax_withholding""}, {""financial_entity"": ""cree"", ""amount"": ""-4955.59"", ""detail"": ""tax_withholding""}, {""marca"": ""AMERICAN EAGLE""}}]""""";AUTORIZADO
TRX0099;"""[{account_name"": ""account_qzffaokf"", ""callback_url"": ""https://transitpay.vtexpayments.com.br/api/pvt/payment-provider/transactions/Q55AOICM9GAKOIOV557VB196M33JFVXN"", ""delay_auto_settle"": ""3600"", ""merchant_name"": ""merchant_mnmbxa"", ""monto"": ""$175.000,00"", ""vtex_transaction_id"": ""Q55AOICM9GAKOIOV557VB196M33JFVXN}]""";06/07/2026 9:00;BANCO_B;"[{financial_entityfinancial_entity"": ""iva"", ""amount"": ""-3883.21"", ""detail"": ""tax_withholding""}, {""financial_entity"": ""fuente"", ""amount"": ""-4982.35"", ""detail"": ""tax_withholding""}, {""financial_entity"": ""cree"", ""amount"": ""-4420.4"", ""detail"": ""tax_withholding""}, {""financial_entity"": ""iva"", ""amount"": ""-1487.67"", ""detail"": ""tax_withholding""}, {""marca"": ""AMERICANINO""}]""";AUTORIZADO
TRX0100;"[{account_name"": ""account_nzohetzb"", ""callback_url"": ""https://payflow.vtexpayments.com.br/api/pvt/payment-provider/transactions/4IY7J8C1WQFDHL3SHUUE7416331ZVWB1"", ""delay_auto_settle"": ""7200"", ""merchant_name"": ""merchant_iavamw"", ""monto"": 340000, ""vtex_transaction_id"": ""4IY7J8C1WQFDHL3SHUUE7416331ZVWB1""]";05/07/2026 14:00;BANCO_B;"[{""financial_entity"": ""ica"", ""amount"": ""-396.4"", ""detail"": ""tax_withholding""}, {""financial_entity"": ""iva"", ""amount"": ""-4260.93"", ""detail"": ""tax_withholding""}, {""financial_entity"": ""ica"", ""amount"": ""-354.11"", ""detail"": ""tax_withholding""}, {""financial_entity"": ""ica"", ""amount"": ""-4387.13"", ""detail"": ""tax_withholding""}, {""marca"": ""RIFLE""}]";AUTORIZADO
TRX0101;"[{account_name"": ""account_uvknrkfc"", ""callback_url"": ""https://quickpay.vtexpayments.com.br/api/pvt/payment-provider/transactions/44PW1DB13LHK61SKR6E7D113833FQYSL"", ""delay_auto_settle"": ""7200"", ""merchant_name"": ""merchant_zdalle"", ""monto"": 195000, ""vtex_transaction_id"": ""44PW1DB13LHK61SKR6E7D113833FQYSL""]";14/07/2026 2:00;BANCO_A;"[{financial_entityfinancial_entity"": ""ica"", ""amount"": ""-4198.74"", ""detail"": ""tax_withholding""}, {""financial_entity"": ""cree"", ""amount"": ""-2369.69"", ""detail"": ""tax_withholding""}, {""financial_entity"": ""aumento"", ""amount"": ""-1349.74"", ""detail"": ""tax_withholding""}, {""marca"": ""NAF NAF""}]""";AUTORIZADO
TRX0102;"[{account_name""account_yewfkart"", ""callback_url"": ""https://payflow.vtexpayments.com.br/api/pvt/payment-provider/transactions/6BT99U5IDKTGCG3YCM77OMAB5SEM9FL1"", ""delay_auto_settle"": ""7200"", ""merchant_name"": ""merchant_crakxw"", ""monto\"": 410000, ""vtex_transaction_id"": ""6BT99U5IDKTGCG3YCM77OMAB5SEM9FL1}]""";19/07/2026 11:00;BANCO_B;"""[{""financial_entity"": ""ica"", ""amount"": ""-4923.03"", ""detail"": ""tax_withholding""}, {""financial_entity"": ""ica"", ""amount"": ""-534.09"", ""detail"": ""tax_withholding""}, {""marca\"": ""AMERICAN EAGLE""}]""";AUTORIZADO
TRX0103;"[{account_name""account_zfwscwkb"", ""callback_url"": ""https://quickpay.vtexpayments.com.br/api/pvt/payment-provider/transactions/MQ52KNQ7YYKE0HJNY4F60TOCRFUH7SX6"", ""delay_auto_settle"": ""1800"", ""merchant_name"": ""merchant_imsnib"", ""monto"": 95000, ""vtex_transaction_id"": ""MQ52KNQ7YYKE0HJNY4F60TOCRFUH7SX6}]""";20/07/2026 21:00;BANCO_A;"({""financial_entity"": ""cree"", ""amount"": ""-2109.81"", ""detail"": ""tax_withholding""}, {""financial_entity"": ""ica"", ""amount"": ""-377.52"", ""detail"": ""tax_withholding""}, {""marca"": ""AMERICAN EAGLE""})""";AUTORIZADO
TRX0104;"[{account_name""account_lkwfezsa"", ""callback_url"": ""https://flowcash.vtexpayments.com.br/api/pvt/payment-provider/transactions/IN5MKPA3RI12FIO9NCBU9FUEXYXXZBSD"", ""delay_auto_settle"": ""1800"", ""merchant_name"": ""merchant_pdjrdd"", ""monto"": 275000, ""vtex_transaction_id"": ""IN5MKPA3RI12FIO9NCBU9FUEXYXXZBSD}]""";22/07/2026 19:00;BANCO_B;"[{""financial_entity"": ""cree"", ""amount"": ""-4637.5"", ""detail"": ""tax_withholding""}, {""financial_entity"": ""iva"", ""amount"": ""-4228.33"", ""detail"": ""tax_withholding""}, {""marca"": ""AMERICAN EAGLE""}]";AUTORIZADO
TRX0105;"[{account_name"": ""account_obscqzzk"", ""callback_url"": ""https://nexoflow.vtexpayments.com.br/api/pvt/payment-provider/transactions/LD83QINXOPBQE4V1WMNYIP5JZKI3WGZN"", ""delay_auto_settle"": ""3600"", ""merchant_name"": ""merchant_xyvbir"", ""monto"": 275000, ""vtex_transaction_id"": ""LD83QINXOPBQE4V1WMNYIP5JZKI3WGZN""]";24/07/2026 4:00;BANCO_C;"[{""financial_entity"": ""aumento"", ""amount"": ""-2625.68"", ""detail"": ""tax_withholding""}, {""financial_entity"": ""ica"", ""amount"": ""-691.58"", ""detail"": ""tax_withholding""}, {""financial_entity"": ""cree"", ""amount"": ""-3495.04"", ""detail"": ""tax_withholding""}, {""marca"": ""NAF NAF""}]";AUTORIZADO
TRX0106;"[{account_name"": ""account_bozdgcqi"", ""callback_url"": ""https://nexoflow.vtexpayments.com.br/api/pvt/payment-provider/transactions/0Z8KOZIJ55YEOLPJ11QTAJHLL611QOVK"", ""delay_auto_settle"": ""1800"", ""merchant_name"": ""merchant_wmmgzs"", ""monto"": 155000, ""vtex_transaction_id"": ""0Z8KOZIJ55YEOLPJ11QTAJHLL611QOVK""]";28/07/2026 0:00;BANCO_A;"""[{""financial_entity"": ""iva"", ""amount"": ""-3667.69"", ""detail"": ""tax_withholding""}, {""financial_entity"": ""aumento"", ""amount"": ""-3810.84"", ""detail"": ""tax_withholding""}, {""marca"": ""NAF NAF""}]""";AUTORIZADO
TRX0107;"[{account_name""account_ddejidpw"", ""callback_url"": ""https://transitpay.vtexpayments.com.br/api/pvt/payment-provider/transactions/7RW8I3OL1B78MRHQZCDR0ANI1L7JF1WO"", ""delay_auto_settle"": ""1800"", ""merchant_name"": ""merchant_fwassi"", ""monto"": 195000, ""vtex_transaction_id"": ""7RW8I3OL1B78MRHQZCDR0ANI1L7JF1WO}]""";19/07/2026 17:00;BANCO_A;"""[{""financial_entity"": ""aumento"", ""amount"": ""-1168.99"", ""detail"": ""tax_withholding""}, {""financial_entity"": ""iva"", ""amount"": ""-4710.2"", ""detail"": ""tax_withholding""}, {""financial_entity"": ""iva"", ""amount"": ""-3532.55"", ""detail"": ""tax_withholding""}, {""financial_entity"": ""cree"", ""amount"": ""-4754.39"", ""detail"": ""tax_withholding""}, {""marca"": ""AMERICANINO""}]""";AUTORIZADO
TRX0108;"""[{account_name"": ""account_jvgrknfc"", ""callback_url"": ""https://flowcash.vtexpayments.com.br/api/pvt/payment-provider/transactions/VSV5ME98XPTXFJAPUOQKX0YRAUS4CHXX"", ""delay_auto_settle"": ""7200"", ""merchant_name"": ""merchant_cembbo"", ""monto"": ""$95.000,00"", ""vtex_transaction_id"": ""VSV5ME98XPTXFJAPUOQKX0YRAUS4CHXX}]""";09/07/2026 14:00;BANCO_A;"[{""financial_entity"": ""ica"", ""amount"": ""-3538.47"", ""detail"": ""tax_withholding""}, {""financial_entity"": ""fuente"", ""amount"": ""-269.01"", ""detail"": ""tax_withholding""}, {""marca"": ""AMERICANINO""}]";AUTORIZADO
TRX0109;"[{account_name"": ""account_vcpbdikm"", ""callback_url"": ""https://nexoflow.vtexpayments.com.br/api/pvt/payment-provider/transactions/LQSKSM6VXX4W1YBFK89GUR6TPXLU9M2P"", ""delay_auto_settle"": ""3600"", ""merchant_name"": ""merchant_dllljr"", ""monto"": ""340.000 COP"", ""monto"": 340000, ""vtex_transaction_id"": ""LQSKSM6VXX4W1YBFK89GUR6TPXLU9M2P""]";25/07/2026 10:00;BANCO_C;"""[{""financial_entity"": ""cree"", ""amount"": ""-4119.38"", ""detail"": ""tax_withholding""}, {""financial_entity"": ""cree"", ""amount"": ""-2869.92"", ""detail"": ""tax_withholding""}, {""marca"": ""RIFLE""}]""";AUTORIZADO
TRX0110;"{""account_name"": ""account_mvkicgjg"", ""callback_url"": ""https://payflow.vtexpayments.com.br/api/pvt/payment-provider/transactions/IM7KNZ6KTFHW4FQ7E8ZIOHA1J784DHJ7"", ""delay_auto_settle"": ""7200"", ""merchant_name"": ""merchant_okgzdl"", ""monto"": 195000, ""vtex_transaction_id"": ""IM7KNZ6KTFHW4FQ7E8ZIOHA1J784DHJ7}]""";10/07/2026 17:00;BANCO_A;"({""financial_entity"": ""cree"", ""amount"": ""-2266.24"", ""detail"": ""tax_withholding""}, {""financial_entity"": ""iva"", ""amount"": ""-2296.1"", ""detail"": ""tax_withholding""}, {""financial_entity"": ""aumento"", ""amount"": ""-4660.22"", ""detail"": ""tax_withholding""}, {""marca"": ""RIFLE""})""";AUTORIZADO
TRX0111;"({account_name"": ""account_qqvyhqzl"", ""callback_url"": ""https://transactionhub.vtexpayments.com.br/api/pvt/payment-provider/transactions/3SM6YCTRBLFSZ1YQ3LSATBUPB0PHBOMO"", ""delay_auto_settle"": ""3600"", ""merchant_name"": ""merchant_ntjoav"", ""monto\"": 275000, ""vtex_transaction_id"": ""3SM6YCTRBLFSZ1YQ3LSATBUPB0PHBOMO})""";11/07/2026 8:00;BANCO_B;"({""financial_entity"": ""aumento"", ""amount"": ""-3538.41"", ""detail"": ""tax_withholding""}, {""financial_entity"": ""aumento"", ""amount"": ""-3702.35"", ""detail"": ""tax_withholding""}, {""marca\"": ""CHEVIGNON""})""";AUTORIZADO
TRX0112;"[{account_name""account_vilaqwub"", ""callback_url"": ""https://flowcash.vtexpayments.com.br/api/pvt/payment-provider/transactions/T2W1WIU8EQK3JQJ02BM116O5256J9NPJ"", ""delay_auto_settle"": ""7200"", ""merchant_name"": ""merchant_dzobpl"", ""monto\"": 240000, ""vtex_transaction_id"": ""T2W1WIU8EQK3JQJ02BM116O5256J9NPJ}]""";13/07/2026 16:00;BANCO_B;"[{""financial_entity"": ""cree"", ""amount"": ""-3129.9"", ""detail"": ""tax_withholding""}, {""financial_entity"": ""cree"", ""amount"": ""-1101.56"", ""detail"": ""tax_withholding""}, {""financial_entity"": ""fuente"", ""amount"": ""-414.36"", ""detail"": ""tax_withholding""}, {""marca\"": ""RIFLE""}]";AUTORIZADO
TRX0113;"({account_name"": ""account_frmvdxup"", ""callback_url"": ""https://payflow.vtexpayments.com.br/api/pvt/payment-provider/transactions/YDO6Q4KKZEYAMUEH00ZH2ZRJJCD757GS"", ""delay_auto_settle"": ""3600"", ""merchant_name"": ""merchant_tmzcsf"", ""monto\"": 188000, ""vtex_transaction_id"": ""YDO6Q4KKZEYAMUEH00ZH2ZRJJCD757GS})""";15/07/2026 22:00;BANCO_C;"[{financial_entityfinancial_entity"": ""iva"", ""amount"": ""-1405.68"", ""detail"": ""tax_withholding""}, {""financial_entity"": ""aumento"", ""amount"": ""-2258.34"", ""detail"": ""tax_withholding""}, {""financial_entity"": ""aumento"", ""amount"": ""-2248.75"", ""detail"": ""tax_withholding""}, {""financial_entity"": ""iva"", ""amount"": ""-700.33"", ""detail"": ""tax_withholding""}, {""marca\"": ""NAF NAF""}]""";AUTORIZADO
TRX0114;"[{account_name""account_qxjfcqfr"", ""callback_url"": ""https://transitpay.vtexpayments.com.br/api/pvt/payment-provider/transactions/8YN6OKEKFTIAH9S4PHIB2YG21OMXVOSD"", ""delay_auto_settle"": ""1800"", ""merchant_name"": ""merchant_qaikrn"", ""monto"": 198000, ""vtex_transaction_id"": ""8YN6OKEKFTIAH9S4PHIB2YG21OMXVOSD}]""";10/07/2026 14:00;BANCO_C;"[{""financial_entity"": ""cree"", ""amount"": ""-1079.73"", ""detail"": ""tax_withholding""}, {""financial_entity"": ""ica"", ""amount"": ""-4061.73"", ""detail"": ""tax_withholding""}, {""financial_entity"": ""fuente"", ""amount"": ""-2758.41"", ""detail"": ""tax_withholding""}, {""financial_entity"": ""cree"", ""amount"": ""-3352.49"", ""detail"": ""tax_withholding""}, {""marca"": ""NAF NAF""}]";AUTORIZADO
TRX0115;"[{account_name""account_xkkmvjut"", ""callback_url"": ""https://flowcash.vtexpayments.com.br/api/pvt/payment-provider/transactions/13CC7B4B3TFZMR1BPX7W019MG1B805CJ"", ""delay_auto_settle"": ""1800"", ""merchant_name"": ""merchant_lsvjeb"", ""monto\"": 240000, ""vtex_transaction_id"": ""13CC7B4B3TFZMR1BPX7W019MG1B805CJ}]""";18/07/2026 12:00;BANCO_B;"[{financial_entityfinancial_entity"": ""cree"", ""amount"": ""-2631.62"", ""detail"": ""tax_withholding""}, {""financial_entity"": ""fuente"", ""amount"": ""-2321.74"", ""detail"": ""tax_withholding""}, {""marca\"": ""AMERICAN EAGLE""}]""";AUTORIZADO
TRX0116;"[{account_name""account_pygozhro"", ""callback_url"": ""https://flowcash.vtexpayments.com.br/api/pvt/payment-provider/transactions/YYH9AS8W3XMPCL9TZGFFVR82YY1M1B6L"", ""delay_auto_settle"": ""1800"", ""merchant_name"": ""merchant_uaizff"", ""monto"": 180000, ""vtex_transaction_id"": ""YYH9AS8W3XMPCL9TZGFFVR82YY1M1B6L}]""";12/07/2026 20:00;BANCO_B;"""[{""financial_entity"": ""cree"", ""amount"": ""-2549.57"", ""detail"": ""tax_withholding""}, {""financial_entity"": ""iva"", ""amount"": ""-4109.25"", ""detail"": ""tax_withholding""}, {""marca"": ""RIFLE""}]""";AUTORIZADO
TRX0117;"[{account_name""account_liqtdbdi"", ""callback_url"": ""https://transactionhub.vtexpayments.com.br/api/pvt/payment-provider/transactions/WJT35KKVFHPG6V7XGQZ10IN1XTMOJBTX"", ""delay_auto_settle"": ""7200"", ""merchant_name"": ""merchant_gganrn"", ""monto"": ""$260.000,00"", ""vtex_transaction_id"": ""WJT35KKVFHPG6V7XGQZ10IN1XTMOJBTX}]""";23/07/2026 6:00;BANCO_B;"[{""financial_entity"": ""fuente"", ""amount"": ""-296.01"", ""detail"": ""tax_withholding""}, {""financial_entity"": ""ica"", ""amount"": ""-4904.23"", ""detail"": ""tax_withholding""}, {""financial_entity"": ""iva"", ""amount"": ""-150.65"", ""detail"": ""tax_withholding""}, {""financial_entity"": ""aumento"", ""amount"": ""-2692.95"", ""detail"": ""tax_withholding""}, {""marca"": ""NAF NAF""}}]""""";AUTORIZADO
TRX0118;"({account_name"": ""account_oaqxjngz"", ""callback_url"": ""https://transactionhub.vtexpayments.com.br/api/pvt/payment-provider/transactions/95Q9FETMI05H1B1TQ0EVUFS4LQ3I929I"", ""delay_auto_settle"": ""7200"", ""merchant_name"": ""merchant_mcoulh"", ""monto"": ""$125.000,00"", ""vtex_transaction_id"": ""95Q9FETMI05H1B1TQ0EVUFS4LQ3I929I})""";16/07/2026 6:00;BANCO_B;"{{""financial_entity"": ""fuente"", ""amount"": ""-1160.6"", ""detail"": ""tax_withholding""}, {""financial_entity"": ""iva"", ""amount"": ""-297.04"", ""detail"": ""tax_withholding""}, {""financial_entity"": ""iva"", ""amount"": ""-1859.97"", ""detail"": ""tax_withholding""}, {""financial_entity"": ""aumento"", ""amount"": ""-189.48"", ""detail"": ""tax_withholding""}, {""marca"": ""RIFLE""}]""";AUTORIZADO
TRX0119;"""[{account_name"": ""account_forbrkqu"", ""callback_url"": ""https://transitpay.vtexpayments.com.br/api/pvt/payment-provider/transactions/4VJFHE9AM3M124G184JWTAOSGCBYIWSU"", ""delay_auto_settle"": ""7200"", ""merchant_name"": ""merchant_spzvzi"", ""monto"": 289000, ""vtex_transaction_id"": ""4VJFHE9AM3M124G184JWTAOSGCBYIWSU}]""";05/07/2026 12:00;BANCO_C;"({""financial_entity"": ""iva"", ""amount"": ""-1495.5"", ""detail"": ""tax_withholding""}, {""financial_entity"": ""iva"", ""amount"": ""-1628.4"", ""detail"": ""tax_withholding""}, {""financial_entity"": ""ica"", ""amount"": ""-4175.53"", ""detail"": ""tax_withholding""}, {""financial_entity"": ""iva"", ""amount"": ""-2852.94"", ""detail"": ""tax_withholding""}, {""marca"": ""NAF NAF""})""";AUTORIZADO
TRX0120;"[{account_name"": ""account_fhfpvpbo"", ""callback_url"": ""https://nexoflow.vtexpayments.com.br/api/pvt/payment-provider/transactions/U0CSUXVSMSICOHS1JDEEZVG0AFMSJQEC"", ""delay_auto_settle"": ""7200"", ""merchant_name"": ""merchant_fgkjqt"", ""monto\"": 260000, ""vtex_transaction_id"": ""U0CSUXVSMSICOHS1JDEEZVG0AFMSJQEC""]";06/07/2026 7:00;BANCO_B;"[{""financial_entity"": ""iva"", ""amount"": ""-1446.88"", ""detail"": ""tax_withholding""}, {""financial_entity"": ""aumento"", ""amount"": ""-2486.49"", ""detail"": ""tax_withholding""}, {""financial_entity"": ""aumento"", ""amount"": ""-4731.9"", ""detail"": ""tax_withholding""}, {""financial_entity"": ""iva"", ""amount"": ""-4082.55"", ""detail"": ""tax_withholding""}, {""marca\"": ""AMERICANINO""}]";AUTORIZADO
TRX0121;"[{account_name"": ""account_ofnqgqyc"", ""callback_url"": ""https://flowcash.vtexpayments.com.br/api/pvt/payment-provider/transactions/GL1I0LZR0ET088Z9H9GNH1F1SDPGJD5I"", ""delay_auto_settle"": ""7200"", ""merchant_name"": ""merchant_zxvqqh"", ""monto"": 350000, ""vtex_transaction_id"": ""GL1I0LZR0ET088Z9H9GNH1F1SDPGJD5I""]";05/07/2026 15:00;BANCO_C;"{{""financial_entity"": ""ica"", ""amount"": ""-4022.73"", ""detail"": ""tax_withholding""}, {""financial_entity"": ""iva"", ""amount"": ""-4517.56"", ""detail"": ""tax_withholding""}, {""financial_entity"": ""fuente"", ""amount"": ""-2853.98"", ""detail"": ""tax_withholding""}, {""marca"": ""AMERICANINO""}]""";AUTORIZADO
TRX0122;"[{account_name""account_pgyapfgx"", ""callback_url"": ""https://quickpay.vtexpayments.com.br/api/pvt/payment-provider/transactions/VKSYF1DYN4TU44F9J3XGND5MS7Z4CBIX"", ""delay_auto_settle"": ""1800"", ""merchant_name"": ""merchant_svrkzc"", ""monto"": 240000, ""vtex_transaction_id"": ""VKSYF1DYN4TU44F9J3XGND5MS7Z4CBIX}]""";12/07/2026 21:00;BANCO_B;"[{""financial_entity"": ""cree"", ""amount"": ""-1310.58"", ""detail"": ""tax_withholding""}, {""financial_entity"": ""iva"", ""amount"": ""-3434.59"", ""detail"": ""tax_withholding""}, {""marca"": ""CHEVIGNON""}]";AUTORIZADO
TRX0123;"[{account_name"": ""account_oglptwdo"", ""callback_url"": ""https://flowcash.vtexpayments.com.br/api/pvt/payment-provider/transactions/I1WVT8G9DNA9XT8G0PL3SMPDC8PT4Z3J"", ""delay_auto_settle"": ""7200"", ""merchant_name"": ""merchant_ugotpc"", ""monto"": 155000, ""vtex_transaction_id"": ""I1WVT8G9DNA9XT8G0PL3SMPDC8PT4Z3J""]";30/07/2026 6:00;BANCO_C;"({""financial_entity"": ""fuente"", ""amount"": ""-3316.74"", ""detail"": ""tax_withholding""}, {""financial_entity"": ""fuente"", ""amount"": ""-3324.49"", ""detail"": ""tax_withholding""}, {""financial_entity"": ""fuente"", ""amount"": ""-1756.62"", ""detail"": ""tax_withholding""}, {""marca"": ""AMERICAN EAGLE""})""";AUTORIZADO
TRX0124;"({account_name"": ""account_dcfgsydr"", ""callback_url"": ""https://transitpay.vtexpayments.com.br/api/pvt/payment-provider/transactions/G46B36FDUPJUN4QQ7RUAPIRURQRY7ATB"", ""delay_auto_settle"": ""1800"", ""merchant_name"": ""merchant_izhoxb"", ""monto"": 195000, ""vtex_transaction_id"": ""G46B36FDUPJUN4QQ7RUAPIRURQRY7ATB})""";27/07/2026 4:00;BANCO_B;"[{""financial_entity"": ""aumento"", ""amount"": ""-911.57"", ""detail"": ""tax_withholding""}, {""financial_entity"": ""cree"", ""amount"": ""-2906.77"", ""detail"": ""tax_withholding""}, {""financial_entity"": ""ica"", ""amount"": ""-3631.31"", ""detail"": ""tax_withholding""}, {""marca"": ""CHEVIGNON""}]";AUTORIZADO
TRX0125;"[{account_name"": ""account_dysaujtc"", ""callback_url"": ""https://transactionhub.vtexpayments.com.br/api/pvt/payment-provider/transactions/AKG7ON1CE6YCJQ711QQ0831VLQ5ITG0K"", ""delay_auto_settle"": ""3600"", ""merchant_name"": ""merchant_yohvwf"", ""monto"": 95000, ""vtex_transaction_id"": ""AKG7ON1CE6YCJQ711QQ0831VLQ5ITG0K""}]""""";03/07/2026 8:00;BANCO_B;"({""financial_entity"": ""aumento"", ""amount"": ""-2847.97"", ""detail"": ""tax_withholding""}, {""financial_entity"": ""iva"", ""amount"": ""-942.4"", ""detail"": ""tax_withholding""}, {""marca"": ""AMERICAN EAGLE""})""";AUTORIZADO
TRX0126;"[{account_name"": ""account_xxydioym"", ""callback_url"": ""https://flowcash.vtexpayments.com.br/api/pvt/payment-provider/transactions/1FKOS3LBOVTNJXOQSD8RZAX34YRTXMQU"", ""delay_auto_settle"": ""3600"", ""merchant_name"": ""merchant_aoswbs"", ""monto\"": 340000, ""vtex_transaction_id"": ""1FKOS3LBOVTNJXOQSD8RZAX34YRTXMQU""]";07/07/2026 16:00;BANCO_C;"({""financial_entity"": ""cree"", ""amount"": ""-1972.75"", ""detail"": ""tax_withholding""}, {""financial_entity"": ""fuente"", ""amount"": ""-1972.65"", ""detail"": ""tax_withholding""}, {""financial_entity"": ""cree"", ""amount"": ""-4478.48"", ""detail"": ""tax_withholding""}, {""financial_entity"": ""ica"", ""amount"": ""-590.86"", ""detail"": ""tax_withholding""}, {""marca\"": ""CHEVIGNON""})""";AUTORIZADO
TRX0127;"[{account_name"": ""account_xhvwdsyn"", ""callback_url"": ""https://transitpay.vtexpayments.com.br/api/pvt/payment-provider/transactions/SLXPXAQWKQJYYF1L10U09T4N8W5VU6VP"", ""delay_auto_settle"": ""1800"", ""merchant_name"": ""merchant_qsvykk"", ""monto"": ""410.000 COP"", ""monto"": 410000, ""vtex_transaction_id"": ""SLXPXAQWKQJYYF1L10U09T4N8W5VU6VP""]";19/07/2026 22:00;BANCO_C;"""[{""financial_entity"": ""cree"", ""amount"": ""-194.59"", ""detail"": ""tax_withholding""}, {""financial_entity"": ""cree"", ""amount"": ""-3905.37"", ""detail"": ""tax_withholding""}, {""financial_entity"": ""aumento"", ""amount"": ""-2972.82"", ""detail"": ""tax_withholding""}, {""financial_entity"": ""iva"", ""amount"": ""-790.99"", ""detail"": ""tax_withholding""}, {""marca"": ""CHEVIGNON""}]""";AUTORIZADO
TRX0128;"[{account_name"": ""account_kmhdnjxh"", ""callback_url"": ""https://quickpay.vtexpayments.com.br/api/pvt/payment-provider/transactions/SYU04LABMNJMP5BGOYARXVSW0HRGPTCF"", ""delay_auto_settle"": ""3600"", ""merchant_name"": ""merchant_znouxj"", ""monto"": 198000, ""vtex_transaction_id"": ""SYU04LABMNJMP5BGOYARXVSW0HRGPTCF""}]""""";20/07/2026 17:00;BANCO_C;"[{financial_entityfinancial_entity"": ""cree"", ""amount"": ""-3078.76"", ""detail"": ""tax_withholding""}, {""financial_entity"": ""fuente"", ""amount"": ""-4193.19"", ""detail"": ""tax_withholding""}, {""marca"": ""CHEVIGNON""}]""";AUTORIZADO
TRX0129;"""[{account_name"": ""account_dqwfympt"", ""callback_url"": ""https://quickpay.vtexpayments.com.br/api/pvt/payment-provider/transactions/YHSBI63T1QIKA96O6PXHDZM8SN491IHO"", ""delay_auto_settle"": ""3600"", ""merchant_name"": ""merchant_ayaazy"", ""monto"": ""289.000 COP"", ""monto"": 289000, ""vtex_transaction_id"": ""YHSBI63T1QIKA96O6PXHDZM8SN491IHO}]""";11/07/2026 21:00;BANCO_B;"""[{""financial_entity"": ""cree"", ""amount"": ""-4416.96"", ""detail"": ""tax_withholding""}, {""financial_entity"": ""ica"", ""amount"": ""-750.51"", ""detail"": ""tax_withholding""}, {""financial_entity"": ""aumento"", ""amount"": ""-297.75"", ""detail"": ""tax_withholding""}, {""financial_entity"": ""ica"", ""amount"": ""-4271.13"", ""detail"": ""tax_withholding""}, {""marca"": ""RIFLE""}]""";AUTORIZADO
TRX0130;"[{account_name""account_ocagigcj"", ""callback_url"": ""https://flowcash.vtexpayments.com.br/api/pvt/payment-provider/transactions/F63V78L8XSB7WQX47KF0DP6RK6PHR64R"", ""delay_auto_settle"": ""3600"", ""merchant_name"": ""merchant_zzhtwu"", ""monto"": 310000, ""vtex_transaction_id"": ""F63V78L8XSB7WQX47KF0DP6RK6PHR64R}]""";04/07/2026 21:00;BANCO_B;"[{""financial_entity"": ""ica"", ""amount"": ""-3941.2"", ""detail"": ""tax_withholding""}, {""financial_entity"": ""iva"", ""amount"": ""-1775.46"", ""detail"": ""tax_withholding""}, {""financial_entity"": ""ica"", ""amount"": ""-2194.31"", ""detail"": ""tax_withholding""}, {""financial_entity"": ""fuente"", ""amount"": ""-2894.89"", ""detail"": ""tax_withholding""}, {""marca"": ""AMERICAN EAGLE""}}]""""";AUTORIZADO
TRX0131;"[{account_name"": ""account_qbvbbxel"", ""callback_url"": ""https://flowcash.vtexpayments.com.br/api/pvt/payment-provider/transactions/BKXEW1YMQ9O8Q5PPLXMGESSITSNIRIDO"", ""delay_auto_settle"": ""3600"", ""merchant_name"": ""merchant_leulbb"", ""monto"": 95000, ""vtex_transaction_id"": ""BKXEW1YMQ9O8Q5PPLXMGESSITSNIRIDO""]";21/07/2026 11:00;BANCO_C;"[{""financial_entity"": ""aumento"", ""amount"": ""-2223.69"", ""detail"": ""tax_withholding""}, {""financial_entity"": ""fuente"", ""amount"": ""-3834.63"", ""detail"": ""tax_withholding""}, {""marca"": ""RIFLE""}}]""""";AUTORIZADO
TRX0132;"[{account_name"": ""account_pjearkie"", ""callback_url"": ""https://quickpay.vtexpayments.com.br/api/pvt/payment-provider/transactions/7DGKI7N6OKJNFN77UVLZIBQAUC8YDSNE"", ""delay_auto_settle"": ""1800"", ""merchant_name"": ""merchant_fgavuy"", ""monto"": 250000, ""vtex_transaction_id"": ""7DGKI7N6OKJNFN77UVLZIBQAUC8YDSNE""]";24/07/2026 6:00;BANCO_B;"[{""financial_entity"": ""cree"", ""amount"": ""-1401.22"", ""detail"": ""tax_withholding""}, {""financial_entity"": ""ica"", ""amount"": ""-1442.39"", ""detail"": ""tax_withholding""}, {""marca"": ""CHEVIGNON""}]";AUTORIZADO
TRX0133;"({account_name"": ""account_dicrrupk"", ""callback_url"": ""https://flowcash.vtexpayments.com.br/api/pvt/payment-provider/transactions/54RWYA77MF6O1R5EMJA4IT0ZNRSB7E3K"", ""delay_auto_settle"": ""7200"", ""merchant_name"": ""merchant_jsgyvv"", ""monto"": 210000, ""vtex_transaction_id"": ""54RWYA77MF6O1R5EMJA4IT0ZNRSB7E3K})""";27/07/2026 2:00;BANCO_B;"""[{""financial_entity"": ""iva"", ""amount"": ""-1713.13"", ""detail"": ""tax_withholding""}, {""financial_entity"": ""iva"", ""amount"": ""-3746.17"", ""detail"": ""tax_withholding""}, {""marca"": ""AMERICAN EAGLE""}]""";AUTORIZADO
TRX0134;"{""account_name"": ""account_azsvlvsw"", ""callback_url"": ""https://quickpay.vtexpayments.com.br/api/pvt/payment-provider/transactions/3IWQJRRE9VEAXKO0ZD96SPDTQTWGFB17"", ""delay_auto_settle"": ""3600"", ""merchant_name"": ""merchant_zzabtb"", ""monto"": 225000, ""vtex_transaction_id"": ""3IWQJRRE9VEAXKO0ZD96SPDTQTWGFB17}]""";16/07/2026 20:00;BANCO_A;"""[{""financial_entity"": ""ica"", ""amount"": ""-1697.96"", ""detail"": ""tax_withholding""}, {""financial_entity"": ""ica"", ""amount"": ""-3492.59"", ""detail"": ""tax_withholding""}, {""marca"": ""RIFLE""}]""";AUTORIZADO
TRX0135;"""[{account_name"": ""account_mmjrashu"", ""callback_url"": ""https://transitpay.vtexpayments.com.br/api/pvt/payment-provider/transactions/VWPT6B00U1S2T7CIB2ENHUUN08XBRG6W"", ""delay_auto_settle"": ""7200"", ""merchant_name"": ""merchant_rpfpxt"", ""monto"": ""240.000 COP"", ""monto"": 240000, ""vtex_transaction_id"": ""VWPT6B00U1S2T7CIB2ENHUUN08XBRG6W}]""";29/07/2026 22:00;BANCO_A;"[{""financial_entity"": ""iva"", ""amount"": ""-3903.4"", ""detail"": ""tax_withholding""}, {""financial_entity"": ""fuente"", ""amount"": ""-4388.05"", ""detail"": ""tax_withholding""}, {""marca"": ""CHEVIGNON""}]";AUTORIZADO
TRX0136;"({account_name"": ""account_xfsvvtcr"", ""callback_url"": ""https://payflow.vtexpayments.com.br/api/pvt/payment-provider/transactions/8BVTUWWSR987M5PY6O0P9V55WHLNZ8D5"", ""delay_auto_settle"": ""7200"", ""merchant_name"": ""merchant_ggyluo"", ""monto\"": 198000, ""vtex_transaction_id"": ""8BVTUWWSR987M5PY6O0P9V55WHLNZ8D5})""";01/07/2026 23:00;BANCO_A;"[{financial_entityfinancial_entity"": ""iva"", ""amount"": ""-1222.49"", ""detail"": ""tax_withholding""}, {""financial_entity"": ""cree"", ""amount"": ""-1422.54"", ""detail"": ""tax_withholding""}, {""financial_entity"": ""iva"", ""amount"": ""-1160.2"", ""detail"": ""tax_withholding""}, {""marca\"": ""AMERICANINO""}]""";AUTORIZADO
TRX0137;"[{account_name"": ""account_efmorwcr"", ""callback_url"": ""https://payflow.vtexpayments.com.br/api/pvt/payment-provider/transactions/3LGEPLSG5CSMQR7FL13JTZNEQ84IWFTO"", ""delay_auto_settle"": ""3600"", ""merchant_name"": ""merchant_jekvcr"", ""monto"": ""$210.000,00"", ""vtex_transaction_id"": ""3LGEPLSG5CSMQR7FL13JTZNEQ84IWFTO""]";19/07/2026 7:00;BANCO_A;"{{""financial_entity"": ""aumento"", ""amount"": ""-219.31"", ""detail"": ""tax_withholding""}, {""financial_entity"": ""iva"", ""amount"": ""-2753.15"", ""detail"": ""tax_withholding""}, {""financial_entity"": ""fuente"", ""amount"": ""-4798.17"", ""detail"": ""tax_withholding""}, {""marca"": ""CHEVIGNON""}]""";AUTORIZADO
TRX0138;"{""account_name"": ""account_ywaudphy"", ""callback_url"": ""https://quickpay.vtexpayments.com.br/api/pvt/payment-provider/transactions/W31O2DGSN4CJGFNLQA7VB2F9T4EM3QLW"", ""delay_auto_settle"": ""1800"", ""merchant_name"": ""merchant_rdqyib"", ""monto"": ""410.000 COP"", ""monto"": 1720000, ""vtex_transaction_id"": ""W31O2DGSN4CJGFNLQA7VB2F9T4EM3QLW}]""";23/07/2026 22:00;BANCO_C;"[{""financial_entity"": ""iva"", ""amount"": ""-2313.45"", ""detail"": ""tax_withholding""}, {""financial_entity"": ""aumento"", ""amount"": ""-414.23"", ""detail"": ""tax_withholding""}, {""financial_entity"": ""ica"", ""amount"": ""-399.41"", ""detail"": ""tax_withholding""}, {""marca"": ""RIFLE""}}]""""";AUTORIZADO
TRX0139;"""[{account_name"": ""account_gyhnaylq"", ""callback_url"": ""https://nexoflow.vtexpayments.com.br/api/pvt/payment-provider/transactions/WSCQZ27UC4700MQEG4KPLXGCDQOS87A3"", ""delay_auto_settle"": ""1800"", ""merchant_name"": ""merchant_gpcwgg"", ""monto"": ""$310.000,00"", ""vtex_transaction_id"": ""WSCQZ27UC4700MQEG4KPLXGCDQOS87A3}]""";16/07/2026 3:00;BANCO_B;"[{""financial_entity"": ""cree"", ""amount"": ""-1692.72"", ""detail"": ""tax_withholding""}, {""financial_entity"": ""aumento"", ""amount"": ""-1260.83"", ""detail"": ""tax_withholding""}, {""financial_entity"": ""cree"", ""amount"": ""-1833.45"", ""detail"": ""tax_withholding""}, {""marca"": ""CHEVIGNON""}}]""""";AUTORIZADO
TRX0140;"({account_name"": ""account_jjugkuoo"", ""callback_url"": ""https://transactionhub.vtexpayments.com.br/api/pvt/payment-provider/transactions/8MJH4WM2KYY0EUJ8XH7G59N2FSO494ZR"", ""delay_auto_settle"": ""7200"", ""merchant_name"": ""merchant_otumcv"", ""monto"": 320000, ""vtex_transaction_id"": ""8MJH4WM2KYY0EUJ8XH7G59N2FSO494ZR})""";09/07/2026 12:00;BANCO_C;"[{""financial_entity"": ""aumento"", ""amount"": ""-321.63"", ""detail"": ""tax_withholding""}, {""financial_entity"": ""cree"", ""amount"": ""-3882.08"", ""detail"": ""tax_withholding""}, {""financial_entity"": ""cree"", ""amount"": ""-2769.04"", ""detail"": ""tax_withholding""}, {""marca"": ""AMERICAN EAGLE""}]";AUTORIZADO
TRX0141;"[{account_name"": ""account_fyemmepi"", ""callback_url"": ""https://flowcash.vtexpayments.com.br/api/pvt/payment-provider/transactions/2UO2V6C4XBOB3HNRS5T857VKRK7PDE7B"", ""delay_auto_settle"": ""3600"", ""merchant_name"": ""merchant_swscgr"", ""monto\"": 150000, ""vtex_transaction_id"": ""2UO2V6C4XBOB3HNRS5T857VKRK7PDE7B""]";23/07/2026 10:00;BANCO_B;"({""financial_entity"": ""aumento"", ""amount"": ""-722.84"", ""detail"": ""tax_withholding""}, {""financial_entity"": ""ica"", ""amount"": ""-4694.04"", ""detail"": ""tax_withholding""}, {""financial_entity"": ""ica"", ""amount"": ""-1637.25"", ""detail"": ""tax_withholding""}, {""marca\"": ""AMERICAN EAGLE""})""";AUTORIZADO
TRX0142;"[{account_name"": ""account_pxndgmla"", ""callback_url"": ""https://quickpay.vtexpayments.com.br/api/pvt/payment-provider/transactions/R78AGX3SKVVM1DANBLX5LA2FLCDIMZ56"", ""delay_auto_settle"": ""3600"", ""merchant_name"": ""merchant_vanmzo"", ""monto"": 250000, ""vtex_transaction_id"": ""R78AGX3SKVVM1DANBLX5LA2FLCDIMZ56""]";20/07/2026 14:00;BANCO_C;"[{""financial_entity"": ""aumento"", ""amount"": ""-1600.93"", ""detail"": ""tax_withholding""}, {""financial_entity"": ""aumento"", ""amount"": ""-1960.29"", ""detail"": ""tax_withholding""}, {""marca"": ""CHEVIGNON""}]";AUTORIZADO
TRX0143;"[{account_name"": ""account_hbrmbnyf"", ""callback_url"": ""https://nexoflow.vtexpayments.com.br/api/pvt/payment-provider/transactions/VW173ZEB124ESNZIQGCKOGAK79BROT6O"", ""delay_auto_settle"": ""1800"", ""merchant_name"": ""merchant_ecnhmi"", ""monto\"": 340000, ""vtex_transaction_id"": ""VW173ZEB124ESNZIQGCKOGAK79BROT6O""]";14/07/2026 4:00;BANCO_C;"[{""financial_entity"": ""cree"", ""amount"": ""-3158.91"", ""detail"": ""tax_withholding""}, {""financial_entity"": ""ica"", ""amount"": ""-998.41"", ""detail"": ""tax_withholding""}, {""marca\"": ""NAF NAF""}]";AUTORIZADO
TRX0144;"({account_name"": ""account_dtrowkjf"", ""callback_url"": ""https://transitpay.vtexpayments.com.br/api/pvt/payment-provider/transactions/KAFW9KDU0KQJSPEF59HF7EMBZ0K3BZ3F"", ""delay_auto_settle"": ""7200"", ""merchant_name"": ""merchant_yltxev"", ""monto"": 340000, ""vtex_transaction_id"": ""KAFW9KDU0KQJSPEF59HF7EMBZ0K3BZ3F})""";21/07/2026 13:00;BANCO_C;"[{""financial_entity"": ""ica"", ""amount"": ""-4571.75"", ""detail"": ""tax_withholding""}, {""financial_entity"": ""iva"", ""amount"": ""-392.7"", ""detail"": ""tax_withholding""}, {""marca"": ""CHEVIGNON""}}]""""";AUTORIZADO
TRX0145;"""[{account_name"": ""account_elmmdkfu"", ""callback_url"": ""https://transitpay.vtexpayments.com.br/api/pvt/payment-provider/transactions/9WK5Y56W2QTR7CBMSY4490H3J5U162W6"", ""delay_auto_settle"": ""1800"", ""merchant_name"": ""merchant_hcokyg"", ""monto"": 350000, ""vtex_transaction_id"": ""9WK5Y56W2QTR7CBMSY4490H3J5U162W6}]""";12/07/2026 20:00;BANCO_B;"[{financial_entityfinancial_entity"": ""aumento"", ""amount"": ""-2673.95"", ""detail"": ""tax_withholding""}, {""financial_entity"": ""aumento"", ""amount"": ""-4610.83"", ""detail"": ""tax_withholding""}, {""financial_entity"": ""ica"", ""amount"": ""-4713.0"", ""detail"": ""tax_withholding""}, {""financial_entity"": ""cree"", ""amount"": ""-3489.64"", ""detail"": ""tax_withholding""}, {""marca"": ""AMERICAN EAGLE""}]""";AUTORIZADO
TRX0146;"[{account_name""account_ixkqhpey"", ""callback_url"": ""https://transitpay.vtexpayments.com.br/api/pvt/payment-provider/transactions/ELT4C2FVLG5AHNAT05HGTHBAGWJBBIBR"", ""delay_auto_settle"": ""1800"", ""merchant_name"": ""merchant_hxnabk"", ""monto"": 205000, ""vtex_transaction_id"": ""ELT4C2FVLG5AHNAT05HGTHBAGWJBBIBR}]""";14/07/2026 8:00;BANCO_A;"[{financial_entityfinancial_entity"": ""ica"", ""amount"": ""-3851.48"", ""detail"": ""tax_withholding""}, {""financial_entity"": ""cree"", ""amount"": ""-1089.6"", ""detail"": ""tax_withholding""}, {""financial_entity"": ""cree"", ""amount"": ""-2629.31"", ""detail"": ""tax_withholding""}, {""marca"": ""RIFLE""}]""";AUTORIZADO
TRX0147;"{""account_name"": ""account_ehbefbxc"", ""callback_url"": ""https://quickpay.vtexpayments.com.br/api/pvt/payment-provider/transactions/LOJTT7IKI73NPP86KM7S942QOV8OU1H7"", ""delay_auto_settle"": ""3600"", ""merchant_name"": ""merchant_ukidjg"", ""monto"": 175000, ""vtex_transaction_id"": ""LOJTT7IKI73NPP86KM7S942QOV8OU1H7}]""";26/07/2026 0:00;BANCO_C;"{{""financial_entity"": ""ica"", ""amount"": ""-4043.99"", ""detail"": ""tax_withholding""}, {""financial_entity"": ""ica"", ""amount"": ""-4608.99"", ""detail"": ""tax_withholding""}, {""financial_entity"": ""aumento"", ""amount"": ""-1165.71"", ""detail"": ""tax_withholding""}, {""financial_entity"": ""aumento"", ""amount"": ""-2773.68"", ""detail"": ""tax_withholding""}, {""marca"": ""NAF NAF""}]""";AUTORIZADO
TRX0148;"[{account_name"": ""account_tiuvnohn"", ""callback_url"": ""https://transactionhub.vtexpayments.com.br/api/pvt/payment-provider/transactions/DY3W06MPNWVD9Q7WMPKR3UG5PXZ7RMUK"", ""delay_auto_settle"": ""3600"", ""merchant_name"": ""merchant_mnhxwd"", ""monto"": 210000, ""vtex_transaction_id"": ""DY3W06MPNWVD9Q7WMPKR3UG5PXZ7RMUK""]";27/07/2026 2:00;BANCO_A;"[{financial_entityfinancial_entity"": ""iva"", ""amount"": ""-1000.22"", ""detail"": ""tax_withholding""}, {""financial_entity"": ""fuente"", ""amount"": ""-2786.43"", ""detail"": ""tax_withholding""}, {""marca"": ""RIFLE""}]""";AUTORIZADO
TRX0149;"""[{account_name"": ""account_ufqcmvii"", ""callback_url"": ""https://payflow.vtexpayments.com.br/api/pvt/payment-provider/transactions/Z8OCE8X4744SC1CFP9X3AYV9ZLN5DXFN"", ""delay_auto_settle"": ""7200"", ""merchant_name"": ""merchant_tjccqq"", ""monto"": ""$320.000,00"", ""vtex_transaction_id"": ""Z8OCE8X4744SC1CFP9X3AYV9ZLN5DXFN}]""";02/07/2026 20:00;BANCO_B;"""[{""financial_entity"": ""iva"", ""amount"": ""-793.87"", ""detail"": ""tax_withholding""}, {""financial_entity"": ""cree"", ""amount"": ""-4092.73"", ""detail"": ""tax_withholding""}, {""financial_entity"": ""cree"", ""amount"": ""-3770.07"", ""detail"": ""tax_withholding""}, {""financial_entity"": ""fuente"", ""amount"": ""-2331.4"", ""detail"": ""tax_withholding""}, {""marca"": ""AMERICANINO""}]""";AUTORIZADO
TRX0150;"[{account_name"": ""account_oppjtybq"", ""callback_url"": ""https://quickpay.vtexpayments.com.br/api/pvt/payment-provider/transactions/KKI76Z38NXLHE8HO4RQ5T2WGZWF9Q6TV"", ""delay_auto_settle"": ""1800"", ""merchant_name"": ""merchant_aoqeoi"", ""monto"": 205000, ""vtex_transaction_id"": ""KKI76Z38NXLHE8HO4RQ5T2WGZWF9Q6TV""]";02/07/2026 3:00;BANCO_B;"[{financial_entityfinancial_entity"": ""ica"", ""amount"": ""-840.06"", ""detail"": ""tax_withholding""}, {""financial_entity"": ""iva"", ""amount"": ""-952.71"", ""detail"": ""tax_withholding""}, {""financial_entity"": ""ica"", ""amount"": ""-3423.53"", ""detail"": ""tax_withholding""}, {""financial_entity"": ""aumento"", ""amount"": ""-674.79"", ""detail"": ""tax_withholding""}, {""marca"": ""NAF NAF""}]""";AUTORIZADO
TRX0151;"[{account_name"": ""account_naywglkk"", ""callback_url"": ""https://transitpay.vtexpayments.com.br/api/pvt/payment-provider/transactions/MF99N02OGOMGTZP3ILNT70AJ1X1JVTW7"", ""delay_auto_settle"": ""7200"", ""merchant_name"": ""merchant_kfvmpu"", ""monto"": ""$250.000,00"", ""vtex_transaction_id"": ""MF99N02OGOMGTZP3ILNT70AJ1X1JVTW7""]";14/07/2026 13:00;BANCO_A;"({""financial_entity"": ""ica"", ""amount"": ""-4685.5"", ""detail"": ""tax_withholding""}, {""financial_entity"": ""fuente"", ""amount"": ""-573.9"", ""detail"": ""tax_withholding""}, {""financial_entity"": ""aumento"", ""amount"": ""-3799.0"", ""detail"": ""tax_withholding""}, {""marca"": ""CHEVIGNON""})""";AUTORIZADO
TRX0152;"({account_name"": ""account_burmxfse"", ""callback_url"": ""https://transactionhub.vtexpayments.com.br/api/pvt/payment-provider/transactions/5MX8BL7ALEUELTTYCS5UU79EL9NILC7I"", ""delay_auto_settle"": ""1800"", ""merchant_name"": ""merchant_rezygv"", ""monto"": 155000, ""vtex_transaction_id"": ""5MX8BL7ALEUELTTYCS5UU79EL9NILC7I})""";01/07/2026 1:00;BANCO_C;"[{""financial_entity"": ""iva"", ""amount"": ""-4660.47"", ""detail"": ""tax_withholding""}, {""financial_entity"": ""aumento"", ""amount"": ""-4229.79"", ""detail"": ""tax_withholding""}, {""financial_entity"": ""iva"", ""amount"": ""-3692.04"", ""detail"": ""tax_withholding""}, {""marca"": ""CHEVIGNON""}}]""""";AUTORIZADO
TRX0153;"""[{account_name"": ""account_tfnzujpp"", ""callback_url"": ""https://transactionhub.vtexpayments.com.br/api/pvt/payment-provider/transactions/YCT35EVJSLML5H4BUNDFS1MVJLH1UMTX"", ""delay_auto_settle"": ""7200"", ""merchant_name"": ""merchant_qqdski"", ""monto"": 165000, ""vtex_transaction_id"": ""YCT35EVJSLML5H4BUNDFS1MVJLH1UMTX}]""";10/07/2026 19:00;BANCO_C;"[{""financial_entity"": ""ica"", ""amount"": ""-2837.18"", ""detail"": ""tax_withholding""}, {""financial_entity"": ""fuente"", ""amount"": ""-969.36"", ""detail"": ""tax_withholding""}, {""financial_entity"": ""iva"", ""amount"": ""-4981.93"", ""detail"": ""tax_withholding""}, {""financial_entity"": ""ica"", ""amount"": ""-1209.58"", ""detail"": ""tax_withholding""}, {""marca"": ""AMERICANINO""}}]""""";AUTORIZADO
TRX0154;"[{account_name""account_uaravvjk"", ""callback_url"": ""https://quickpay.vtexpayments.com.br/api/pvt/payment-provider/transactions/LLJ8J22R6FRZZU5H7X6AZF5O5L8JQROU"", ""delay_auto_settle"": ""3600"", ""merchant_name"": ""merchant_wpiybb"", ""monto"": 145000, ""vtex_transaction_id"": ""LLJ8J22R6FRZZU5H7X6AZF5O5L8JQROU}]""";05/07/2026 5:00;BANCO_B;"[{financial_entityfinancial_entity"": ""iva"", ""amount"": ""-1653.71"", ""detail"": ""tax_withholding""}, {""financial_entity"": ""iva"", ""amount"": ""-401.67"", ""detail"": ""tax_withholding""}, {""financial_entity"": ""ica"", ""amount"": ""-4107.52"", ""detail"": ""tax_withholding""}, {""marca"": ""CHEVIGNON""}]""";AUTORIZADO
TRX0155;"[{account_name"": ""account_fgncimfd"", ""callback_url"": ""https://quickpay.vtexpayments.com.br/api/pvt/payment-provider/transactions/HNXD05XV8JNB1VTTPP7V0RF328DFT48X"", ""delay_auto_settle"": ""1800"", ""merchant_name"": ""merchant_mahexc"", ""monto"": 275000, ""vtex_transaction_id"": ""HNXD05XV8JNB1VTTPP7V0RF328DFT48X""]";07/07/2026 21:00;BANCO_C;"({""financial_entity"": ""fuente"", ""amount"": ""-4688.3"", ""detail"": ""tax_withholding""}, {""financial_entity"": ""ica"", ""amount"": ""-4728.43"", ""detail"": ""tax_withholding""}, {""financial_entity"": ""cree"", ""amount"": ""-135.29"", ""detail"": ""tax_withholding""}, {""financial_entity"": ""cree"", ""amount"": ""-879.9"", ""detail"": ""tax_withholding""}, {""marca"": ""CHEVIGNON""})""";AUTORIZADO
TRX0156;"[{account_name"": ""account_vtrxlsje"", ""callback_url"": ""https://flowcash.vtexpayments.com.br/api/pvt/payment-provider/transactions/1F1EN1UYFE9YFWTBABN6C0G0VXQ6LQAJ"", ""delay_auto_settle"": ""3600"", ""merchant_name"": ""merchant_kwzxgm"", ""monto"": 175000, ""vtex_transaction_id"": ""1F1EN1UYFE9YFWTBABN6C0G0VXQ6LQAJ""}]""""";10/07/2026 2:00;BANCO_A;"({""financial_entity"": ""fuente"", ""amount"": ""-4071.5"", ""detail"": ""tax_withholding""}, {""financial_entity"": ""fuente"", ""amount"": ""-1469.08"", ""detail"": ""tax_withholding""}, {""financial_entity"": ""ica"", ""amount"": ""-4725.37"", ""detail"": ""tax_withholding""}, {""marca"": ""NAF NAF""})""";AUTORIZADO
TRX0157;"({account_name"": ""account_ztbfhldr"", ""callback_url"": ""https://quickpay.vtexpayments.com.br/api/pvt/payment-provider/transactions/GF4ZQI10G8XDGBGFBTL16TVQW9H1B56S"", ""delay_auto_settle"": ""3600"", ""merchant_name"": ""merchant_qluxht"", ""monto"": 275000, ""vtex_transaction_id"": ""GF4ZQI10G8XDGBGFBTL16TVQW9H1B56S})""";12/07/2026 8:00;BANCO_C;"""[{""financial_entity"": ""iva"", ""amount"": ""-1085.42"", ""detail"": ""tax_withholding""}, {""financial_entity"": ""cree"", ""amount"": ""-3357.11"", ""detail"": ""tax_withholding""}, {""marca"": ""RIFLE""}]""";AUTORIZADO
TRX0158;"[{account_name"": ""account_ewwkgumx"", ""callback_url"": ""https://payflow.vtexpayments.com.br/api/pvt/payment-provider/transactions/TXOFJN39WV8RYRX33RKQGUNJ4RYFH0VY"", ""delay_auto_settle"": ""7200"", ""merchant_name"": ""merchant_nkecgq"", ""monto"": 225000, ""vtex_transaction_id"": ""TXOFJN39WV8RYRX33RKQGUNJ4RYFH0VY""}]""""";09/07/2026 13:00;BANCO_C;"[{financial_entityfinancial_entity"": ""fuente"", ""amount"": ""-4933.91"", ""detail"": ""tax_withholding""}, {""financial_entity"": ""cree"", ""amount"": ""-1546.81"", ""detail"": ""tax_withholding""}, {""marca"": ""NAF NAF""}]""";AUTORIZADO
TRX0159;"{""account_name"": ""account_kpocyzjy"", ""callback_url"": ""https://transactionhub.vtexpayments.com.br/api/pvt/payment-provider/transactions/7JK48DACQNZHOQE3JMLV4EKW4QX9RGTU"", ""delay_auto_settle"": ""3600"", ""merchant_name"": ""merchant_sgdemq"", ""monto"": 145000, ""vtex_transaction_id"": ""7JK48DACQNZHOQE3JMLV4EKW4QX9RGTU}]""";14/07/2026 7:00;BANCO_B;"({""financial_entity"": ""fuente"", ""amount"": ""-3806.98"", ""detail"": ""tax_withholding""}, {""financial_entity"": ""aumento"", ""amount"": ""-2294.02"", ""detail"": ""tax_withholding""}, {""financial_entity"": ""aumento"", ""amount"": ""-1350.3"", ""detail"": ""tax_withholding""}, {""marca"": ""RIFLE""})""";AUTORIZADO
TRX0160;"[{account_name""account_ysxlowtd"", ""callback_url"": ""https://quickpay.vtexpayments.com.br/api/pvt/payment-provider/transactions/IW6DRZ9PN44R5X03Z6UYR8ZWGJHUTVKH"", ""delay_auto_settle"": ""1800"", ""merchant_name"": ""merchant_ezijsr"", ""monto"": 320000, ""vtex_transaction_id"": ""IW6DRZ9PN44R5X03Z6UYR8ZWGJHUTVKH}]""";17/07/2026 3:00;BANCO_B;"[{""financial_entity"": ""iva"", ""amount"": ""-999.69"", ""detail"": ""tax_withholding""}, {""financial_entity"": ""ica"", ""amount"": ""-355.91"", ""detail"": ""tax_withholding""}, {""marca"": ""NAF NAF""}}]""""";AUTORIZADO
TRX0161;"""[{account_name"": ""account_immwizod"", ""callback_url"": ""https://payflow.vtexpayments.com.br/api/pvt/payment-provider/transactions/7PIICQT30FCD2WOEM72O1R6VCC7RYL6Z"", ""delay_auto_settle"": ""3600"", ""merchant_name"": ""merchant_yjbkik"", ""monto"": 150000, ""vtex_transaction_id"": ""7PIICQT30FCD2WOEM72O1R6VCC7RYL6Z}]""";18/07/2026 15:00;BANCO_A;"[{financial_entityfinancial_entity"": ""aumento"", ""amount"": ""-4957.46"", ""detail"": ""tax_withholding""}, {""financial_entity"": ""fuente"", ""amount"": ""-1818.23"", ""detail"": ""tax_withholding""}, {""financial_entity"": ""fuente"", ""amount"": ""-2200.04"", ""detail"": ""tax_withholding""}, {""financial_entity"": ""aumento"", ""amount"": ""-2890.58"", ""detail"": ""tax_withholding""}, {""marca"": ""AMERICANINO""}]""";AUTORIZADO
TRX0162;"[{account_name"": ""account_dejanfit"", ""callback_url"": ""https://transactionhub.vtexpayments.com.br/api/pvt/payment-provider/transactions/1WU080MBN5XI6I6RLRNAOGPCRK0A1DZ7"", ""delay_auto_settle"": ""3600"", ""merchant_name"": ""merchant_stcgne"", ""monto"": ""$95.000,00"", ""vtex_transaction_id"": ""1WU080MBN5XI6I6RLRNAOGPCRK0A1DZ7""]";29/07/2026 1:00;BANCO_A;"[{""financial_entity"": ""fuente"", ""amount"": ""-423.17"", ""detail"": ""tax_withholding""}, {""financial_entity"": ""aumento"", ""amount"": ""-3833.11"", ""detail"": ""tax_withholding""}, {""financial_entity"": ""cree"", ""amount"": ""-978.4"", ""detail"": ""tax_withholding""}, {""marca"": ""AMERICAN EAGLE""}}]""""";AUTORIZADO
TRX0163;"[{account_name"": ""account_ksuvfaxf"", ""callback_url"": ""https://nexoflow.vtexpayments.com.br/api/pvt/payment-provider/transactions/I505OC6UVM5XZDYJUR4TSSXPBC5BYMXU"", ""delay_auto_settle"": ""3600"", ""merchant_name"": ""merchant_mhbwmf"", ""monto"": 95000, ""vtex_transaction_id"": ""I505OC6UVM5XZDYJUR4TSSXPBC5BYMXU""]";06/07/2026 8:00;BANCO_C;"{{""financial_entity"": ""iva"", ""amount"": ""-504.84"", ""detail"": ""tax_withholding""}, {""financial_entity"": ""ica"", ""amount"": ""-2735.07"", ""detail"": ""tax_withholding""}, {""financial_entity"": ""fuente"", ""amount"": ""-1409.42"", ""detail"": ""tax_withholding""}, {""marca"": ""AMERICANINO""}]""";AUTORIZADO
TRX0164;"({account_name"": ""account_casrpkpx"", ""callback_url"": ""https://transactionhub.vtexpayments.com.br/api/pvt/payment-provider/transactions/EAJXQ5AFBNMGGK6L835D4691DYZ2QIP8"", ""delay_auto_settle"": ""3600"", ""merchant_name"": ""merchant_abkvqr"", ""monto"": 289000, ""vtex_transaction_id"": ""EAJXQ5AFBNMGGK6L835D4691DYZ2QIP8})""";20/07/2026 2:00;BANCO_C;"[{financial_entityfinancial_entity"": ""aumento"", ""amount"": ""-1527.52"", ""detail"": ""tax_withholding""}, {""financial_entity"": ""aumento"", ""amount"": ""-4464.94"", ""detail"": ""tax_withholding""}, {""financial_entity"": ""aumento"", ""amount"": ""-794.65"", ""detail"": ""tax_withholding""}, {""marca"": ""AMERICANINO""}]""";AUTORIZADO
TRX0165;"{""account_name"": ""account_momqwmfd"", ""callback_url"": ""https://transitpay.vtexpayments.com.br/api/pvt/payment-provider/transactions/9AFP99IHB84ANLFKPQVDMY3I46M1R7LM"", ""delay_auto_settle"": ""3600"", ""merchant_name"": ""merchant_hvegcz"", ""monto"": 180000, ""vtex_transaction_id"": ""9AFP99IHB84ANLFKPQVDMY3I46M1R7LM}]""";14/07/2026 18:00;BANCO_C;"{{""financial_entity"": ""iva"", ""amount"": ""-982.06"", ""detail"": ""tax_withholding""}, {""financial_entity"": ""aumento"", ""amount"": ""-4384.69"", ""detail"": ""tax_withholding""}, {""marca"": ""CHEVIGNON""}]""";AUTORIZADO
TRX0166;"[{account_name""account_bppxzavi"", ""callback_url"": ""https://payflow.vtexpayments.com.br/api/pvt/payment-provider/transactions/21PHP2YKAMDCBJMMG796XE7EJ0334S6W"", ""delay_auto_settle"": ""7200"", ""merchant_name"": ""merchant_bweder"", ""monto"": 340000, ""vtex_transaction_id"": ""21PHP2YKAMDCBJMMG796XE7EJ0334S6W}]""";01/07/2026 5:00;BANCO_B;"[{""financial_entity"": ""fuente"", ""amount"": ""-2265.71"", ""detail"": ""tax_withholding""}, {""financial_entity"": ""fuente"", ""amount"": ""-973.01"", ""detail"": ""tax_withholding""}, {""financial_entity"": ""iva"", ""amount"": ""-3793.89"", ""detail"": ""tax_withholding""}, {""financial_entity"": ""fuente"", ""amount"": ""-3468.75"", ""detail"": ""tax_withholding""}, {""marca"": ""AMERICAN EAGLE""}}]""""";AUTORIZADO
TRX0167;"({account_name"": ""account_ifnzjteh"", ""callback_url"": ""https://transitpay.vtexpayments.com.br/api/pvt/payment-provider/transactions/S94LNKY3V0L9466AEIXC4JN4C74RX7W6"", ""delay_auto_settle"": ""1800"", ""merchant_name"": ""merchant_hcbtlb"", ""monto"": ""$188.000,00"", ""vtex_transaction_id"": ""S94LNKY3V0L9466AEIXC4JN4C74RX7W6})""";04/07/2026 1:00;BANCO_B;"[{""financial_entity"": ""iva"", ""amount"": ""-3825.42"", ""detail"": ""tax_withholding""}, {""financial_entity"": ""fuente"", ""amount"": ""-2486.05"", ""detail"": ""tax_withholding""}, {""marca"": ""AMERICAN EAGLE""}}]""""";AUTORIZADO
TRX0168;"{""account_name"": ""account_aeizpleh"", ""callback_url"": ""https://flowcash.vtexpayments.com.br/api/pvt/payment-provider/transactions/B9BN7HGA9JQG6S3ZKV31XN6VYIJU3ISR"", ""delay_auto_settle"": ""7200"", ""merchant_name"": ""merchant_felllx"", ""monto"": 250000, ""vtex_transaction_id"": ""B9BN7HGA9JQG6S3ZKV31XN6VYIJU3ISR}]""";26/07/2026 8:00;BANCO_A;"({""financial_entity"": ""cree"", ""amount"": ""-115.15"", ""detail"": ""tax_withholding""}, {""financial_entity"": ""cree"", ""amount"": ""-4449.25"", ""detail"": ""tax_withholding""}, {""marca"": ""AMERICANINO""})""";AUTORIZADO
TRX0169;"[{account_name""account_pqtmhofv"", ""callback_url"": ""https://flowcash.vtexpayments.com.br/api/pvt/payment-provider/transactions/VRZ0UU98SMGQT23HQPZTH117DYQGBCOT"", ""delay_auto_settle"": ""1800"", ""merchant_name"": ""merchant_otqmpz"", ""monto"": 210000, ""vtex_transaction_id"": ""VRZ0UU98SMGQT23HQPZTH117DYQGBCOT}]""";29/07/2026 15:00;BANCO_C;"{{""financial_entity"": ""fuente"", ""amount"": ""-2294.38"", ""detail"": ""tax_withholding""}, {""financial_entity"": ""cree"", ""amount"": ""-2538.82"", ""detail"": ""tax_withholding""}, {""financial_entity"": ""cree"", ""amount"": ""-1987.76"", ""detail"": ""tax_withholding""}, {""financial_entity"": ""ica"", ""amount"": ""-4469.1"", ""detail"": ""tax_withholding""}, {""marca"": ""AMERICAN EAGLE""}]""";AUTORIZADO
TRX0170;"({account_name"": ""account_ncvultal"", ""callback_url"": ""https://quickpay.vtexpayments.com.br/api/pvt/payment-provider/transactions/FDX6WFSE0IE3EDKEG9HZH7PMVPH7OOPR"", ""delay_auto_settle"": ""1800"", ""merchant_name"": ""merchant_kevomr"", ""monto"": 155000, ""vtex_transaction_id"": ""FDX6WFSE0IE3EDKEG9HZH7PMVPH7OOPR})""";22/07/2026 1:00;BANCO_B;"{{""financial_entity"": ""aumento"", ""amount"": ""-4975.82"", ""detail"": ""tax_withholding""}, {""financial_entity"": ""ica"", ""amount"": ""-870.28"", ""detail"": ""tax_withholding""}, {""financial_entity"": ""cree"", ""amount"": ""-512.66"", ""detail"": ""tax_withholding""}, {""financial_entity"": ""ica"", ""amount"": ""-4466.17"", ""detail"": ""tax_withholding""}, {""marca"": ""CHEVIGNON""}]""";AUTORIZADO
TRX0171;"({account_name"": ""account_qrjopxhj"", ""callback_url"": ""https://nexoflow.vtexpayments.com.br/api/pvt/payment-provider/transactions/L9SVX6S6VD791B05JLEEKAVLJMKBVJ7V"", ""delay_auto_settle"": ""1800"", ""merchant_name"": ""merchant_xphnko"", ""monto"": 175000, ""vtex_transaction_id"": ""L9SVX6S6VD791B05JLEEKAVLJMKBVJ7V})""";10/07/2026 7:00;BANCO_C;"({""financial_entity"": ""iva"", ""amount"": ""-4818.07"", ""detail"": ""tax_withholding""}, {""financial_entity"": ""ica"", ""amount"": ""-3989.96"", ""detail"": ""tax_withholding""}, {""financial_entity"": ""ica"", ""amount"": ""-431.27"", ""detail"": ""tax_withholding""}, {""financial_entity"": ""iva"", ""amount"": ""-4040.56"", ""detail"": ""tax_withholding""}, {""marca"": ""NAF NAF""})""";AUTORIZADO
TRX0172;"({account_name"": ""account_drslublo"", ""callback_url"": ""https://quickpay.vtexpayments.com.br/api/pvt/payment-provider/transactions/MZ4L9R7N3SIYVEVK5UE08OVQMYPNCDBQ"", ""delay_auto_settle"": ""7200"", ""merchant_name"": ""merchant_vwlham"", ""monto"": 205000, ""vtex_transaction_id"": ""MZ4L9R7N3SIYVEVK5UE08OVQMYPNCDBQ})""";15/07/2026 0:00;BANCO_B;"[{""financial_entity"": ""fuente"", ""amount"": ""-3102.85"", ""detail"": ""tax_withholding""}, {""financial_entity"": ""ica"", ""amount"": ""-3686.66"", ""detail"": ""tax_withholding""}, {""marca"": ""NAF NAF""}}]""""";AUTORIZADO
TRX0173;"[{account_name"": ""account_agvbsvti"", ""callback_url"": ""https://payflow.vtexpayments.com.br/api/pvt/payment-provider/transactions/2UA9RCSDRVGXJTJYJKHP4BR6HOIFUTOZ"", ""delay_auto_settle"": ""3600"", ""merchant_name"": ""merchant_kdbgnv"", ""monto\"": 165000, ""vtex_transaction_id"": ""2UA9RCSDRVGXJTJYJKHP4BR6HOIFUTOZ""]";24/07/2026 13:00;BANCO_C;"[{""financial_entity"": ""aumento"", ""amount"": ""-4238.0"", ""detail"": ""tax_withholding""}, {""financial_entity"": ""aumento"", ""amount"": ""-2134.15"", ""detail"": ""tax_withholding""}, {""financial_entity"": ""ica"", ""amount"": ""-2016.76"", ""detail"": ""tax_withholding""}, {""financial_entity"": ""ica"", ""amount"": ""-3280.2"", ""detail"": ""tax_withholding""}, {""marca\"": ""RIFLE""}}]""""";AUTORIZADO
TRX0174;"[{account_name"": ""account_wauhhbnq"", ""callback_url"": ""https://transitpay.vtexpayments.com.br/api/pvt/payment-provider/transactions/47XGIR4LETPQ32ET61GT0F5NJHDQ6PW2"", ""delay_auto_settle"": ""1800"", ""merchant_name"": ""merchant_dqatxv"", ""monto"": 340000, ""vtex_transaction_id"": ""47XGIR4LETPQ32ET61GT0F5NJHDQ6PW2""]";12/07/2026 1:00;BANCO_A;"[{financial_entityfinancial_entity"": ""ica"", ""amount"": ""-217.71"", ""detail"": ""tax_withholding""}, {""financial_entity"": ""aumento"", ""amount"": ""-2193.52"", ""detail"": ""tax_withholding""}, {""financial_entity"": ""fuente"", ""amount"": ""-3662.27"", ""detail"": ""tax_withholding""}, {""marca"": ""CHEVIGNON""}]""";AUTORIZADO
TRX0175;"[{account_name"": ""account_viwvnnvj"", ""callback_url"": ""https://quickpay.vtexpayments.com.br/api/pvt/payment-provider/transactions/58811UQV7D5LEASKG7ZBADVRPPWD96X7"", ""delay_auto_settle"": ""1800"", ""merchant_name"": ""merchant_vsoihz"", ""monto\"": 340000, ""vtex_transaction_id"": ""58811UQV7D5LEASKG7ZBADVRPPWD96X7""}]""""";27/07/2026 7:00;BANCO_A;"""[{""financial_entity"": ""fuente"", ""amount"": ""-4244.67"", ""detail"": ""tax_withholding""}, {""financial_entity"": ""fuente"", ""amount"": ""-1581.02"", ""detail"": ""tax_withholding""}, {""financial_entity"": ""cree"", ""amount"": ""-2353.43"", ""detail"": ""tax_withholding""}, {""marca\"": ""AMERICANINO""}]""";AUTORIZADO
TRX0176;"[{account_name"": ""account_dvelvbjb"", ""callback_url"": ""https://nexoflow.vtexpayments.com.br/api/pvt/payment-provider/transactions/F75293ZZ3KKJILXZICKOCDVANAWBE81L"", ""delay_auto_settle"": ""1800"", ""merchant_name"": ""merchant_lpyfct"", ""monto"": 275000, ""vtex_transaction_id"": ""F75293ZZ3KKJILXZICKOCDVANAWBE81L""]";29/07/2026 23:00;BANCO_B;"[{financial_entityfinancial_entity"": ""cree"", ""amount"": ""-3021.81"", ""detail"": ""tax_withholding""}, {""financial_entity"": ""cree"", ""amount"": ""-3753.76"", ""detail"": ""tax_withholding""}, {""marca"": ""AMERICANINO""}]""";AUTORIZADO
TRX0177;"({account_name"": ""account_ipyzufdc"", ""callback_url"": ""https://transitpay.vtexpayments.com.br/api/pvt/payment-provider/transactions/MN0ZNVL9KWCQ8IQI5DVZCK8BSGFWNPKD"", ""delay_auto_settle"": ""1800"", ""merchant_name"": ""merchant_vutsli"", ""monto\"": 150000, ""vtex_transaction_id"": ""MN0ZNVL9KWCQ8IQI5DVZCK8BSGFWNPKD})""";27/07/2026 9:00;BANCO_C;"""[{""financial_entity"": ""iva"", ""amount"": ""-2778.32"", ""detail"": ""tax_withholding""}, {""financial_entity"": ""iva"", ""amount"": ""-4384.85"", ""detail"": ""tax_withholding""}, {""marca\"": ""CHEVIGNON""}]""";AUTORIZADO
TRX0178;"[{account_name""account_askxiegu"", ""callback_url"": ""https://flowcash.vtexpayments.com.br/api/pvt/payment-provider/transactions/QT39WY1R8SES5S4DWQ1A4GS3K1B8WKY6"", ""delay_auto_settle"": ""3600"", ""merchant_name"": ""merchant_hgcpbp"", ""monto"": 310000, ""vtex_transaction_id"": ""QT39WY1R8SES5S4DWQ1A4GS3K1B8WKY6}]""";20/07/2026 18:00;BANCO_A;"[{""financial_entity"": ""ica"", ""amount"": ""-2289.13"", ""detail"": ""tax_withholding""}, {""financial_entity"": ""iva"", ""amount"": ""-3319.84"", ""detail"": ""tax_withholding""}, {""financial_entity"": ""aumento"", ""amount"": ""-838.12"", ""detail"": ""tax_withholding""}, {""marca"": ""AMERICAN EAGLE""}]";AUTORIZADO
TRX0179;"[{account_name""account_sxqznunz"", ""callback_url"": ""https://payflow.vtexpayments.com.br/api/pvt/payment-provider/transactions/G5GBFWUIBPZAVE4695WUN6M0FE07D7QJ"", ""delay_auto_settle"": ""3600"", ""merchant_name"": ""merchant_jueqdp"", ""monto"": 195000, ""vtex_transaction_id"": ""G5GBFWUIBPZAVE4695WUN6M0FE07D7QJ}]""";25/07/2026 12:00;BANCO_C;"[{""financial_entity"": ""ica"", ""amount"": ""-1876.55"", ""detail"": ""tax_withholding""}, {""financial_entity"": ""fuente"", ""amount"": ""-367.14"", ""detail"": ""tax_withholding""}, {""financial_entity"": ""cree"", ""amount"": ""-736.4"", ""detail"": ""tax_withholding""}, {""financial_entity"": ""ica"", ""amount"": ""-3626.32"", ""detail"": ""tax_withholding""}, {""marca"": ""RIFLE""}}]""""";AUTORIZADO
TRX0180;"{""account_name"": ""account_pqjfcqrc"", ""callback_url"": ""https://payflow.vtexpayments.com.br/api/pvt/payment-provider/transactions/YGP6PVRTTWYQO905XGRGD524KJXA5FOJ"", ""delay_auto_settle"": ""1800"", ""merchant_name"": ""merchant_wtimin"", ""monto"": 320000, ""vtex_transaction_id"": ""YGP6PVRTTWYQO905XGRGD524KJXA5FOJ}]""";29/07/2026 7:00;BANCO_A;"({""financial_entity"": ""ica"", ""amount"": ""-4061.22"", ""detail"": ""tax_withholding""}, {""financial_entity"": ""cree"", ""amount"": ""-1551.44"", ""detail"": ""tax_withholding""}, {""financial_entity"": ""iva"", ""amount"": ""-2324.29"", ""detail"": ""tax_withholding""}, {""marca"": ""CHEVIGNON""})""";AUTORIZADO
TRX0181;"[{account_name"": ""account_zeazgjpn"", ""callback_url"": ""https://flowcash.vtexpayments.com.br/api/pvt/payment-provider/transactions/W4JD84LIKWPBUDP6VHVAEKFYS9HGSZ8V"", ""delay_auto_settle"": ""7200"", ""merchant_name"": ""merchant_rdfuke"", ""monto"": 310000, ""vtex_transaction_id"": ""W4JD84LIKWPBUDP6VHVAEKFYS9HGSZ8V""}]""""";25/07/2026 1:00;BANCO_A;"({""financial_entity"": ""cree"", ""amount"": ""-3634.53"", ""detail"": ""tax_withholding""}, {""financial_entity"": ""iva"", ""amount"": ""-2521.79"", ""detail"": ""tax_withholding""}, {""financial_entity"": ""ica"", ""amount"": ""-4003.77"", ""detail"": ""tax_withholding""}, {""financial_entity"": ""fuente"", ""amount"": ""-1570.49"", ""detail"": ""tax_withholding""}, {""marca"": ""CHEVIGNON""})""";AUTORIZADO
TRX0182;"[{account_name""account_aphyxqql"", ""callback_url"": ""https://transactionhub.vtexpayments.com.br/api/pvt/payment-provider/transactions/034RI8ZGRTLHGGNV3MZJC0E8Q4U5UYXO"", ""delay_auto_settle"": ""3600"", ""merchant_name"": ""merchant_ahmujv"", ""monto"": ""$340.000,00"", ""vtex_transaction_id"": ""034RI8ZGRTLHGGNV3MZJC0E8Q4U5UYXO}]""";12/07/2026 8:00;BANCO_A;"({""financial_entity"": ""aumento"", ""amount"": ""-487.72"", ""detail"": ""tax_withholding""}, {""financial_entity"": ""aumento"", ""amount"": ""-450.23"", ""detail"": ""tax_withholding""}, {""financial_entity"": ""aumento"", ""amount"": ""-1289.12"", ""detail"": ""tax_withholding""}, {""financial_entity"": ""cree"", ""amount"": ""-4390.53"", ""detail"": ""tax_withholding""}, {""marca"": ""AMERICANINO""})""";AUTORIZADO
TRX0183;"{""account_name"": ""account_szirjzed"", ""callback_url"": ""https://transactionhub.vtexpayments.com.br/api/pvt/payment-provider/transactions/3LAPKRNTL9MK0XKBL54POL60FFF7SA2N"", ""delay_auto_settle"": ""7200"", ""merchant_name"": ""merchant_rtmhlp"", ""monto"": 198000, ""vtex_transaction_id"": ""3LAPKRNTL9MK0XKBL54POL60FFF7SA2N}]""";08/07/2026 3:00;BANCO_B;"[{""financial_entity"": ""aumento"", ""amount"": ""-3583.29"", ""detail"": ""tax_withholding""}, {""financial_entity"": ""ica"", ""amount"": ""-3592.78"", ""detail"": ""tax_withholding""}, {""financial_entity"": ""ica"", ""amount"": ""-3701.16"", ""detail"": ""tax_withholding""}, {""marca"": ""CHEVIGNON""}]";AUTORIZADO
TRX0184;"[{account_name""account_cijpozkq"", ""callback_url"": ""https://flowcash.vtexpayments.com.br/api/pvt/payment-provider/transactions/CLOIO4CIUH27I2P9RPJZM1UMN6THK6DO"", ""delay_auto_settle"": ""1800"", ""merchant_name"": ""merchant_yvcoey"", ""monto\"": 310000, ""vtex_transaction_id"": ""CLOIO4CIUH27I2P9RPJZM1UMN6THK6DO}]""";10/07/2026 5:00;BANCO_A;"""[{""financial_entity"": ""ica"", ""amount"": ""-2403.93"", ""detail"": ""tax_withholding""}, {""financial_entity"": ""iva"", ""amount"": ""-4953.42"", ""detail"": ""tax_withholding""}, {""financial_entity"": ""ica"", ""amount"": ""-1907.59"", ""detail"": ""tax_withholding""}, {""financial_entity"": ""aumento"", ""amount"": ""-1965.12"", ""detail"": ""tax_withholding""}, {""marca\"": ""RIFLE""}]""";AUTORIZADO
TRX0185;"[{account_name""account_tdrybhqc"", ""callback_url"": ""https://nexoflow.vtexpayments.com.br/api/pvt/payment-provider/transactions/JZFDDXO1C37Q6FEMPKI528B77P6YPEPL"", ""delay_auto_settle"": ""1800"", ""merchant_name"": ""merchant_tsvyyz"", ""monto"": 198000, ""vtex_transaction_id"": ""JZFDDXO1C37Q6FEMPKI528B77P6YPEPL}]""";10/07/2026 1:00;BANCO_A;"[{""financial_entity"": ""ica"", ""amount"": ""-898.36"", ""detail"": ""tax_withholding""}, {""financial_entity"": ""iva"", ""amount"": ""-3230.44"", ""detail"": ""tax_withholding""}, {""financial_entity"": ""aumento"", ""amount"": ""-3680.28"", ""detail"": ""tax_withholding""}, {""financial_entity"": ""aumento"", ""amount"": ""-2100.64"", ""detail"": ""tax_withholding""}, {""marca"": ""AMERICAN EAGLE""}]";AUTORIZADO
TRX0186;"{""account_name"": ""account_gszrgehn"", ""callback_url"": ""https://quickpay.vtexpayments.com.br/api/pvt/payment-provider/transactions/JTWFO4NATCNNK1MDSE5K3A5AS2FZPGGN"", ""delay_auto_settle"": ""3600"", ""merchant_name"": ""merchant_gkcxho"", ""monto"": ""$320.000,00"", ""vtex_transaction_id"": ""JTWFO4NATCNNK1MDSE5K3A5AS2FZPGGN}]""";15/07/2026 13:00;BANCO_C;"({""financial_entity"": ""cree"", ""amount"": ""-4800.01"", ""detail"": ""tax_withholding""}, {""financial_entity"": ""cree"", ""amount"": ""-3483.4"", ""detail"": ""tax_withholding""}, {""financial_entity"": ""fuente"", ""amount"": ""-4203.01"", ""detail"": ""tax_withholding""}, {""financial_entity"": ""iva"", ""amount"": ""-920.48"", ""detail"": ""tax_withholding""}, {""marca"": ""RIFLE""})""";AUTORIZADO
TRX0187;"[{account_name"": ""account_mjyhiowu"", ""callback_url"": ""https://nexoflow.vtexpayments.com.br/api/pvt/payment-provider/transactions/W8YJ5ZZU01SXY0641BTPYLBS6RS0AU0G"", ""delay_auto_settle"": ""7200"", ""merchant_name"": ""merchant_izrsvc"", ""monto"": ""$275.000,00"", ""vtex_transaction_id"": ""W8YJ5ZZU01SXY0641BTPYLBS6RS0AU0G""]";20/07/2026 10:00;BANCO_C;"({""financial_entity"": ""iva"", ""amount"": ""-806.42"", ""detail"": ""tax_withholding""}, {""financial_entity"": ""ica"", ""amount"": ""-316.36"", ""detail"": ""tax_withholding""}, {""financial_entity"": ""aumento"", ""amount"": ""-910.5"", ""detail"": ""tax_withholding""}, {""marca"": ""RIFLE""})""";AUTORIZADO
TRX0188;"[{account_name""account_resyexfa"", ""callback_url"": ""https://nexoflow.vtexpayments.com.br/api/pvt/payment-provider/transactions/GVWOMRS21FZ0O69HHG58PQU985N4LQ3E"", ""delay_auto_settle"": ""3600"", ""merchant_name"": ""merchant_qrsqpr"", ""monto"": 310000, ""vtex_transaction_id"": ""GVWOMRS21FZ0O69HHG58PQU985N4LQ3E}]""";07/07/2026 23:00;BANCO_C;"[{financial_entityfinancial_entity"": ""ica"", ""amount"": ""-4467.72"", ""detail"": ""tax_withholding""}, {""financial_entity"": ""cree"", ""amount"": ""-4109.01"", ""detail"": ""tax_withholding""}, {""financial_entity"": ""ica"", ""amount"": ""-148.3"", ""detail"": ""tax_withholding""}, {""financial_entity"": ""aumento"", ""amount"": ""-3897.7"", ""detail"": ""tax_withholding""}, {""marca"": ""CHEVIGNON""}]""";AUTORIZADO
TRX0189;"[{account_name""account_elyuhkqf"", ""callback_url"": ""https://payflow.vtexpayments.com.br/api/pvt/payment-provider/transactions/GUYP3T7VDDOZKN0XMPK1ZY1B8GHXN5NT"", ""delay_auto_settle"": ""7200"", ""merchant_name"": ""merchant_wngzth"", ""monto"": 310000, ""vtex_transaction_id"": ""GUYP3T7VDDOZKN0XMPK1ZY1B8GHXN5NT}]""";17/07/2026 4:00;BANCO_C;"[{financial_entityfinancial_entity"": ""aumento"", ""amount"": ""-3450.91"", ""detail"": ""tax_withholding""}, {""financial_entity"": ""iva"", ""amount"": ""-2769.7"", ""detail"": ""tax_withholding""}, {""marca"": ""NAF NAF""}]""";AUTORIZADO
TRX0190;"[{account_name"": ""account_kobswkze"", ""callback_url"": ""https://quickpay.vtexpayments.com.br/api/pvt/payment-provider/transactions/CGI3NMG4NRL9Z7EJP6ETCRE70AB8MX8L"", ""delay_auto_settle"": ""7200"", ""merchant_name"": ""merchant_cvbmse"", ""monto"": ""$145.000,00"", ""vtex_transaction_id"": ""CGI3NMG4NRL9Z7EJP6ETCRE70AB8MX8L""]";29/07/2026 2:00;BANCO_C;"[{""financial_entity"": ""iva"", ""amount"": ""-2479.44"", ""detail"": ""tax_withholding""}, {""financial_entity"": ""ica"", ""amount"": ""-1184.81"", ""detail"": ""tax_withholding""}, {""financial_entity"": ""ica"", ""amount"": ""-3983.07"", ""detail"": ""tax_withholding""}, {""financial_entity"": ""ica"", ""amount"": ""-3526.05"", ""detail"": ""tax_withholding""}, {""marca"": ""CHEVIGNON""}}]""""";AUTORIZADO
TRX0191;"""[{account_name"": ""account_iazvcpqk"", ""callback_url"": ""https://quickpay.vtexpayments.com.br/api/pvt/payment-provider/transactions/FRRWMIGB63S7MV6N8W7V01YVJSACX1XQ"", ""delay_auto_settle"": ""1800"", ""merchant_name"": ""merchant_dutxuv"", ""monto"": 155000, ""vtex_transaction_id"": ""FRRWMIGB63S7MV6N8W7V01YVJSACX1XQ}]""";08/07/2026 14:00;BANCO_C;"{{""financial_entity"": ""fuente"", ""amount"": ""-128.29"", ""detail"": ""tax_withholding""}, {""financial_entity"": ""cree"", ""amount"": ""-3956.74"", ""detail"": ""tax_withholding""}, {""marca"": ""RIFLE""}]""";AUTORIZADO
TRX0192;"[{account_name"": ""account_rgrnkqiz"", ""callback_url"": ""https://quickpay.vtexpayments.com.br/api/pvt/payment-provider/transactions/RT0LBL1CQK4JGTI6NKN8R4QP6XRREE04"", ""delay_auto_settle"": ""3600"", ""merchant_name"": ""merchant_emzmvl"", ""monto"": 188000, ""vtex_transaction_id"": ""RT0LBL1CQK4JGTI6NKN8R4QP6XRREE04""}]""""";07/07/2026 2:00;BANCO_A;"({""financial_entity"": ""cree"", ""amount"": ""-4512.23"", ""detail"": ""tax_withholding""}, {""financial_entity"": ""iva"", ""amount"": ""-1582.36"", ""detail"": ""tax_withholding""}, {""marca"": ""CHEVIGNON""})""";AUTORIZADO
TRX0193;"[{account_name""account_oavosoke"", ""callback_url"": ""https://transactionhub.vtexpayments.com.br/api/pvt/payment-provider/transactions/4MUNB31XZYWXD219MCJGF1YENH3MDEH8"", ""delay_auto_settle"": ""3600"", ""merchant_name"": ""merchant_jioubi"", ""monto"": 198000, ""vtex_transaction_id"": ""4MUNB31XZYWXD219MCJGF1YENH3MDEH8}]""";26/07/2026 0:00;BANCO_C;"[{""financial_entity"": ""ica"", ""amount"": ""-1775.96"", ""detail"": ""tax_withholding""}, {""financial_entity"": ""ica"", ""amount"": ""-2174.53"", ""detail"": ""tax_withholding""}, {""financial_entity"": ""fuente"", ""amount"": ""-3017.55"", ""detail"": ""tax_withholding""}, {""financial_entity"": ""fuente"", ""amount"": ""-1000.74"", ""detail"": ""tax_withholding""}, {""marca"": ""CHEVIGNON""}]";AUTORIZADO
TRX0194;"{""account_name"": ""account_dccjoyty"", ""callback_url"": ""https://transitpay.vtexpayments.com.br/api/pvt/payment-provider/transactions/6QEX3RTZOJX0TDTF0O0CIHLML7QNVADE"", ""delay_auto_settle"": ""7200"", ""merchant_name"": ""merchant_ghkidy"", ""monto"": ""$188.000,00"", ""vtex_transaction_id"": ""6QEX3RTZOJX0TDTF0O0CIHLML7QNVADE}]""";21/07/2026 2:00;BANCO_B;"[{financial_entityfinancial_entity"": ""ica"", ""amount"": ""-2567.13"", ""detail"": ""tax_withholding""}, {""financial_entity"": ""aumento"", ""amount"": ""-2799.04"", ""detail"": ""tax_withholding""}, {""financial_entity"": ""fuente"", ""amount"": ""-4562.38"", ""detail"": ""tax_withholding""}, {""financial_entity"": ""aumento"", ""amount"": ""-1503.51"", ""detail"": ""tax_withholding""}, {""marca"": ""NAF NAF""}]""";AUTORIZADO
TRX0195;"{""account_name"": ""account_xmyzlsrp"", ""callback_url"": ""https://transactionhub.vtexpayments.com.br/api/pvt/payment-provider/transactions/LFKMV0R216J8RH0KPZ9U7Y0APV1FFY61"", ""delay_auto_settle"": ""1800"", ""merchant_name"": ""merchant_psrflj"", ""monto\"": 205000, ""vtex_transaction_id"": ""LFKMV0R216J8RH0KPZ9U7Y0APV1FFY61}]""";13/07/2026 13:00;BANCO_B;"[{""financial_entity"": ""fuente"", ""amount"": ""-123.24"", ""detail"": ""tax_withholding""}, {""financial_entity"": ""fuente"", ""amount"": ""-3808.29"", ""detail"": ""tax_withholding""}, {""financial_entity"": ""ica"", ""amount"": ""-1922.16"", ""detail"": ""tax_withholding""}, {""marca\"": ""CHEVIGNON""}}]""""";AUTORIZADO
TRX0196;"({account_name"": ""account_pjaacegg"", ""callback_url"": ""https://nexoflow.vtexpayments.com.br/api/pvt/payment-provider/transactions/6Q5Q8U3E7MYDPVQ8WR0RRG7TH7XIQ0LP"", ""delay_auto_settle"": ""1800"", ""merchant_name"": ""merchant_elcfre"", ""monto"": ""95.000 COP"", ""monto"": 95000, ""vtex_transaction_id"": ""6Q5Q8U3E7MYDPVQ8WR0RRG7TH7XIQ0LP})""";10/07/2026 14:00;BANCO_B;"[{""financial_entity"": ""fuente"", ""amount"": ""-3220.57"", ""detail"": ""tax_withholding""}, {""financial_entity"": ""iva"", ""amount"": ""-2330.0"", ""detail"": ""tax_withholding""}, {""marca"": ""RIFLE""}]";AUTORIZADO
TRX0197;"{""account_name"": ""account_zqqxjcmo"", ""callback_url"": ""https://payflow.vtexpayments.com.br/api/pvt/payment-provider/transactions/FQHUGOHR4EJROMTSEDZCG8SNT0Z3UUED"", ""delay_auto_settle"": ""1800"", ""merchant_name"": ""merchant_rmlaie"", ""monto"": 155000, ""vtex_transaction_id"": ""FQHUGOHR4EJROMTSEDZCG8SNT0Z3UUED}]""";19/07/2026 6:00;BANCO_C;"[{financial_entityfinancial_entity"": ""fuente"", ""amount"": ""-1160.71"", ""detail"": ""tax_withholding""}, {""financial_entity"": ""fuente"", ""amount"": ""-3709.68"", ""detail"": ""tax_withholding""}, {""marca"": ""CHEVIGNON""}]""";AUTORIZADO
TRX0198;"[{account_name"": ""account_nvoymmsr"", ""callback_url"": ""https://quickpay.vtexpayments.com.br/api/pvt/payment-provider/transactions/MDCXW3ZRJG3FIKY8WH3J4DQ9E5KPEURI"", ""delay_auto_settle"": ""1800"", ""merchant_name"": ""merchant_sneelu"", ""monto"": ""165.000 COP"", ""monto"": 165000, ""vtex_transaction_id"": ""MDCXW3ZRJG3FIKY8WH3J4DQ9E5KPEURI""]";27/07/2026 5:00;BANCO_A;"""[{""financial_entity"": ""fuente"", ""amount"": ""-2582.37"", ""detail"": ""tax_withholding""}, {""financial_entity"": ""fuente"", ""amount"": ""-1952.1"", ""detail"": ""tax_withholding""}, {""marca"": ""CHEVIGNON""}]""";AUTORIZADO
TRX0199;"({account_name"": ""account_rvbpuusv"", ""callback_url"": ""https://payflow.vtexpayments.com.br/api/pvt/payment-provider/transactions/5U4S1ZISLKVWP35I4399USGSI5XE9E28"", ""delay_auto_settle"": ""1800"", ""merchant_name"": ""merchant_fmtfbc"", ""monto"": 240000, ""vtex_transaction_id"": ""5U4S1ZISLKVWP35I4399USGSI5XE9E28})""";25/07/2026 13:00;BANCO_A;"[{financial_entityfinancial_entity"": ""cree"", ""amount"": ""-2346.88"", ""detail"": ""tax_withholding""}, {""financial_entity"": ""ica"", ""amount"": ""-4419.53"", ""detail"": ""tax_withholding""}, {""financial_entity"": ""fuente"", ""amount"": ""-161.3"", ""detail"": ""tax_withholding""}, {""financial_entity"": ""cree"", ""amount"": ""-2529.16"", ""detail"": ""tax_withholding""}, {""marca"": ""NAF NAF""}]""";AUTORIZADO
TRX0200;"[{account_name"": ""account_axkhlltz"", ""callback_url"": ""https://transactionhub.vtexpayments.com.br/api/pvt/payment-provider/transactions/15UDHOJK8W8TNUC41RRXVRT836ZCTFW8"", ""delay_auto_settle"": ""3600"", ""merchant_name"": ""merchant_kbedvh"", ""monto"": 250000, ""vtex_transaction_id"": ""15UDHOJK8W8TNUC41RRXVRT836ZCTFW8""}]""""";03/07/2026 15:00;BANCO_B;"[{""financial_entity"": ""fuente"", ""amount"": ""-273.0"", ""detail"": ""tax_withholding""}, {""financial_entity"": ""ica"", ""amount"": ""-3928.47"", ""detail"": ""tax_withholding""}, {""financial_entity"": ""cree"", ""amount"": ""-432.07"", ""detail"": ""tax_withholding""}, {""marca"": ""AMERICANINO""}]";AUTORIZADO
TRX0201;"""[{account_name"": ""account_tanhpaxq"", ""callback_url"": ""https://transitpay.vtexpayments.com.br/api/pvt/payment-provider/transactions/L7ZAQQ9Z1MZP3YT07GQB60T8VC4XF87G"", ""delay_auto_settle"": ""1800"", ""merchant_name"": ""merchant_jvqqqq"", ""monto"": 125000, ""vtex_transaction_id"": ""L7ZAQQ9Z1MZP3YT07GQB60T8VC4XF87G}]""";02/07/2026 9:00;BANCO_C;"[{financial_entityfinancial_entity"": ""iva"", ""amount"": ""-4003.44"", ""detail"": ""tax_withholding""}, {""financial_entity"": ""ica"", ""amount"": ""-3862.43"", ""detail"": ""tax_withholding""}, {""financial_entity"": ""aumento"", ""amount"": ""-4729.78"", ""detail"": ""tax_withholding""}, {""financial_entity"": ""fuente"", ""amount"": ""-1363.86"", ""detail"": ""tax_withholding""}, {""marca"": ""AMERICAN EAGLE""}]""";AUTORIZADO
TRX0202;"[{account_name"": ""account_lskkrejc"", ""callback_url"": ""https://transitpay.vtexpayments.com.br/api/pvt/payment-provider/transactions/SC7PL11Q0B85V1CU64KCPJ83A389PHM5"", ""delay_auto_settle"": ""1800"", ""merchant_name"": ""merchant_qwfuic"", ""monto"": 210000, ""vtex_transaction_id"": ""SC7PL11Q0B85V1CU64KCPJ83A389PHM5""]";30/07/2026 3:00;BANCO_B;"{{""financial_entity"": ""cree"", ""amount"": ""-2078.07"", ""detail"": ""tax_withholding""}, {""financial_entity"": ""ica"", ""amount"": ""-1449.2"", ""detail"": ""tax_withholding""}, {""financial_entity"": ""fuente"", ""amount"": ""-2101.63"", ""detail"": ""tax_withholding""}, {""marca"": ""AMERICAN EAGLE""}]""";AUTORIZADO
TRX0203;"[{account_name"": ""account_qxpvrxiv"", ""callback_url"": ""https://quickpay.vtexpayments.com.br/api/pvt/payment-provider/transactions/YSN129UKVBQ9VLPW66J5NQ6SVBLQIQ20"", ""delay_auto_settle"": ""1800"", ""merchant_name"": ""merchant_wseyxq"", ""monto"": ""410.000 COP"", ""monto"": 410000, ""vtex_transaction_id"": ""YSN129UKVBQ9VLPW66J5NQ6SVBLQIQ20""}]""""";02/07/2026 5:00;BANCO_C;"[{""financial_entity"": ""aumento"", ""amount"": ""-3650.54"", ""detail"": ""tax_withholding""}, {""financial_entity"": ""cree"", ""amount"": ""-282.36"", ""detail"": ""tax_withholding""}, {""marca"": ""AMERICANINO""}]";AUTORIZADO
TRX0204;"{""account_name"": ""account_cvngepqs"", ""callback_url"": ""https://nexoflow.vtexpayments.com.br/api/pvt/payment-provider/transactions/0HDG5S3AJ23D0IHJWKYCEEFN0Z887THA"", ""delay_auto_settle"": ""3600"", ""merchant_name"": ""merchant_hbrtcf"", ""monto"": 195000, ""vtex_transaction_id"": ""0HDG5S3AJ23D0IHJWKYCEEFN0Z887THA}]""";22/07/2026 17:00;BANCO_C;"[{""financial_entity"": ""cree"", ""amount"": ""-2828.34"", ""detail"": ""tax_withholding""}, {""financial_entity"": ""iva"", ""amount"": ""-2882.46"", ""detail"": ""tax_withholding""}, {""financial_entity"": ""ica"", ""amount"": ""-2083.41"", ""detail"": ""tax_withholding""}, {""marca"": ""NAF NAF""}]";AUTORIZADO
TRX0205;"[{account_name"": ""account_zhdqmuqq"", ""callback_url"": ""https://transactionhub.vtexpayments.com.br/api/pvt/payment-provider/transactions/FSD3ABZCMDZX2ZMLKQOVF0BTHQ4G5Z7G"", ""delay_auto_settle"": ""3600"", ""merchant_name"": ""merchant_hetmqo"", ""monto"": ""410.000 COP"", ""monto"": 410000, ""vtex_transaction_id"": ""FSD3ABZCMDZX2ZMLKQOVF0BTHQ4G5Z7G""]";14/07/2026 13:00;BANCO_B;"[{""financial_entity"": ""cree"", ""amount"": ""-1224.23"", ""detail"": ""tax_withholding""}, {""financial_entity"": ""ica"", ""amount"": ""-1004.31"", ""detail"": ""tax_withholding""}, {""financial_entity"": ""cree"", ""amount"": ""-4113.74"", ""detail"": ""tax_withholding""}, {""marca"": ""RIFLE""}]";AUTORIZADO
TRX0206;"[{account_name"": ""account_cakrzcbv"", ""callback_url"": ""https://flowcash.vtexpayments.com.br/api/pvt/payment-provider/transactions/NCWFCJ30O55V8VA6C1RDPAFI1AAJVMMS"", ""delay_auto_settle"": ""7200"", ""merchant_name"": ""merchant_yileqx"", ""monto"": ""310.000 COP"", ""monto"": 310000, ""vtex_transaction_id"": ""NCWFCJ30O55V8VA6C1RDPAFI1AAJVMMS""}]""""";19/07/2026 6:00;BANCO_B;"[{""financial_entity"": ""cree"", ""amount"": ""-2803.97"", ""detail"": ""tax_withholding""}, {""financial_entity"": ""iva"", ""amount"": ""-3806.63"", ""detail"": ""tax_withholding""}, {""financial_entity"": ""iva"", ""amount"": ""-1022.76"", ""detail"": ""tax_withholding""}, {""marca"": ""AMERICANINO""}]";AUTORIZADO
TRX0207;"[{account_name"": ""account_wzqjzyaq"", ""callback_url"": ""https://nexoflow.vtexpayments.com.br/api/pvt/payment-provider/transactions/17T9W92VH418PTQU10ZNGOKD660URBCZ"", ""delay_auto_settle"": ""3600"", ""merchant_name"": ""merchant_rucofi"", ""monto"": 340000, ""vtex_transaction_id"": ""17T9W92VH418PTQU10ZNGOKD660URBCZ""]";09/07/2026 7:00;BANCO_B;"""[{""financial_entity"": ""fuente"", ""amount"": ""-3474.99"", ""detail"": ""tax_withholding""}, {""financial_entity"": ""fuente"", ""amount"": ""-2462.89"", ""detail"": ""tax_withholding""}, {""financial_entity"": ""aumento"", ""amount"": ""-205.56"", ""detail"": ""tax_withholding""}, {""financial_entity"": ""aumento"", ""amount"": ""-3883.45"", ""detail"": ""tax_withholding""}, {""marca"": ""AMERICAN EAGLE""}]""";AUTORIZADO
TRX0208;"[{account_name""account_jrrgfudw"", ""callback_url"": ""https://transactionhub.vtexpayments.com.br/api/pvt/payment-provider/transactions/AIGE4O1U45RH3SCJNYCNHXQSREMHYZHN"", ""delay_auto_settle"": ""7200"", ""merchant_name"": ""merchant_qlxdjf"", ""monto"": 210000, ""vtex_transaction_id"": ""AIGE4O1U45RH3SCJNYCNHXQSREMHYZHN}]""";15/07/2026 23:00;BANCO_A;"[{""financial_entity"": ""iva"", ""amount"": ""-1547.08"", ""detail"": ""tax_withholding""}, {""financial_entity"": ""aumento"", ""amount"": ""-2613.8"", ""detail"": ""tax_withholding""}, {""financial_entity"": ""ica"", ""amount"": ""-3147.21"", ""detail"": ""tax_withholding""}, {""financial_entity"": ""ica"", ""amount"": ""-2812.34"", ""detail"": ""tax_withholding""}, {""marca"": ""RIFLE""}}]""""";AUTORIZADO
TRX0209;"""[{account_name"": ""account_pmkgesht"", ""callback_url"": ""https://payflow.vtexpayments.com.br/api/pvt/payment-provider/transactions/OUW25GWJT2CHU7DT6FNG7TIUDVEZ5BSS"", ""delay_auto_settle"": ""3600"", ""merchant_name"": ""merchant_wckbvx"", ""monto"": 155000, ""vtex_transaction_id"": ""OUW25GWJT2CHU7DT6FNG7TIUDVEZ5BSS}]""";07/07/2026 11:00;BANCO_C;"[{""financial_entity"": ""aumento"", ""amount"": ""-2456.68"", ""detail"": ""tax_withholding""}, {""financial_entity"": ""iva"", ""amount"": ""-4682.07"", ""detail"": ""tax_withholding""}, {""marca"": ""AMERICANINO""}]";AUTORIZADO
TRX0210;"[{account_name"": ""account_sppvcrku"", ""callback_url"": ""https://transactionhub.vtexpayments.com.br/api/pvt/payment-provider/transactions/OSYD0UPGFQABA4U0JDLJNE3GY0OMF5UM"", ""delay_auto_settle"": ""3600"", ""merchant_name"": ""merchant_qvmxqz"", ""monto"": 180000, ""vtex_transaction_id"": ""OSYD0UPGFQABA4U0JDLJNE3GY0OMF5UM""}]""""";29/07/2026 20:00;BANCO_C;"[{""financial_entity"": ""aumento"", ""amount"": ""-1132.36"", ""detail"": ""tax_withholding""}, {""financial_entity"": ""cree"", ""amount"": ""-2668.29"", ""detail"": ""tax_withholding""}, {""financial_entity"": ""ica"", ""amount"": ""-3300.81"", ""detail"": ""tax_withholding""}, {""marca"": ""RIFLE""}}]""""";AUTORIZADO
TRX0211;"[{account_name""account_npszsqxr"", ""callback_url"": ""https://payflow.vtexpayments.com.br/api/pvt/payment-provider/transactions/6TBMHJ77JUOZXRS1608GEUSS7ESTVFNX"", ""delay_auto_settle"": ""7200"", ""merchant_name"": ""merchant_dnqjyq"", ""monto"": 150000, ""vtex_transaction_id"": ""6TBMHJ77JUOZXRS1608GEUSS7ESTVFNX}]""";21/07/2026 13:00;BANCO_A;"[{financial_entityfinancial_entity"": ""iva"", ""amount"": ""-1359.48"", ""detail"": ""tax_withholding""}, {""financial_entity"": ""iva"", ""amount"": ""-814.17"", ""detail"": ""tax_withholding""}, {""financial_entity"": ""fuente"", ""amount"": ""-1406.25"", ""detail"": ""tax_withholding""}, {""marca"": ""CHEVIGNON""}]""";AUTORIZADO
TRX0212;"""[{account_name"": ""account_retjtuwv"", ""callback_url"": ""https://transactionhub.vtexpayments.com.br/api/pvt/payment-provider/transactions/6Y3QJ4OEK6AFDVTQSV3L2SL20UJKOIC0"", ""delay_auto_settle"": ""3600"", ""merchant_name"": ""merchant_bhglow"", ""monto"": 188000, ""vtex_transaction_id"": ""6Y3QJ4OEK6AFDVTQSV3L2SL20UJKOIC0}]""";08/07/2026 15:00;BANCO_A;"[{""financial_entity"": ""cree"", ""amount"": ""-2171.19"", ""detail"": ""tax_withholding""}, {""financial_entity"": ""cree"", ""amount"": ""-1142.01"", ""detail"": ""tax_withholding""}, {""financial_entity"": ""fuente"", ""amount"": ""-3397.31"", ""detail"": ""tax_withholding""}, {""financial_entity"": ""aumento"", ""amount"": ""-4091.23"", ""detail"": ""tax_withholding""}, {""marca"": ""AMERICANINO""}]";AUTORIZADO
TRX0213;"[{account_name"": ""account_osdgpgix"", ""callback_url"": ""https://nexoflow.vtexpayments.com.br/api/pvt/payment-provider/transactions/AQNIHLIECR78ERT0KCD3N613IX8ICXQW"", ""delay_auto_settle"": ""3600"", ""merchant_name"": ""merchant_fpmzls"", ""monto"": 240000, ""vtex_transaction_id"": ""AQNIHLIECR78ERT0KCD3N613IX8ICXQW""]";12/07/2026 20:00;BANCO_A;"[{""financial_entity"": ""cree"", ""amount"": ""-3523.25"", ""detail"": ""tax_withholding""}, {""financial_entity"": ""ica"", ""amount"": ""-4621.89"", ""detail"": ""tax_withholding""}, {""financial_entity"": ""iva"", ""amount"": ""-4604.34"", ""detail"": ""tax_withholding""}, {""marca"": ""AMERICAN EAGLE""}]";AUTORIZADO
TRX0214;"({account_name"": ""account_dwcxemja"", ""callback_url"": ""https://payflow.vtexpayments.com.br/api/pvt/payment-provider/transactions/IV9H3S9TDC4HIS0KQLVYSR532H5O2M2Q"", ""delay_auto_settle"": ""3600"", ""merchant_name"": ""merchant_bhcksb"", ""monto"": 225000, ""vtex_transaction_id"": ""IV9H3S9TDC4HIS0KQLVYSR532H5O2M2Q})""";11/07/2026 12:00;BANCO_C;"""[{""financial_entity"": ""aumento"", ""amount"": ""-484.02"", ""detail"": ""tax_withholding""}, {""financial_entity"": ""fuente"", ""amount"": ""-528.74"", ""detail"": ""tax_withholding""}, {""financial_entity"": ""cree"", ""amount"": ""-4653.88"", ""detail"": ""tax_withholding""}, {""marca"": ""NAF NAF""}]""";AUTORIZADO
TRX0215;"[{account_name"": ""account_fhfsbbzj"", ""callback_url"": ""https://transitpay.vtexpayments.com.br/api/pvt/payment-provider/transactions/A4AVZ1I1RM4WFE1MBAQ6CZY5JHON3653"", ""delay_auto_settle"": ""3600"", ""merchant_name"": ""merchant_ambsnu"", ""monto\"": 289000, ""vtex_transaction_id"": ""A4AVZ1I1RM4WFE1MBAQ6CZY5JHON3653""]";12/07/2026 5:00;BANCO_A;"[{financial_entityfinancial_entity"": ""iva"", ""amount"": ""-1761.52"", ""detail"": ""tax_withholding""}, {""financial_entity"": ""iva"", ""amount"": ""-2350.52"", ""detail"": ""tax_withholding""}, {""financial_entity"": ""aumento"", ""amount"": ""-1587.2"", ""detail"": ""tax_withholding""}, {""financial_entity"": ""ica"", ""amount"": ""-3140.4"", ""detail"": ""tax_withholding""}, {""marca\"": ""CHEVIGNON""}]""";AUTORIZADO
TRX0216;"[{account_name"": ""account_vgatzwta"", ""callback_url"": ""https://quickpay.vtexpayments.com.br/api/pvt/payment-provider/transactions/EB08LBKJU4HFPDHX6P1LGE29GC1MWVA8"", ""delay_auto_settle"": ""3600"", ""merchant_name"": ""merchant_lhpeis"", ""monto"": 205000, ""vtex_transaction_id"": ""EB08LBKJU4HFPDHX6P1LGE29GC1MWVA8""}]""""";30/07/2026 0:00;BANCO_B;"""[{""financial_entity"": ""iva"", ""amount"": ""-1335.44"", ""detail"": ""tax_withholding""}, {""financial_entity"": ""ica"", ""amount"": ""-2555.58"", ""detail"": ""tax_withholding""}, {""financial_entity"": ""fuente"", ""amount"": ""-1087.02"", ""detail"": ""tax_withholding""}, {""financial_entity"": ""iva"", ""amount"": ""-543.97"", ""detail"": ""tax_withholding""}, {""marca"": ""RIFLE""}]""";AUTORIZADO
TRX0217;"{""account_name"": ""account_ihdxgliz"", ""callback_url"": ""https://flowcash.vtexpayments.com.br/api/pvt/payment-provider/transactions/TG6A7589LF9S21S2D7IQ3I0HEKST4PMH"", ""delay_auto_settle"": ""3600"", ""merchant_name"": ""merchant_hhwtom"", ""monto\"": 210000, ""vtex_transaction_id"": ""TG6A7589LF9S21S2D7IQ3I0HEKST4PMH}]""";30/07/2026 11:00;BANCO_A;"[{""financial_entity"": ""ica"", ""amount"": ""-4196.64"", ""detail"": ""tax_withholding""}, {""financial_entity"": ""iva"", ""amount"": ""-513.87"", ""detail"": ""tax_withholding""}, {""financial_entity"": ""ica"", ""amount"": ""-1384.84"", ""detail"": ""tax_withholding""}, {""marca\"": ""CHEVIGNON""}}]""""";AUTORIZADO
TRX0218;"[{account_name"": ""account_dwmsppsn"", ""callback_url"": ""https://transitpay.vtexpayments.com.br/api/pvt/payment-provider/transactions/VXABJ6UZS52XNRR11AYI7ODUH7VD1EHD"", ""delay_auto_settle"": ""3600"", ""merchant_name"": ""merchant_eehudc"", ""monto"": 240000, ""vtex_transaction_id"": ""VXABJ6UZS52XNRR11AYI7ODUH7VD1EHD""]";03/07/2026 22:00;BANCO_B;"{{""financial_entity"": ""fuente"", ""amount"": ""-2710.99"", ""detail"": ""tax_withholding""}, {""financial_entity"": ""cree"", ""amount"": ""-4363.57"", ""detail"": ""tax_withholding""}, {""marca"": ""AMERICANINO""}]""";AUTORIZADO
TRX0219;"[{account_name""account_bcxycqkg"", ""callback_url"": ""https://nexoflow.vtexpayments.com.br/api/pvt/payment-provider/transactions/N1AQJIN1PDQD28RXX5D9Q2Z4E5262Y4S"", ""delay_auto_settle"": ""3600"", ""merchant_name"": ""merchant_ruopoc"", ""monto"": 240000, ""vtex_transaction_id"": ""N1AQJIN1PDQD28RXX5D9Q2Z4E5262Y4S}]""";28/07/2026 14:00;BANCO_A;"({""financial_entity"": ""ica"", ""amount"": ""-2223.75"", ""detail"": ""tax_withholding""}, {""financial_entity"": ""aumento"", ""amount"": ""-3041.94"", ""detail"": ""tax_withholding""}, {""financial_entity"": ""aumento"", ""amount"": ""-121.99"", ""detail"": ""tax_withholding""}, {""financial_entity"": ""ica"", ""amount"": ""-3887.33"", ""detail"": ""tax_withholding""}, {""marca"": ""CHEVIGNON""})""";AUTORIZADO
TRX0220;"[{account_name""account_jflqmcxk"", ""callback_url"": ""https://nexoflow.vtexpayments.com.br/api/pvt/payment-provider/transactions/EG1054D2B6ZJFG1NB7U4DYVVD78SXETH"", ""delay_auto_settle"": ""7200"", ""merchant_name"": ""merchant_zceinz"", ""monto"": ""340.000 COP"", ""monto"": 340000, ""vtex_transaction_id"": ""EG1054D2B6ZJFG1NB7U4DYVVD78SXETH}]""";15/07/2026 22:00;BANCO_C;"{{""financial_entity"": ""fuente"", ""amount"": ""-3087.78"", ""detail"": ""tax_withholding""}, {""financial_entity"": ""cree"", ""amount"": ""-4600.27"", ""detail"": ""tax_withholding""}, {""financial_entity"": ""iva"", ""amount"": ""-849.1"", ""detail"": ""tax_withholding""}, {""marca"": ""AMERICANINO""}]""";AUTORIZADO
TRX0221;"[{account_name"": ""account_ewfpvavv"", ""callback_url"": ""https://transitpay.vtexpayments.com.br/api/pvt/payment-provider/transactions/QQF604RQ5L61210WJLH58D5EJ8ZDI4P1"", ""delay_auto_settle"": ""1800"", ""merchant_name"": ""merchant_nfqrwy"", ""monto"": 225000, ""vtex_transaction_id"": ""QQF604RQ5L61210WJLH58D5EJ8ZDI4P1""}]""""";15/07/2026 12:00;BANCO_C;"{{""financial_entity"": ""ica"", ""amount"": ""-2840.96"", ""detail"": ""tax_withholding""}, {""financial_entity"": ""fuente"", ""amount"": ""-2323.04"", ""detail"": ""tax_withholding""}, {""marca"": ""AMERICANINO""}]""";AUTORIZADO
TRX0222;"[{account_name"": ""account_yomermzx"", ""callback_url"": ""https://flowcash.vtexpayments.com.br/api/pvt/payment-provider/transactions/7K25183BOORU5CMS08I06PIGF8PNJAVI"", ""delay_auto_settle"": ""3600"", ""merchant_name"": ""merchant_xaszsp"", ""monto"": 145000, ""vtex_transaction_id"": ""7K25183BOORU5CMS08I06PIGF8PNJAVI""}]""""";13/07/2026 17:00;BANCO_A;"""[{""financial_entity"": ""iva"", ""amount"": ""-2545.18"", ""detail"": ""tax_withholding""}, {""financial_entity"": ""ica"", ""amount"": ""-2513.14"", ""detail"": ""tax_withholding""}, {""financial_entity"": ""cree"", ""amount"": ""-4650.01"", ""detail"": ""tax_withholding""}, {""marca"": ""CHEVIGNON""}]""";AUTORIZADO
TRX0223;"[{account_name"": ""account_zocdvftu"", ""callback_url"": ""https://transactionhub.vtexpayments.com.br/api/pvt/payment-provider/transactions/BSCXO24B3QEURKAMKZQ11N7H6H3E650M"", ""delay_auto_settle"": ""7200"", ""merchant_name"": ""merchant_waamoi"", ""monto"": ""188.000 COP"", ""monto"": 188000, ""vtex_transaction_id"": ""BSCXO24B3QEURKAMKZQ11N7H6H3E650M""]";03/07/2026 9:00;BANCO_A;"[{""financial_entity"": ""fuente"", ""amount"": ""-3351.27"", ""detail"": ""tax_withholding""}, {""financial_entity"": ""ica"", ""amount"": ""-4683.15"", ""detail"": ""tax_withholding""}, {""financial_entity"": ""fuente"", ""amount"": ""-1245.63"", ""detail"": ""tax_withholding""}, {""financial_entity"": ""ica"", ""amount"": ""-224.34"", ""detail"": ""tax_withholding""}, {""marca"": ""AMERICANINO""}}]""""";AUTORIZADO
TRX0224;"[{account_name"": ""account_wtjeyygh"", ""callback_url"": ""https://transactionhub.vtexpayments.com.br/api/pvt/payment-provider/transactions/Q48T30IRUTHFGQL78VNPRVGQX5ABRENJ"", ""delay_auto_settle"": ""7200"", ""merchant_name"": ""merchant_dknasf"", ""monto"": 310000, ""vtex_transaction_id"": ""Q48T30IRUTHFGQL78VNPRVGQX5ABRENJ""}]""""";30/07/2026 11:00;BANCO_B;"""[{""financial_entity"": ""cree"", ""amount"": ""-3651.4"", ""detail"": ""tax_withholding""}, {""financial_entity"": ""aumento"", ""amount"": ""-3467.23"", ""detail"": ""tax_withholding""}, {""marca"": ""AMERICANINO""}]""";AUTORIZADO
TRX0225;"{""account_name"": ""account_moqtnngw"", ""callback_url"": ""https://quickpay.vtexpayments.com.br/api/pvt/payment-provider/transactions/XDABE9I0IESD20OO545M5KHJEZV5R2N9"", ""delay_auto_settle"": ""7200"", ""merchant_name"": ""merchant_mkgurl"", ""monto"": 340000, ""vtex_transaction_id"": ""XDABE9I0IESD20OO545M5KHJEZV5R2N9}]""";29/07/2026 23:00;BANCO_A;"""[{""financial_entity"": ""ica"", ""amount"": ""-4753.74"", ""detail"": ""tax_withholding""}, {""financial_entity"": ""ica"", ""amount"": ""-2687.03"", ""detail"": ""tax_withholding""}, {""financial_entity"": ""fuente"", ""amount"": ""-2230.53"", ""detail"": ""tax_withholding""}, {""financial_entity"": ""ica"", ""amount"": ""-4043.84"", ""detail"": ""tax_withholding""}, {""marca"": ""CHEVIGNON""}]""";AUTORIZADO
TRX0226;"{""account_name"": ""account_mjvxwfkd"", ""callback_url"": ""https://flowcash.vtexpayments.com.br/api/pvt/payment-provider/transactions/7L0IEBZ9GRFQ73Z8E9LVBEZ1N03LZLBI"", ""delay_auto_settle"": ""1800"", ""merchant_name"": ""merchant_klximz"", ""monto"": 350000, ""vtex_transaction_id"": ""7L0IEBZ9GRFQ73Z8E9LVBEZ1N03LZLBI}]""";05/07/2026 6:00;BANCO_B;"{{""financial_entity"": ""iva"", ""amount"": ""-3987.39"", ""detail"": ""tax_withholding""}, {""financial_entity"": ""ica"", ""amount"": ""-219.94"", ""detail"": ""tax_withholding""}, {""financial_entity"": ""ica"", ""amount"": ""-1783.16"", ""detail"": ""tax_withholding""}, {""financial_entity"": ""fuente"", ""amount"": ""-4072.29"", ""detail"": ""tax_withholding""}, {""marca"": ""AMERICANINO""}]""";AUTORIZADO
TRX0227;"{""account_name"": ""account_oyasrycn"", ""callback_url"": ""https://flowcash.vtexpayments.com.br/api/pvt/payment-provider/transactions/JW44LDKUXLZDKQ52LD54XE50CXDLTF5W"", ""delay_auto_settle"": ""3600"", ""merchant_name"": ""merchant_imfrkj"", ""monto"": 198000, ""vtex_transaction_id"": ""JW44LDKUXLZDKQ52LD54XE50CXDLTF5W}]""";24/07/2026 10:00;BANCO_B;"[{""financial_entity"": ""iva"", ""amount"": ""-1325.37"", ""detail"": ""tax_withholding""}, {""financial_entity"": ""iva"", ""amount"": ""-1979.34"", ""detail"": ""tax_withholding""}, {""marca"": ""RIFLE""}}]""""";AUTORIZADO
TRX0228;"({account_name"": ""account_pbthclnl"", ""callback_url"": ""https://nexoflow.vtexpayments.com.br/api/pvt/payment-provider/transactions/W3DH0CC1LLF8U170KFVZYGUQTI12XKMT"", ""delay_auto_settle"": ""3600"", ""merchant_name"": ""merchant_ymihnx"", ""monto"": 320000, ""vtex_transaction_id"": ""W3DH0CC1LLF8U170KFVZYGUQTI12XKMT})""";30/07/2026 20:00;BANCO_A;"[{""financial_entity"": ""fuente"", ""amount"": ""-2035.4"", ""detail"": ""tax_withholding""}, {""financial_entity"": ""iva"", ""amount"": ""-3336.22"", ""detail"": ""tax_withholding""}, {""financial_entity"": ""cree"", ""amount"": ""-3284.28"", ""detail"": ""tax_withholding""}, {""marca"": ""AMERICAN EAGLE""}}]""""";AUTORIZADO
TRX0229;"[{account_name"": ""account_gpbwbvji"", ""callback_url"": ""https://payflow.vtexpayments.com.br/api/pvt/payment-provider/transactions/8OUCQWLQYL9OT4YXN0EF6SQ29EOOQDCL"", ""delay_auto_settle"": ""7200"", ""merchant_name"": ""merchant_iguyuh"", ""monto"": 289000, ""vtex_transaction_id"": ""8OUCQWLQYL9OT4YXN0EF6SQ29EOOQDCL""}]""""";30/07/2026 6:00;BANCO_C;"[{""financial_entity"": ""iva"", ""amount"": ""-4706.91"", ""detail"": ""tax_withholding""}, {""financial_entity"": ""cree"", ""amount"": ""-2177.32"", ""detail"": ""tax_withholding""}, {""marca"": ""CHEVIGNON""}]";AUTORIZADO
TRX0230;"[{account_name"": ""account_ddcwjzlw"", ""callback_url"": ""https://payflow.vtexpayments.com.br/api/pvt/payment-provider/transactions/Y4MYE579MGCBJB28T327HGF5ZP5V6UBU"", ""delay_auto_settle"": ""1800"", ""merchant_name"": ""merchant_dhyzcd"", ""monto\"": 275000, ""vtex_transaction_id"": ""Y4MYE579MGCBJB28T327HGF5ZP5V6UBU""]";19/07/2026 1:00;BANCO_A;"[{""financial_entity"": ""ica"", ""amount"": ""-876.59"", ""detail"": ""tax_withholding""}, {""financial_entity"": ""iva"", ""amount"": ""-1478.87"", ""detail"": ""tax_withholding""}, {""financial_entity"": ""iva"", ""amount"": ""-2888.08"", ""detail"": ""tax_withholding""}, {""marca\"": ""RIFLE""}}]""""";AUTORIZADO
TRX0231;"[{account_name"": ""account_jmsqmpwj"", ""callback_url"": ""https://transactionhub.vtexpayments.com.br/api/pvt/payment-provider/transactions/XHV37N4ZOY0VA1PVQSZ1L48QQSTMWWGD"", ""delay_auto_settle"": ""1800"", ""merchant_name"": ""merchant_aevihn"", ""monto"": 175000, ""vtex_transaction_id"": ""XHV37N4ZOY0VA1PVQSZ1L48QQSTMWWGD""}]""""";16/07/2026 8:00;BANCO_B;"[{""financial_entity"": ""iva"", ""amount"": ""-3098.57"", ""detail"": ""tax_withholding""}, {""financial_entity"": ""aumento"", ""amount"": ""-667.95"", ""detail"": ""tax_withholding""}, {""marca"": ""RIFLE""}]";AUTORIZADO
TRX0232;"[{account_name"": ""account_gvdkjblg"", ""callback_url"": ""https://flowcash.vtexpayments.com.br/api/pvt/payment-provider/transactions/WNQM6RTYWFM70V0PMPGI08W1F89HAR0J"", ""delay_auto_settle"": ""7200"", ""merchant_name"": ""merchant_qgvlrr"", ""monto"": 188000, ""vtex_transaction_id"": ""WNQM6RTYWFM70V0PMPGI08W1F89HAR0J""]";14/07/2026 16:00;BANCO_A;"[{""financial_entity"": ""iva"", ""amount"": ""-4570.65"", ""detail"": ""tax_withholding""}, {""financial_entity"": ""cree"", ""amount"": ""-1138.55"", ""detail"": ""tax_withholding""}, {""marca"": ""AMERICAN EAGLE""}}]""""";AUTORIZADO
TRX0233;"[{account_name"": ""account_hhteukxt"", ""callback_url"": ""https://flowcash.vtexpayments.com.br/api/pvt/payment-provider/transactions/8SV1LBY3SNKQY860HPDKL5C8HFYDVXAP"", ""delay_auto_settle"": ""3600"", ""merchant_name"": ""merchant_lehccf"", ""monto"": ""$198.000,00"", ""vtex_transaction_id"": ""8SV1LBY3SNKQY860HPDKL5C8HFYDVXAP""]";03/07/2026 3:00;BANCO_C;"[{""financial_entity"": ""cree"", ""amount"": ""-1778.66"", ""detail"": ""tax_withholding""}, {""financial_entity"": ""cree"", ""amount"": ""-259.32"", ""detail"": ""tax_withholding""}, {""marca"": ""AMERICANINO""}]";AUTORIZADO
TRX0234;"""[{account_name"": ""account_xcmgburk"", ""callback_url"": ""https://transactionhub.vtexpayments.com.br/api/pvt/payment-provider/transactions/VGLHDILH9ZPKO9Y0Z7IZ2Y6RK2966YM3"", ""delay_auto_settle"": ""7200"", ""merchant_name"": ""merchant_ihzrff"", ""monto"": 210000, ""vtex_transaction_id"": ""VGLHDILH9ZPKO9Y0Z7IZ2Y6RK2966YM3}]""";28/07/2026 0:00;BANCO_C;"({""financial_entity"": ""aumento"", ""amount"": ""-4560.95"", ""detail"": ""tax_withholding""}, {""financial_entity"": ""cree"", ""amount"": ""-3635.38"", ""detail"": ""tax_withholding""}, {""financial_entity"": ""aumento"", ""amount"": ""-2164.18"", ""detail"": ""tax_withholding""}, {""financial_entity"": ""ica"", ""amount"": ""-3466.38"", ""detail"": ""tax_withholding""}, {""marca"": ""CHEVIGNON""})""";AUTORIZADO
TRX0235;"[{account_name""account_xijyquot"", ""callback_url"": ""https://quickpay.vtexpayments.com.br/api/pvt/payment-provider/transactions/ED9J0VREJ08FS84ICDIK5S4YCSQMEGXD"", ""delay_auto_settle"": ""1800"", ""merchant_name"": ""merchant_bujkpt"", ""monto"": ""180.000 COP"", ""monto"": 180000, ""vtex_transaction_id"": ""ED9J0VREJ08FS84ICDIK5S4YCSQMEGXD}]""";05/07/2026 5:00;BANCO_C;"[{financial_entityfinancial_entity"": ""iva"", ""amount"": ""-3618.95"", ""detail"": ""tax_withholding""}, {""financial_entity"": ""ica"", ""amount"": ""-2794.14"", ""detail"": ""tax_withholding""}, {""financial_entity"": ""aumento"", ""amount"": ""-1762.19"", ""detail"": ""tax_withholding""}, {""marca"": ""AMERICANINO""}]""";AUTORIZADO
TRX0236;"[{account_name"": ""account_wedvsdvt"", ""callback_url"": ""https://quickpay.vtexpayments.com.br/api/pvt/payment-provider/transactions/WQ2GCU87F6GLZ5UX4GPXY4UAQE7Z8RW0"", ""delay_auto_settle"": ""1800"", ""merchant_name"": ""merchant_tzhbpf"", ""monto"": ""$175.000,00"", ""vtex_transaction_id"": ""WQ2GCU87F6GLZ5UX4GPXY4UAQE7Z8RW0""}]""""";24/07/2026 21:00;BANCO_A;"({""financial_entity"": ""aumento"", ""amount"": ""-1025.58"", ""detail"": ""tax_withholding""}, {""financial_entity"": ""iva"", ""amount"": ""-982.57"", ""detail"": ""tax_withholding""}, {""financial_entity"": ""ica"", ""amount"": ""-2991.95"", ""detail"": ""tax_withholding""}, {""marca"": ""CHEVIGNON""})""";AUTORIZADO
TRX0237;"({account_name"": ""account_ksdkdydg"", ""callback_url"": ""https://quickpay.vtexpayments.com.br/api/pvt/payment-provider/transactions/LL20XWZHMZBC1I9ZRXFYY6LP3U65PBZY"", ""delay_auto_settle"": ""7200"", ""merchant_name"": ""merchant_nskilf"", ""monto"": ""$250.000,00"", ""vtex_transaction_id"": ""LL20XWZHMZBC1I9ZRXFYY6LP3U65PBZY})""";25/07/2026 6:00;BANCO_C;"({""financial_entity"": ""fuente"", ""amount"": ""-3049.9"", ""detail"": ""tax_withholding""}, {""financial_entity"": ""aumento"", ""amount"": ""-3679.12"", ""detail"": ""tax_withholding""}, {""financial_entity"": ""aumento"", ""amount"": ""-4700.52"", ""detail"": ""tax_withholding""}, {""financial_entity"": ""cree"", ""amount"": ""-4704.89"", ""detail"": ""tax_withholding""}, {""marca"": ""RIFLE""})""";AUTORIZADO
TRX0238;"{""account_name"": ""account_goekgpyg"", ""callback_url"": ""https://nexoflow.vtexpayments.com.br/api/pvt/payment-provider/transactions/IRHR0NDV106TLLJL8CSO7ZMCGRGJJLDN"", ""delay_auto_settle"": ""7200"", ""merchant_name"": ""merchant_hlieiw"", ""monto"": 180000, ""vtex_transaction_id"": ""IRHR0NDV106TLLJL8CSO7ZMCGRGJJLDN}]""";15/07/2026 23:00;BANCO_B;"{{""financial_entity"": ""ica"", ""amount"": ""-4419.86"", ""detail"": ""tax_withholding""}, {""financial_entity"": ""cree"", ""amount"": ""-4347.61"", ""detail"": ""tax_withholding""}, {""marca"": ""CHEVIGNON""}]""";AUTORIZADO
TRX0239;"{""account_name"": ""account_robrsiub"", ""callback_url"": ""https://payflow.vtexpayments.com.br/api/pvt/payment-provider/transactions/YHC7CVEKPFEY4Y1JJMWY20B7ZEGSDEOS"", ""delay_auto_settle"": ""3600"", ""merchant_name"": ""merchant_sjncyp"", ""monto"": 210000, ""vtex_transaction_id"": ""YHC7CVEKPFEY4Y1JJMWY20B7ZEGSDEOS}]""";09/07/2026 10:00;BANCO_C;"[{""financial_entity"": ""fuente"", ""amount"": ""-1490.73"", ""detail"": ""tax_withholding""}, {""financial_entity"": ""fuente"", ""amount"": ""-3402.64"", ""detail"": ""tax_withholding""}, {""marca"": ""AMERICANINO""}]";AUTORIZADO
TRX0240;"{""account_name"": ""account_pirkhttk"", ""callback_url"": ""https://quickpay.vtexpayments.com.br/api/pvt/payment-provider/transactions/ML200DFULGNGFQJMM9GNK24Y06O9LXTZ"", ""delay_auto_settle"": ""3600"", ""merchant_name"": ""merchant_zsvabk"", ""monto"": ""410.000 COP"", ""monto"": 410000, ""vtex_transaction_id"": ""ML200DFULGNGFQJMM9GNK24Y06O9LXTZ}]""";13/07/2026 19:00;BANCO_A;"{{""financial_entity"": ""ica"", ""amount"": ""-4606.2"", ""detail"": ""tax_withholding""}, {""financial_entity"": ""ica"", ""amount"": ""-1838.71"", ""detail"": ""tax_withholding""}, {""financial_entity"": ""ica"", ""amount"": ""-239.57"", ""detail"": ""tax_withholding""}, {""financial_entity"": ""cree"", ""amount"": ""-142.24"", ""detail"": ""tax_withholding""}, {""marca"": ""CHEVIGNON""}]""";AUTORIZADO
TRX0241;"[{account_name"": ""account_oykbofvu"", ""callback_url"": ""https://payflow.vtexpayments.com.br/api/pvt/payment-provider/transactions/91TMA2Y5BZE7X992CN0JRYSNZQV2BN8Z"", ""delay_auto_settle"": ""7200"", ""merchant_name"": ""merchant_euxuex"", ""monto"": 95000, ""vtex_transaction_id"": ""91TMA2Y5BZE7X992CN0JRYSNZQV2BN8Z""]";08/07/2026 10:00;BANCO_C;"[{""financial_entity"": ""fuente"", ""amount"": ""-255.86"", ""detail"": ""tax_withholding""}, {""financial_entity"": ""aumento"", ""amount"": ""-4053.38"", ""detail"": ""tax_withholding""}, {""financial_entity"": ""ica"", ""amount"": ""-358.85"", ""detail"": ""tax_withholding""}, {""financial_entity"": ""fuente"", ""amount"": ""-2228.23"", ""detail"": ""tax_withholding""}, {""marca"": ""NAF NAF""}]";AUTORIZADO
TRX0242;"({account_name"": ""account_vsywhwbl"", ""callback_url"": ""https://nexoflow.vtexpayments.com.br/api/pvt/payment-provider/transactions/G6QCLLCGB7LDE4R7ZRK40KB7N5YDB81P"", ""delay_auto_settle"": ""1800"", ""merchant_name"": ""merchant_bvjust"", ""monto"": 320000, ""vtex_transaction_id"": ""G6QCLLCGB7LDE4R7ZRK40KB7N5YDB81P})""";26/07/2026 4:00;BANCO_C;"({""financial_entity"": ""iva"", ""amount"": ""-1332.66"", ""detail"": ""tax_withholding""}, {""financial_entity"": ""cree"", ""amount"": ""-1743.92"", ""detail"": ""tax_withholding""}, {""financial_entity"": ""ica"", ""amount"": ""-4125.85"", ""detail"": ""tax_withholding""}, {""marca"": ""AMERICANINO""})""";AUTORIZADO
TRX0243;"[{account_name"": ""account_amerysrr"", ""callback_url"": ""https://transitpay.vtexpayments.com.br/api/pvt/payment-provider/transactions/O12QV0ZXNXE2FJ9UKBM7HIBJA0FKDQ1A"", ""delay_auto_settle"": ""7200"", ""merchant_name"": ""merchant_bjmxai"", ""monto"": 260000, ""vtex_transaction_id"": ""O12QV0ZXNXE2FJ9UKBM7HIBJA0FKDQ1A""}]""""";12/07/2026 23:00;BANCO_B;"[{""financial_entity"": ""fuente"", ""amount"": ""-2712.46"", ""detail"": ""tax_withholding""}, {""financial_entity"": ""ica"", ""amount"": ""-944.59"", ""detail"": ""tax_withholding""}, {""financial_entity"": ""cree"", ""amount"": ""-2714.14"", ""detail"": ""tax_withholding""}, {""financial_entity"": ""fuente"", ""amount"": ""-4423.52"", ""detail"": ""tax_withholding""}, {""marca"": ""AMERICANINO""}}]""""";AUTORIZADO
TRX0244;"({account_name"": ""account_oyqiolrs"", ""callback_url"": ""https://transactionhub.vtexpayments.com.br/api/pvt/payment-provider/transactions/JN5KCG7YVY9P178B8MQ7FEMAD7K84NO3"", ""delay_auto_settle"": ""3600"", ""merchant_name"": ""merchant_ggvcvn"", ""monto"": 155000, ""vtex_transaction_id"": ""JN5KCG7YVY9P178B8MQ7FEMAD7K84NO3})""";19/07/2026 5:00;BANCO_C;"[{""financial_entity"": ""cree"", ""amount"": ""-1581.37"", ""detail"": ""tax_withholding""}, {""financial_entity"": ""cree"", ""amount"": ""-1353.9"", ""detail"": ""tax_withholding""}, {""marca"": ""CHEVIGNON""}}]""""";AUTORIZADO
TRX0245;"""[{account_name"": ""account_xjdrosgd"", ""callback_url"": ""https://transitpay.vtexpayments.com.br/api/pvt/payment-provider/transactions/INT9VIYKNZ96Q7D8I26VUCK4L5C1KHQK"", ""delay_auto_settle"": ""7200"", ""merchant_name"": ""merchant_whwdvd"", ""monto"": 350000, ""vtex_transaction_id"": ""INT9VIYKNZ96Q7D8I26VUCK4L5C1KHQK}]""";14/07/2026 3:00;BANCO_A;"{{""financial_entity"": ""fuente"", ""amount"": ""-1583.09"", ""detail"": ""tax_withholding""}, {""financial_entity"": ""ica"", ""amount"": ""-2674.31"", ""detail"": ""tax_withholding""}, {""financial_entity"": ""cree"", ""amount"": ""-4045.63"", ""detail"": ""tax_withholding""}, {""financial_entity"": ""fuente"", ""amount"": ""-4316.04"", ""detail"": ""tax_withholding""}, {""marca"": ""RIFLE""}]""";AUTORIZADO
TRX0246;"""[{account_name"": ""account_ogzjdgkb"", ""callback_url"": ""https://transitpay.vtexpayments.com.br/api/pvt/payment-provider/transactions/0Z1K355KS1M2DJ2CG5T4F2O03M9CSEGQ"", ""delay_auto_settle"": ""3600"", ""merchant_name"": ""merchant_jnqehi"", ""monto"": 210000, ""vtex_transaction_id"": ""0Z1K355KS1M2DJ2CG5T4F2O03M9CSEGQ}]""";08/07/2026 17:00;BANCO_A;"[{""financial_entity"": ""ica"", ""amount"": ""-3053.81"", ""detail"": ""tax_withholding""}, {""financial_entity"": ""fuente"", ""amount"": ""-2515.69"", ""detail"": ""tax_withholding""}, {""marca"": ""AMERICAN EAGLE""}}]""""";AUTORIZADO
TRX0247;"""[{account_name"": ""account_cnkqnqzr"", ""callback_url"": ""https://transitpay.vtexpayments.com.br/api/pvt/payment-provider/transactions/7P8JNZJYXE0ATGJAYZ5NQ5E4XRYJP6JB"", ""delay_auto_settle"": ""1800"", ""merchant_name"": ""merchant_tauykz"", ""monto"": 125000, ""vtex_transaction_id"": ""7P8JNZJYXE0ATGJAYZ5NQ5E4XRYJP6JB}]""";21/07/2026 7:00;BANCO_C;"({""financial_entity"": ""cree"", ""amount"": ""-2840.8"", ""detail"": ""tax_withholding""}, {""financial_entity"": ""cree"", ""amount"": ""-1790.07"", ""detail"": ""tax_withholding""}, {""financial_entity"": ""cree"", ""amount"": ""-3227.59"", ""detail"": ""tax_withholding""}, {""financial_entity"": ""cree"", ""amount"": ""-2950.44"", ""detail"": ""tax_withholding""}, {""marca"": ""CHEVIGNON""})""";AUTORIZADO
TRX0248;"""[{account_name"": ""account_iulvdeez"", ""callback_url"": ""https://transitpay.vtexpayments.com.br/api/pvt/payment-provider/transactions/G80CC37YPN9NRS5VUK4A734GQDJR3EVZ"", ""delay_auto_settle"": ""7200"", ""merchant_name"": ""merchant_fgksll"", ""monto"": 310000, ""vtex_transaction_id"": ""G80CC37YPN9NRS5VUK4A734GQDJR3EVZ}]""";21/07/2026 23:00;BANCO_A;"""[{""financial_entity"": ""aumento"", ""amount"": ""-3186.6"", ""detail"": ""tax_withholding""}, {""financial_entity"": ""aumento"", ""amount"": ""-1130.32"", ""detail"": ""tax_withholding""}, {""financial_entity"": ""fuente"", ""amount"": ""-851.09"", ""detail"": ""tax_withholding""}, {""marca"": ""CHEVIGNON""}]""";AUTORIZADO
TRX0249;"({account_name"": ""account_lbsjxdfa"", ""callback_url"": ""https://quickpay.vtexpayments.com.br/api/pvt/payment-provider/transactions/YGFORG21RZIMY44HOX5QY5T4V16NSV0M"", ""delay_auto_settle"": ""1800"", ""merchant_name"": ""merchant_oweucf"", ""monto"": 198000, ""vtex_transaction_id"": ""YGFORG21RZIMY44HOX5QY5T4V16NSV0M})""";31/07/2026 0:00;BANCO_A;"{{""financial_entity"": ""cree"", ""amount"": ""-2381.34"", ""detail"": ""tax_withholding""}, {""financial_entity"": ""cree"", ""amount"": ""-4392.84"", ""detail"": ""tax_withholding""}, {""marca"": ""NAF NAF""}]""";AUTORIZADO
TRX0250;"{""account_name"": ""account_sqowuztk"", ""callback_url"": ""https://transitpay.vtexpayments.com.br/api/pvt/payment-provider/transactions/2GLR87GUXTU039TXW3KR2EHEIJMDZTFS"", ""delay_auto_settle"": ""7200"", ""merchant_name"": ""merchant_iymlby"", ""monto"": 250000, ""vtex_transaction_id"": ""2GLR87GUXTU039TXW3KR2EHEIJMDZTFS}]""";07/07/2026 17:00;BANCO_C;"({""financial_entity"": ""aumento"", ""amount"": ""-4478.63"", ""detail"": ""tax_withholding""}, {""financial_entity"": ""fuente"", ""amount"": ""-4769.14"", ""detail"": ""tax_withholding""}, {""marca"": ""AMERICANINO""})""";AUTORIZADO
TRX0251;"[{account_name"": ""account_bixnondy"", ""callback_url"": ""https://transitpay.vtexpayments.com.br/api/pvt/payment-provider/transactions/FRB40OCNSMFJ4S2J21VYITURICJLHBXU"", ""delay_auto_settle"": ""3600"", ""merchant_name"": ""merchant_nivgwv"", ""monto"": 225000, ""vtex_transaction_id"": ""FRB40OCNSMFJ4S2J21VYITURICJLHBXU""]";25/07/2026 4:00;BANCO_C;"""[{""financial_entity"": ""iva"", ""amount"": ""-1748.19"", ""detail"": ""tax_withholding""}, {""financial_entity"": ""fuente"", ""amount"": ""-142.57"", ""detail"": ""tax_withholding""}, {""marca"": ""AMERICAN EAGLE""}]""";AUTORIZADO
TRX0252;"{""account_name"": ""account_ooygbrdz"", ""callback_url"": ""https://nexoflow.vtexpayments.com.br/api/pvt/payment-provider/transactions/PJRT7NAM42H7QGE1XW8B8LSZ0Q3W7BWG"", ""delay_auto_settle"": ""3600"", ""merchant_name"": ""merchant_ayuilu"", ""monto"": 95000, ""vtex_transaction_id"": ""PJRT7NAM42H7QGE1XW8B8LSZ0Q3W7BWG}]""";06/07/2026 21:00;BANCO_A;"""[{""financial_entity"": ""ica"", ""amount"": ""-1426.7"", ""detail"": ""tax_withholding""}, {""financial_entity"": ""iva"", ""amount"": ""-644.12"", ""detail"": ""tax_withholding""}, {""financial_entity"": ""aumento"", ""amount"": ""-4162.37"", ""detail"": ""tax_withholding""}, {""marca"": ""NAF NAF""}]""";AUTORIZADO
TRX0253;"[{account_name"": ""account_wmutjryw"", ""callback_url"": ""https://transactionhub.vtexpayments.com.br/api/pvt/payment-provider/transactions/UUCQDMAL0O7QJI91OZGL30Z3F812XIWJ"", ""delay_auto_settle"": ""7200"", ""merchant_name"": ""merchant_juasic"", ""monto"": ""210.000 COP"", ""monto"": 210000, ""vtex_transaction_id"": ""UUCQDMAL0O7QJI91OZGL30Z3F812XIWJ""]";17/07/2026 18:00;BANCO_B;"""[{""financial_entity"": ""iva"", ""amount"": ""-704.82"", ""detail"": ""tax_withholding""}, {""financial_entity"": ""fuente"", ""amount"": ""-4545.07"", ""detail"": ""tax_withholding""}, {""marca"": ""AMERICAN EAGLE""}]""";AUTORIZADO
TRX0254;"[{account_name""account_tbmoqvgy"", ""callback_url"": ""https://transactionhub.vtexpayments.com.br/api/pvt/payment-provider/transactions/YXRYRRTEJR03MJ0EWJEDSIFP935CE384"", ""delay_auto_settle"": ""7200"", ""merchant_name"": ""merchant_lbvdcw"", ""monto"": 340000, ""vtex_transaction_id"": ""YXRYRRTEJR03MJ0EWJEDSIFP935CE384}]""";04/07/2026 0:00;BANCO_B;"[{financial_entityfinancial_entity"": ""cree"", ""amount"": ""-3383.27"", ""detail"": ""tax_withholding""}, {""financial_entity"": ""cree"", ""amount"": ""-3550.42"", ""detail"": ""tax_withholding""}, {""marca"": ""AMERICAN EAGLE""}]""";AUTORIZADO
TRX0255;"{""account_name"": ""account_vpimlhwo"", ""callback_url"": ""https://quickpay.vtexpayments.com.br/api/pvt/payment-provider/transactions/RWEH2E318XSO7JCN2TOQA2FDBDZCDHQR"", ""delay_auto_settle"": ""1800"", ""merchant_name"": ""merchant_fgeaeu"", ""monto"": 340000, ""vtex_transaction_id"": ""RWEH2E318XSO7JCN2TOQA2FDBDZCDHQR}]""";20/07/2026 10:00;BANCO_A;"""[{""financial_entity"": ""aumento"", ""amount"": ""-642.39"", ""detail"": ""tax_withholding""}, {""financial_entity"": ""cree"", ""amount"": ""-2736.09"", ""detail"": ""tax_withholding""}, {""marca"": ""CHEVIGNON""}]""";AUTORIZADO
TRX0256;"{""account_name"": ""account_gkkdvdrs"", ""callback_url"": ""https://transitpay.vtexpayments.com.br/api/pvt/payment-provider/transactions/OB5YN0RUAE70MDB7HMK6TFAMMB2HWV0B"", ""delay_auto_settle"": ""7200"", ""merchant_name"": ""merchant_gjcouc"", ""monto"": ""210.000 COP"", ""monto"": 210000, ""vtex_transaction_id"": ""OB5YN0RUAE70MDB7HMK6TFAMMB2HWV0B}]""";30/07/2026 22:00;BANCO_A;"""[{""financial_entity"": ""fuente"", ""amount"": ""-891.04"", ""detail"": ""tax_withholding""}, {""financial_entity"": ""iva"", ""amount"": ""-3182.74"", ""detail"": ""tax_withholding""}, {""financial_entity"": ""iva"", ""amount"": ""-597.41"", ""detail"": ""tax_withholding""}, {""marca"": ""AMERICAN EAGLE""}]""";AUTORIZADO
TRX0257;"[{account_name""account_kgcrngrz"", ""callback_url"": ""https://transitpay.vtexpayments.com.br/api/pvt/payment-provider/transactions/XISWZ8LOZ9C9IAKLO5U1M9R2AQJK95GA"", ""delay_auto_settle"": ""1800"", ""merchant_name"": ""merchant_rtbvos"", ""monto"": ""320.000 COP"", ""monto"": 320000, ""vtex_transaction_id"": ""XISWZ8LOZ9C9IAKLO5U1M9R2AQJK95GA}]""";07/07/2026 2:00;BANCO_B;"{{""financial_entity"": ""ica"", ""amount"": ""-2527.17"", ""detail"": ""tax_withholding""}, {""financial_entity"": ""iva"", ""amount"": ""-2249.96"", ""detail"": ""tax_withholding""}, {""financial_entity"": ""ica"", ""amount"": ""-4271.49"", ""detail"": ""tax_withholding""}, {""financial_entity"": ""cree"", ""amount"": ""-2894.95"", ""detail"": ""tax_withholding""}, {""marca"": ""AMERICANINO""}]""";AUTORIZADO
TRX0258;"{""account_name"": ""account_ltsjjped"", ""callback_url"": ""https://transactionhub.vtexpayments.com.br/api/pvt/payment-provider/transactions/4VTN9PUUM7FQ7R6L994TF81XFEL5CQ3Q"", ""delay_auto_settle"": ""1800"", ""merchant_name"": ""merchant_tqgvhk"", ""monto"": 250000, ""vtex_transaction_id"": ""4VTN9PUUM7FQ7R6L994TF81XFEL5CQ3Q}]""";16/07/2026 22:00;BANCO_A;"({""financial_entity"": ""fuente"", ""amount"": ""-3293.29"", ""detail"": ""tax_withholding""}, {""financial_entity"": ""iva"", ""amount"": ""-1188.01"", ""detail"": ""tax_withholding""}, {""financial_entity"": ""aumento"", ""amount"": ""-2596.09"", ""detail"": ""tax_withholding""}, {""financial_entity"": ""fuente"", ""amount"": ""-426.94"", ""detail"": ""tax_withholding""}, {""marca"": ""CHEVIGNON""})""";AUTORIZADO
TRX0259;"({account_name"": ""account_ksadkfis"", ""callback_url"": ""https://transitpay.vtexpayments.com.br/api/pvt/payment-provider/transactions/WTHXBI56Q23P8E3O53WJBS1019MAWWLH"", ""delay_auto_settle"": ""3600"", ""merchant_name"": ""merchant_axqthe"", ""monto\"": 198000, ""vtex_transaction_id"": ""WTHXBI56Q23P8E3O53WJBS1019MAWWLH})""";14/07/2026 9:00;BANCO_B;"""[{""financial_entity"": ""ica"", ""amount"": ""-332.12"", ""detail"": ""tax_withholding""}, {""financial_entity"": ""aumento"", ""amount"": ""-2780.73"", ""detail"": ""tax_withholding""}, {""financial_entity"": ""ica"", ""amount"": ""-4776.95"", ""detail"": ""tax_withholding""}, {""financial_entity"": ""aumento"", ""amount"": ""-3150.66"", ""detail"": ""tax_withholding""}, {""marca\"": ""AMERICAN EAGLE""}]""";AUTORIZADO
TRX0260;"{""account_name"": ""account_hhhahwkd"", ""callback_url"": ""https://payflow.vtexpayments.com.br/api/pvt/payment-provider/transactions/EV0FMHIZECZHLXELXDNGLPSIEN5FRTJD"", ""delay_auto_settle"": ""3600"", ""merchant_name"": ""merchant_diudxp"", ""monto"": 340000, ""vtex_transaction_id"": ""EV0FMHIZECZHLXELXDNGLPSIEN5FRTJD}]""";21/07/2026 3:00;BANCO_A;"[{""financial_entity"": ""cree"", ""amount"": ""-1014.83"", ""detail"": ""tax_withholding""}, {""financial_entity"": ""fuente"", ""amount"": ""-4261.34"", ""detail"": ""tax_withholding""}, {""financial_entity"": ""fuente"", ""amount"": ""-4195.56"", ""detail"": ""tax_withholding""}, {""marca"": ""AMERICAN EAGLE""}]";AUTORIZADO
TRX0261;"[{account_name"": ""account_yahtuftt"", ""callback_url"": ""https://quickpay.vtexpayments.com.br/api/pvt/payment-provider/transactions/ZY8H035SGOX8XT7J35OBX2Z9YJANXVQJ"", ""delay_auto_settle"": ""1800"", ""merchant_name"": ""merchant_gtaqzd"", ""monto"": ""260.000 COP"", ""monto"": 260000, ""vtex_transaction_id"": ""ZY8H035SGOX8XT7J35OBX2Z9YJANXVQJ""}]""""";20/07/2026 10:00;BANCO_B;"[{""financial_entity"": ""fuente"", ""amount"": ""-286.63"", ""detail"": ""tax_withholding""}, {""financial_entity"": ""fuente"", ""amount"": ""-2097.31"", ""detail"": ""tax_withholding""}, {""financial_entity"": ""ica"", ""amount"": ""-491.29"", ""detail"": ""tax_withholding""}, {""marca"": ""NAF NAF""}}]""""";AUTORIZADO
TRX0262;"""[{account_name"": ""account_zvqkkstw"", ""callback_url"": ""https://quickpay.vtexpayments.com.br/api/pvt/payment-provider/transactions/H7IZVJDTKIVOU14BW6WPMNDA3CQGI0XM"", ""delay_auto_settle"": ""3600"", ""merchant_name"": ""merchant_sxgkgt"", ""monto"": 210000, ""vtex_transaction_id"": ""H7IZVJDTKIVOU14BW6WPMNDA3CQGI0XM}]""";30/07/2026 21:00;BANCO_C;"[{""financial_entity"": ""fuente"", ""amount"": ""-2541.98"", ""detail"": ""tax_withholding""}, {""financial_entity"": ""ica"", ""amount"": ""-2437.52"", ""detail"": ""tax_withholding""}, {""financial_entity"": ""iva"", ""amount"": ""-2390.36"", ""detail"": ""tax_withholding""}, {""marca"": ""NAF NAF""}]";AUTORIZADO
TRX0263;"{""account_name"": ""account_quywvxlw"", ""callback_url"": ""https://payflow.vtexpayments.com.br/api/pvt/payment-provider/transactions/TFVUI0BAXFE574ZCFWJM0MPYIAA71D14"", ""delay_auto_settle"": ""7200"", ""merchant_name"": ""merchant_tbnxiw"", ""monto"": 320000, ""vtex_transaction_id"": ""TFVUI0BAXFE574ZCFWJM0MPYIAA71D14}]""";21/07/2026 12:00;BANCO_A;"({""financial_entity"": ""aumento"", ""amount"": ""-4455.14"", ""detail"": ""tax_withholding""}, {""financial_entity"": ""aumento"", ""amount"": ""-3813.71"", ""detail"": ""tax_withholding""}, {""marca"": ""RIFLE""})""";AUTORIZADO
TRX0264;"[{account_name"": ""account_atuavrxl"", ""callback_url"": ""https://transitpay.vtexpayments.com.br/api/pvt/payment-provider/transactions/LF9ZMTXLABVFU1SZX94ZI00U44KPVX7O"", ""delay_auto_settle"": ""7200"", ""merchant_name"": ""merchant_oceflc"", ""monto"": 289000, ""vtex_transaction_id"": ""LF9ZMTXLABVFU1SZX94ZI00U44KPVX7O""]";22/07/2026 5:00;BANCO_B;"""[{""financial_entity"": ""aumento"", ""amount"": ""-1910.48"", ""detail"": ""tax_withholding""}, {""financial_entity"": ""fuente"", ""amount"": ""-2037.18"", ""detail"": ""tax_withholding""}, {""financial_entity"": ""aumento"", ""amount"": ""-4197.74"", ""detail"": ""tax_withholding""}, {""marca"": ""CHEVIGNON""}]""";AUTORIZADO
TRX0265;"[{account_name"": ""account_wnzhcrjm"", ""callback_url"": ""https://transitpay.vtexpayments.com.br/api/pvt/payment-provider/transactions/VL1KG4W4UAP3TLBREJB8Z9CGEDTNQ90I"", ""delay_auto_settle"": ""3600"", ""merchant_name"": ""merchant_gdszrd"", ""monto"": 260000, ""vtex_transaction_id"": ""VL1KG4W4UAP3TLBREJB8Z9CGEDTNQ90I""}]""""";15/07/2026 18:00;BANCO_B;"""[{""financial_entity"": ""fuente"", ""amount"": ""-1858.5"", ""detail"": ""tax_withholding""}, {""financial_entity"": ""ica"", ""amount"": ""-1160.22"", ""detail"": ""tax_withholding""}, {""financial_entity"": ""cree"", ""amount"": ""-1205.78"", ""detail"": ""tax_withholding""}, {""marca"": ""AMERICANINO""}]""";AUTORIZADO
TRX0266;"""[{account_name"": ""account_itwtgspy"", ""callback_url"": ""https://quickpay.vtexpayments.com.br/api/pvt/payment-provider/transactions/MJ58RTJE2BT1Q89XKU5BNC7E22MOOD9B"", ""delay_auto_settle"": ""3600"", ""merchant_name"": ""merchant_tyravt"", ""monto"": 145000, ""vtex_transaction_id"": ""MJ58RTJE2BT1Q89XKU5BNC7E22MOOD9B}]""";20/07/2026 14:00;BANCO_C;"""[{""financial_entity"": ""iva"", ""amount"": ""-1405.99"", ""detail"": ""tax_withholding""}, {""financial_entity"": ""ica"", ""amount"": ""-4701.73"", ""detail"": ""tax_withholding""}, {""marca"": ""CHEVIGNON""}]""";AUTORIZADO
TRX0267;"[{account_name"": ""account_ihqnoqtw"", ""callback_url"": ""https://transactionhub.vtexpayments.com.br/api/pvt/payment-provider/transactions/2CLUUZS7M236PW8C7J3AKDEZ596EFOSH"", ""delay_auto_settle"": ""1800"", ""merchant_name"": ""merchant_vtptbw"", ""monto"": 180000, ""vtex_transaction_id"": ""2CLUUZS7M236PW8C7J3AKDEZ596EFOSH""}]""""";24/07/2026 16:00;BANCO_B;"[{""financial_entity"": ""ica"", ""amount"": ""-2827.85"", ""detail"": ""tax_withholding""}, {""financial_entity"": ""iva"", ""amount"": ""-3166.01"", ""detail"": ""tax_withholding""}, {""financial_entity"": ""cree"", ""amount"": ""-2075.76"", ""detail"": ""tax_withholding""}, {""marca"": ""AMERICANINO""}}]""""";AUTORIZADO
TRX0268;"[{account_name"": ""account_zcrevdvd"", ""callback_url"": ""https://transactionhub.vtexpayments.com.br/api/pvt/payment-provider/transactions/3VYSK4A8P2UT58BSG7WEPWDCXFMU81G5"", ""delay_auto_settle"": ""3600"", ""merchant_name"": ""merchant_vkwsut"", ""monto"": 125000, ""vtex_transaction_id"": ""3VYSK4A8P2UT58BSG7WEPWDCXFMU81G5""]";01/07/2026 20:00;BANCO_A;"{{""financial_entity"": ""ica"", ""amount"": ""-3876.68"", ""detail"": ""tax_withholding""}, {""financial_entity"": ""fuente"", ""amount"": ""-1859.0"", ""detail"": ""tax_withholding""}, {""financial_entity"": ""ica"", ""amount"": ""-2271.46"", ""detail"": ""tax_withholding""}, {""financial_entity"": ""ica"", ""amount"": ""-633.55"", ""detail"": ""tax_withholding""}, {""marca"": ""CHEVIGNON""}]""";AUTORIZADO
TRX0269;"[{account_name"": ""account_goxmitwk"", ""callback_url"": ""https://quickpay.vtexpayments.com.br/api/pvt/payment-provider/transactions/DLLBPXPTDINID5BSVPW06IN85951KBBF"", ""delay_auto_settle"": ""3600"", ""merchant_name"": ""merchant_altiyn"", ""monto"": 260000, ""vtex_transaction_id"": ""DLLBPXPTDINID5BSVPW06IN85951KBBF""]";15/07/2026 6:00;BANCO_A;"({""financial_entity"": ""iva"", ""amount"": ""-190.99"", ""detail"": ""tax_withholding""}, {""financial_entity"": ""ica"", ""amount"": ""-748.52"", ""detail"": ""tax_withholding""}, {""financial_entity"": ""fuente"", ""amount"": ""-1955.52"", ""detail"": ""tax_withholding""}, {""financial_entity"": ""aumento"", ""amount"": ""-2813.69"", ""detail"": ""tax_withholding""}, {""marca"": ""AMERICAN EAGLE""})""";AUTORIZADO
TRX0270;"({account_name"": ""account_gpvmumns"", ""callback_url"": ""https://quickpay.vtexpayments.com.br/api/pvt/payment-provider/transactions/R41MZX05UUNNSBYP225D8GV7617OLGKP"", ""delay_auto_settle"": ""7200"", ""merchant_name"": ""merchant_eejgnq"", ""monto"": 198000, ""vtex_transaction_id"": ""R41MZX05UUNNSBYP225D8GV7617OLGKP})""";14/07/2026 8:00;BANCO_B;"[{financial_entityfinancial_entity"": ""aumento"", ""amount"": ""-2845.31"", ""detail"": ""tax_withholding""}, {""financial_entity"": ""iva"", ""amount"": ""-3075.96"", ""detail"": ""tax_withholding""}, {""financial_entity"": ""ica"", ""amount"": ""-1196.67"", ""detail"": ""tax_withholding""}, {""marca"": ""AMERICANINO""}]""";AUTORIZADO
TRX0271;"[{account_name"": ""account_bdpnqqee"", ""callback_url"": ""https://transitpay.vtexpayments.com.br/api/pvt/payment-provider/transactions/PC5QTZSLECIKTJUHX5TC9417JAUJL25R"", ""delay_auto_settle"": ""3600"", ""merchant_name"": ""merchant_aewqvk"", ""monto"": ""250.000 COP"", ""monto"": 250000, ""vtex_transaction_id"": ""PC5QTZSLECIKTJUHX5TC9417JAUJL25R""}]""""";30/07/2026 9:00;BANCO_A;"{{""financial_entity"": ""fuente"", ""amount"": ""-4671.22"", ""detail"": ""tax_withholding""}, {""financial_entity"": ""fuente"", ""amount"": ""-4987.53"", ""detail"": ""tax_withholding""}, {""financial_entity"": ""fuente"", ""amount"": ""-1679.9"", ""detail"": ""tax_withholding""}, {""marca"": ""RIFLE""}]""";AUTORIZADO
TRX0272;"[{account_name"": ""account_iuzffatp"", ""callback_url"": ""https://flowcash.vtexpayments.com.br/api/pvt/payment-provider/transactions/SJK9PFR360VUSNHOTDQ2KMZ6XV78EN34"", ""delay_auto_settle"": ""3600"", ""merchant_name"": ""merchant_akzhxv"", ""monto"": 410000, ""vtex_transaction_id"": ""SJK9PFR360VUSNHOTDQ2KMZ6XV78EN34""]";09/07/2026 5:00;BANCO_A;"[{financial_entityfinancial_entity"": ""aumento"", ""amount"": ""-2566.41"", ""detail"": ""tax_withholding""}, {""financial_entity"": ""iva"", ""amount"": ""-1011.93"", ""detail"": ""tax_withholding""}, {""financial_entity"": ""iva"", ""amount"": ""-2914.61"", ""detail"": ""tax_withholding""}, {""financial_entity"": ""ica"", ""amount"": ""-155.41"", ""detail"": ""tax_withholding""}, {""marca"": ""AMERICAN EAGLE""}]""";AUTORIZADO
TRX0273;"{""account_name"": ""account_itwiyrwv"", ""callback_url"": ""https://quickpay.vtexpayments.com.br/api/pvt/payment-provider/transactions/Z3DQETKBJOLO2RZD4NSO3XBYO72CPLR3"", ""delay_auto_settle"": ""7200"", ""merchant_name"": ""merchant_eauxle"", ""monto"": 240000, ""vtex_transaction_id"": ""Z3DQETKBJOLO2RZD4NSO3XBYO72CPLR3}]""";18/07/2026 5:00;BANCO_C;"[{financial_entityfinancial_entity"": ""aumento"", ""amount"": ""-4617.36"", ""detail"": ""tax_withholding""}, {""financial_entity"": ""fuente"", ""amount"": ""-2966.56"", ""detail"": ""tax_withholding""}, {""marca"": ""AMERICAN EAGLE""}]""";AUTORIZADO
TRX0274;"""[{account_name"": ""account_vnoagrgm"", ""callback_url"": ""https://transitpay.vtexpayments.com.br/api/pvt/payment-provider/transactions/DF4X3DYLU8K90D5XRHF6ZU8MVBR9KFBJ"", ""delay_auto_settle"": ""3600"", ""merchant_name"": ""merchant_yexjnx"", ""monto"": ""$95.000,00"", ""vtex_transaction_id"": ""DF4X3DYLU8K90D5XRHF6ZU8MVBR9KFBJ}]""";20/07/2026 18:00;BANCO_C;"({""financial_entity"": ""aumento"", ""amount"": ""-1435.5"", ""detail"": ""tax_withholding""}, {""financial_entity"": ""iva"", ""amount"": ""-1484.69"", ""detail"": ""tax_withholding""}, {""financial_entity"": ""fuente"", ""amount"": ""-2872.51"", ""detail"": ""tax_withholding""}, {""marca"": ""AMERICAN EAGLE""})""";AUTORIZADO
TRX0275;"[{account_name"": ""account_gsbocpfz"", ""callback_url"": ""https://nexoflow.vtexpayments.com.br/api/pvt/payment-provider/transactions/GDI5O3RV68ED9LFM3F94LCYNWKVY5A29"", ""delay_auto_settle"": ""7200"", ""merchant_name"": ""merchant_ukjhec"", ""monto"": ""$175.000,00"", ""vtex_transaction_id"": ""GDI5O3RV68ED9LFM3F94LCYNWKVY5A29""}]""""";14/07/2026 21:00;BANCO_A;"[{""financial_entity"": ""ica"", ""amount"": ""-3279.38"", ""detail"": ""tax_withholding""}, {""financial_entity"": ""aumento"", ""amount"": ""-3170.13"", ""detail"": ""tax_withholding""}, {""financial_entity"": ""iva"", ""amount"": ""-4672.73"", ""detail"": ""tax_withholding""}, {""financial_entity"": ""iva"", ""amount"": ""-3433.55"", ""detail"": ""tax_withholding""}, {""marca"": ""AMERICANINO""}]";AUTORIZADO
TRX0276;"({account_name"": ""account_wjmtjigj"", ""callback_url"": ""https://transactionhub.vtexpayments.com.br/api/pvt/payment-provider/transactions/TNEYDDCRHQ2WOCAUCUV9W23KG7LI930F"", ""delay_auto_settle"": ""1800"", ""merchant_name"": ""merchant_hlqmpy"", ""monto"": ""260.000 COP"", ""monto"": 260000, ""vtex_transaction_id"": ""TNEYDDCRHQ2WOCAUCUV9W23KG7LI930F})""";25/07/2026 3:00;BANCO_B;"[{""financial_entity"": ""fuente"", ""amount"": ""-258.05"", ""detail"": ""tax_withholding""}, {""financial_entity"": ""iva"", ""amount"": ""-4461.29"", ""detail"": ""tax_withholding""}, {""marca"": ""AMERICANINO""}}]""""";AUTORIZADO
TRX0277;"{""account_name"": ""account_crsfnlbm"", ""callback_url"": ""https://transactionhub.vtexpayments.com.br/api/pvt/payment-provider/transactions/0SH90ERRKCY1NIFAWSH6Y3BNH0Y10XHV"", ""delay_auto_settle"": ""7200"", ""merchant_name"": ""merchant_angwzz"", ""monto"": 275000, ""vtex_transaction_id"": ""0SH90ERRKCY1NIFAWSH6Y3BNH0Y10XHV}]""";02/07/2026 5:00;BANCO_C;"({""financial_entity"": ""iva"", ""amount"": ""-312.53"", ""detail"": ""tax_withholding""}, {""financial_entity"": ""fuente"", ""amount"": ""-2132.36"", ""detail"": ""tax_withholding""}, {""marca"": ""AMERICANINO""})""";AUTORIZADO
TRX0278;"[{account_name"": ""account_xgjspvlq"", ""callback_url"": ""https://transactionhub.vtexpayments.com.br/api/pvt/payment-provider/transactions/UPE10APJ9BMN4JNMJUFL6WCV5P0H0IBF"", ""delay_auto_settle"": ""1800"", ""merchant_name"": ""merchant_lsdbdx"", ""monto"": 95000, ""vtex_transaction_id"": ""UPE10APJ9BMN4JNMJUFL6WCV5P0H0IBF""}]""""";11/07/2026 9:00;BANCO_A;"[{""financial_entity"": ""cree"", ""amount"": ""-3630.3"", ""detail"": ""tax_withholding""}, {""financial_entity"": ""iva"", ""amount"": ""-3267.16"", ""detail"": ""tax_withholding""}, {""financial_entity"": ""aumento"", ""amount"": ""-442.24"", ""detail"": ""tax_withholding""}, {""marca"": ""CHEVIGNON""}]";AUTORIZADO
TRX0279;"{""account_name"": ""account_dodwpvny"", ""callback_url"": ""https://nexoflow.vtexpayments.com.br/api/pvt/payment-provider/transactions/597M8FLGGO3353W7QZ0CH3R1U6UXYUTP"", ""delay_auto_settle"": ""7200"", ""merchant_name"": ""merchant_yqndnz"", ""monto"": 275000, ""vtex_transaction_id"": ""597M8FLGGO3353W7QZ0CH3R1U6UXYUTP}]""";22/07/2026 14:00;BANCO_A;"({""financial_entity"": ""ica"", ""amount"": ""-3505.62"", ""detail"": ""tax_withholding""}, {""financial_entity"": ""fuente"", ""amount"": ""-4145.53"", ""detail"": ""tax_withholding""}, {""marca"": ""AMERICANINO""})""";AUTORIZADO
TRX0280;"[{account_name""account_iahitcka"", ""callback_url"": ""https://transactionhub.vtexpayments.com.br/api/pvt/payment-provider/transactions/EXB7T5MON150CWJHSW3KDJI2EYUDJEV0"", ""delay_auto_settle"": ""1800"", ""merchant_name"": ""merchant_vntjeh"", ""monto\"": 145000, ""vtex_transaction_id"": ""EXB7T5MON150CWJHSW3KDJI2EYUDJEV0}]""";13/07/2026 15:00;BANCO_B;"""[{""financial_entity"": ""aumento"", ""amount"": ""-1866.99"", ""detail"": ""tax_withholding""}, {""financial_entity"": ""aumento"", ""amount"": ""-683.18"", ""detail"": ""tax_withholding""}, {""marca\"": ""RIFLE""}]""";AUTORIZADO
TRX0281;"[{account_name"": ""account_adegtoec"", ""callback_url"": ""https://transactionhub.vtexpayments.com.br/api/pvt/payment-provider/transactions/X95VTAP6UKHPRZXPJLFP26YWOKSYEFOJ"", ""delay_auto_settle"": ""1800"", ""merchant_name"": ""merchant_yymdht"", ""monto"": 95000, ""vtex_transaction_id"": ""X95VTAP6UKHPRZXPJLFP26YWOKSYEFOJ""}]""""";19/07/2026 13:00;BANCO_C;"""[{""financial_entity"": ""cree"", ""amount"": ""-1231.52"", ""detail"": ""tax_withholding""}, {""financial_entity"": ""fuente"", ""amount"": ""-2777.66"", ""detail"": ""tax_withholding""}, {""financial_entity"": ""iva"", ""amount"": ""-2586.8"", ""detail"": ""tax_withholding""}, {""marca"": ""CHEVIGNON""}]""";AUTORIZADO
TRX0282;"[{account_name"": ""account_evqzxlmb"", ""callback_url"": ""https://transactionhub.vtexpayments.com.br/api/pvt/payment-provider/transactions/7MZUPZN9TV9N33LZUIPT14DXIH3JOZGM"", ""delay_auto_settle"": ""7200"", ""merchant_name"": ""merchant_oewxtg"", ""monto"": 198000, ""vtex_transaction_id"": ""7MZUPZN9TV9N33LZUIPT14DXIH3JOZGM""]";13/07/2026 2:00;BANCO_B;"[{""financial_entity"": ""ica"", ""amount"": ""-612.56"", ""detail"": ""tax_withholding""}, {""financial_entity"": ""iva"", ""amount"": ""-666.81"", ""detail"": ""tax_withholding""}, {""financial_entity"": ""fuente"", ""amount"": ""-4702.24"", ""detail"": ""tax_withholding""}, {""financial_entity"": ""cree"", ""amount"": ""-1109.71"", ""detail"": ""tax_withholding""}, {""marca"": ""RIFLE""}]";AUTORIZADO
TRX0283;"{""account_name"": ""account_ttwquifs"", ""callback_url"": ""https://transitpay.vtexpayments.com.br/api/pvt/payment-provider/transactions/TTWVSLE0TDPIKB0HGE5AKL7UQ9T62YMW"", ""delay_auto_settle"": ""1800"", ""merchant_name"": ""merchant_osfjjs"", ""monto"": ""$260.000,00"", ""vtex_transaction_id"": ""TTWVSLE0TDPIKB0HGE5AKL7UQ9T62YMW}]""";05/07/2026 13:00;BANCO_A;"{{""financial_entity"": ""cree"", ""amount"": ""-3091.77"", ""detail"": ""tax_withholding""}, {""financial_entity"": ""aumento"", ""amount"": ""-1328.33"", ""detail"": ""tax_withholding""}, {""financial_entity"": ""aumento"", ""amount"": ""-2929.24"", ""detail"": ""tax_withholding""}, {""financial_entity"": ""cree"", ""amount"": ""-3138.65"", ""detail"": ""tax_withholding""}, {""marca"": ""AMERICANINO""}]""";AUTORIZADO
TRX0284;"{""account_name"": ""account_adifeyjt"", ""callback_url"": ""https://payflow.vtexpayments.com.br/api/pvt/payment-provider/transactions/3BA31HELR4RIBP8G2U1M6SKDFKEWDTEC"", ""delay_auto_settle"": ""1800"", ""merchant_name"": ""merchant_oehhii"", ""monto"": ""250.000 COP"", ""monto"": 250000, ""vtex_transaction_id"": ""3BA31HELR4RIBP8G2U1M6SKDFKEWDTEC}]""";18/07/2026 19:00;BANCO_C;"[{""financial_entity"": ""ica"", ""amount"": ""-4996.44"", ""detail"": ""tax_withholding""}, {""financial_entity"": ""fuente"", ""amount"": ""-679.52"", ""detail"": ""tax_withholding""}, {""financial_entity"": ""cree"", ""amount"": ""-833.95"", ""detail"": ""tax_withholding""}, {""marca"": ""CHEVIGNON""}}]""""";AUTORIZADO
TRX0285;"{""account_name"": ""account_qpodiljr"", ""callback_url"": ""https://flowcash.vtexpayments.com.br/api/pvt/payment-provider/transactions/XW5LKQTY69UEQONOIHW8NYUPTF04T9SW"", ""delay_auto_settle"": ""3600"", ""merchant_name"": ""merchant_eftfkw"", ""monto"": 289000, ""vtex_transaction_id"": ""XW5LKQTY69UEQONOIHW8NYUPTF04T9SW}]""";12/07/2026 12:00;BANCO_B;"[{""financial_entity"": ""cree"", ""amount"": ""-925.75"", ""detail"": ""tax_withholding""}, {""financial_entity"": ""cree"", ""amount"": ""-120.34"", ""detail"": ""tax_withholding""}, {""financial_entity"": ""cree"", ""amount"": ""-2312.95"", ""detail"": ""tax_withholding""}, {""marca"": ""NAF NAF""}]";AUTORIZADO
TRX0286;"({account_name"": ""account_ktaxdlgn"", ""callback_url"": ""https://nexoflow.vtexpayments.com.br/api/pvt/payment-provider/transactions/QGVWRUWHX7ECDQC1IRZN9H01Y6Y1ZNJC"", ""delay_auto_settle"": ""3600"", ""merchant_name"": ""merchant_getfiz"", ""monto"": ""$320.000,00"", ""vtex_transaction_id"": ""QGVWRUWHX7ECDQC1IRZN9H01Y6Y1ZNJC})""";26/07/2026 21:00;BANCO_B;"""[{""financial_entity"": ""iva"", ""amount"": ""-1048.88"", ""detail"": ""tax_withholding""}, {""financial_entity"": ""ica"", ""amount"": ""-4876.31"", ""detail"": ""tax_withholding""}, {""financial_entity"": ""cree"", ""amount"": ""-4007.12"", ""detail"": ""tax_withholding""}, {""financial_entity"": ""aumento"", ""amount"": ""-1478.74"", ""detail"": ""tax_withholding""}, {""marca"": ""RIFLE""}]""";AUTORIZADO
TRX0287;"[{account_name""account_mkecniub"", ""callback_url"": ""https://nexoflow.vtexpayments.com.br/api/pvt/payment-provider/transactions/L3C4EXEU9AK2KJ9N0KRRM1VEPZ15YPD1"", ""delay_auto_settle"": ""1800"", ""merchant_name"": ""merchant_oywxor"", ""monto"": 310000, ""vtex_transaction_id"": ""L3C4EXEU9AK2KJ9N0KRRM1VEPZ15YPD1}]""";19/07/2026 20:00;BANCO_A;"[{financial_entityfinancial_entity"": ""ica"", ""amount"": ""-1194.52"", ""detail"": ""tax_withholding""}, {""financial_entity"": ""iva"", ""amount"": ""-4517.0"", ""detail"": ""tax_withholding""}, {""financial_entity"": ""fuente"", ""amount"": ""-765.53"", ""detail"": ""tax_withholding""}, {""marca"": ""CHEVIGNON""}]""";AUTORIZADO
TRX0288;"({account_name"": ""account_nyeorruc"", ""callback_url"": ""https://quickpay.vtexpayments.com.br/api/pvt/payment-provider/transactions/IMPMT8ZAXD7OVU8BUMIP1O50LJGC4TQT"", ""delay_auto_settle"": ""1800"", ""merchant_name"": ""merchant_uqaiww"", ""monto\"": 275000, ""vtex_transaction_id"": ""IMPMT8ZAXD7OVU8BUMIP1O50LJGC4TQT})""";05/07/2026 20:00;BANCO_C;"[{""financial_entity"": ""ica"", ""amount"": ""-2972.46"", ""detail"": ""tax_withholding""}, {""financial_entity"": ""cree"", ""amount"": ""-1129.02"", ""detail"": ""tax_withholding""}, {""marca\"": ""RIFLE""}}]""""";AUTORIZADO
TRX0289;"[{account_name"": ""account_lxwiyutb"", ""callback_url"": ""https://payflow.vtexpayments.com.br/api/pvt/payment-provider/transactions/AOM3EB8BJ93A5K6SLMQGXMSQNHOREAR8"", ""delay_auto_settle"": ""3600"", ""merchant_name"": ""merchant_qlninv"", ""monto"": 205000, ""vtex_transaction_id"": ""AOM3EB8BJ93A5K6SLMQGXMSQNHOREAR8""]";08/07/2026 11:00;BANCO_A;"[{financial_entityfinancial_entity"": ""ica"", ""amount"": ""-3627.97"", ""detail"": ""tax_withholding""}, {""financial_entity"": ""iva"", ""amount"": ""-3946.21"", ""detail"": ""tax_withholding""}, {""financial_entity"": ""aumento"", ""amount"": ""-1804.01"", ""detail"": ""tax_withholding""}, {""financial_entity"": ""cree"", ""amount"": ""-252.42"", ""detail"": ""tax_withholding""}, {""marca"": ""AMERICAN EAGLE""}]""";AUTORIZADO
TRX0290;"[{account_name"": ""account_lwlxirne"", ""callback_url"": ""https://transactionhub.vtexpayments.com.br/api/pvt/payment-provider/transactions/PS3MZAVAWY5ZMISU1NAJVDFMFVPMY5VP"", ""delay_auto_settle"": ""3600"", ""merchant_name"": ""merchant_slulic"", ""monto"": 205000, ""vtex_transaction_id"": ""PS3MZAVAWY5ZMISU1NAJVDFMFVPMY5VP""}]""""";16/07/2026 12:00;BANCO_C;"[{""financial_entity"": ""aumento"", ""amount"": ""-1898.76"", ""detail"": ""tax_withholding""}, {""financial_entity"": ""ica"", ""amount"": ""-4280.56"", ""detail"": ""tax_withholding""}, {""financial_entity"": ""ica"", ""amount"": ""-2240.99"", ""detail"": ""tax_withholding""}, {""financial_entity"": ""aumento"", ""amount"": ""-3817.12"", ""detail"": ""tax_withholding""}, {""marca"": ""CHEVIGNON""}}]""""";AUTORIZADO
TRX0291;"""[{account_name"": ""account_xygqikuw"", ""callback_url"": ""https://quickpay.vtexpayments.com.br/api/pvt/payment-provider/transactions/7JU3Y1IL5PGH3BVQHOCRW8544DDQEFA1"", ""delay_auto_settle"": ""3600"", ""merchant_name"": ""merchant_uyghwn"", ""monto"": ""195.000 COP"", ""monto"": 195000, ""vtex_transaction_id"": ""7JU3Y1IL5PGH3BVQHOCRW8544DDQEFA1}]""";30/07/2026 9:00;BANCO_C;"({""financial_entity"": ""aumento"", ""amount"": ""-4688.75"", ""detail"": ""tax_withholding""}, {""financial_entity"": ""aumento"", ""amount"": ""-1086.1"", ""detail"": ""tax_withholding""}, {""marca"": ""RIFLE""})""";AUTORIZADO
TRX0292;"({account_name"": ""account_vqbbsomt"", ""callback_url"": ""https://nexoflow.vtexpayments.com.br/api/pvt/payment-provider/transactions/Q6NCT8ZLPLCB3Y8IBGOFZSDVC8VEEYWY"", ""delay_auto_settle"": ""3600"", ""merchant_name"": ""merchant_kkxfoj"", ""monto"": 145000, ""vtex_transaction_id"": ""Q6NCT8ZLPLCB3Y8IBGOFZSDVC8VEEYWY})""";18/07/2026 8:00;BANCO_C;"[{""financial_entity"": ""iva"", ""amount"": ""-4368.47"", ""detail"": ""tax_withholding""}, {""financial_entity"": ""fuente"", ""amount"": ""-1352.57"", ""detail"": ""tax_withholding""}, {""financial_entity"": ""fuente"", ""amount"": ""-1151.89"", ""detail"": ""tax_withholding""}, {""marca"": ""CHEVIGNON""}]";AUTORIZADO
TRX0293;"({account_name"": ""account_kwhachxb"", ""callback_url"": ""https://flowcash.vtexpayments.com.br/api/pvt/payment-provider/transactions/FNC7S3O604FKZFZQAPLKCB5HRX8A8FIZ"", ""delay_auto_settle"": ""1800"", ""merchant_name"": ""merchant_atptvz"", ""monto"": 320000, ""vtex_transaction_id"": ""FNC7S3O604FKZFZQAPLKCB5HRX8A8FIZ})""";10/07/2026 19:00;BANCO_C;"({""financial_entity"": ""ica"", ""amount"": ""-125.39"", ""detail"": ""tax_withholding""}, {""financial_entity"": ""cree"", ""amount"": ""-3587.43"", ""detail"": ""tax_withholding""}, {""financial_entity"": ""iva"", ""amount"": ""-1687.73"", ""detail"": ""tax_withholding""}, {""marca"": ""AMERICANINO""})""";AUTORIZADO
TRX0294;"({account_name"": ""account_odcltawl"", ""callback_url"": ""https://nexoflow.vtexpayments.com.br/api/pvt/payment-provider/transactions/SUXALVFUHAXGAQV9Q26KPV2HUAZMNG2Y"", ""delay_auto_settle"": ""1800"", ""merchant_name"": ""merchant_mgdavp"", ""monto"": 310000, ""vtex_transaction_id"": ""SUXALVFUHAXGAQV9Q26KPV2HUAZMNG2Y})""";08/07/2026 3:00;BANCO_B;"""[{""financial_entity"": ""fuente"", ""amount"": ""-487.19"", ""detail"": ""tax_withholding""}, {""financial_entity"": ""iva"", ""amount"": ""-1656.89"", ""detail"": ""tax_withholding""}, {""financial_entity"": ""cree"", ""amount"": ""-3099.96"", ""detail"": ""tax_withholding""}, {""marca"": ""AMERICAN EAGLE""}]""";AUTORIZADO
TRX0295;"{""account_name"": ""account_bcaarlis"", ""callback_url"": ""https://payflow.vtexpayments.com.br/api/pvt/payment-provider/transactions/6W9JQ70IFMJQCMFMVTU8LK32ENYP5OX2"", ""delay_auto_settle"": ""1800"", ""merchant_name"": ""merchant_qsszdo"", ""monto"": 310000, ""vtex_transaction_id"": ""6W9JQ70IFMJQCMFMVTU8LK32ENYP5OX2}]""";25/07/2026 14:00;BANCO_B;"{{""financial_entity"": ""fuente"", ""amount"": ""-1011.76"", ""detail"": ""tax_withholding""}, {""financial_entity"": ""fuente"", ""amount"": ""-2127.34"", ""detail"": ""tax_withholding""}, {""financial_entity"": ""cree"", ""amount"": ""-2188.83"", ""detail"": ""tax_withholding""}, {""marca"": ""CHEVIGNON""}]""";AUTORIZADO
TRX0296;"""[{account_name"": ""account_quqbmqfj"", ""callback_url"": ""https://transitpay.vtexpayments.com.br/api/pvt/payment-provider/transactions/NJGQ329MICFSE46GWPD9AK79VBIGTG5Q"", ""delay_auto_settle"": ""7200"", ""merchant_name"": ""merchant_szrtrw"", ""monto"": ""$250.000,00"", ""vtex_transaction_id"": ""NJGQ329MICFSE46GWPD9AK79VBIGTG5Q}]""";06/07/2026 18:00;BANCO_C;"[{""financial_entity"": ""fuente"", ""amount"": ""-1324.08"", ""detail"": ""tax_withholding""}, {""financial_entity"": ""fuente"", ""amount"": ""-3982.05"", ""detail"": ""tax_withholding""}, {""marca"": ""NAF NAF""}}]""""";AUTORIZADO
TRX0297;"[{account_name"": ""account_coyndjas"", ""callback_url"": ""https://transitpay.vtexpayments.com.br/api/pvt/payment-provider/transactions/GSTNFGG9ZYQ5Y4ED3VLARCVZUKFWFSDT"", ""delay_auto_settle"": ""1800"", ""merchant_name"": ""merchant_rjzooe"", ""monto"": 225000, ""vtex_transaction_id"": ""GSTNFGG9ZYQ5Y4ED3VLARCVZUKFWFSDT""}]""""";16/07/2026 12:00;BANCO_B;"[{financial_entityfinancial_entity"": ""cree"", ""amount"": ""-913.97"", ""detail"": ""tax_withholding""}, {""financial_entity"": ""ica"", ""amount"": ""-1356.12"", ""detail"": ""tax_withholding""}, {""marca"": ""RIFLE""}]""";AUTORIZADO
TRX0298;"[{account_name"": ""account_wvfhjmgw"", ""callback_url"": ""https://payflow.vtexpayments.com.br/api/pvt/payment-provider/transactions/L33YMQJ3PP45NM0UTMM5L8M1QFBITPKG"", ""delay_auto_settle"": ""3600"", ""merchant_name"": ""merchant_qdzylt"", ""monto"": 240000, ""vtex_transaction_id"": ""L33YMQJ3PP45NM0UTMM5L8M1QFBITPKG""}]""""";21/07/2026 7:00;BANCO_C;"[{""financial_entity"": ""fuente"", ""amount"": ""-4587.88"", ""detail"": ""tax_withholding""}, {""financial_entity"": ""aumento"", ""amount"": ""-4271.61"", ""detail"": ""tax_withholding""}, {""financial_entity"": ""cree"", ""amount"": ""-4127.03"", ""detail"": ""tax_withholding""}, {""marca"": ""CHEVIGNON""}]";AUTORIZADO
TRX0299;"({account_name"": ""account_yfcafgyi"", ""callback_url"": ""https://quickpay.vtexpayments.com.br/api/pvt/payment-provider/transactions/P4XRDKFBRVWUULNFWE0MC0450CIQDX7Y"", ""delay_auto_settle"": ""1800"", ""merchant_name"": ""merchant_qxmyzj"", ""monto"": ""155.000 COP"", ""monto"": 155000, ""vtex_transaction_id"": ""P4XRDKFBRVWUULNFWE0MC0450CIQDX7Y})""";10/07/2026 10:00;BANCO_C;"[{""financial_entity"": ""aumento"", ""amount"": ""-4460.14"", ""detail"": ""tax_withholding""}, {""financial_entity"": ""iva"", ""amount"": ""-2052.71"", ""detail"": ""tax_withholding""}, {""marca"": ""AMERICANINO""}]";AUTORIZADO
TRX0300;"[{account_name"": ""account_ovundabm"", ""callback_url"": ""https://flowcash.vtexpayments.com.br/api/pvt/payment-provider/transactions/5NJUFS94ZI7I1CP6C3SUTIH10XC3ALNC"", ""delay_auto_settle"": ""7200"", ""merchant_name"": ""merchant_rgtevb"", ""monto"": ""188.000 COP"", ""monto"": 188000, ""vtex_transaction_id"": ""5NJUFS94ZI7I1CP6C3SUTIH10XC3ALNC""]";20/07/2026 14:00;BANCO_C;"({""financial_entity"": ""iva"", ""amount"": ""-2264.11"", ""detail"": ""tax_withholding""}, {""financial_entity"": ""fuente"", ""amount"": ""-1312.3"", ""detail"": ""tax_withholding""}, {""marca"": ""NAF NAF""})""";AUTORIZADO
TRX0301;"[{account_name""account_pnupcekc"", ""callback_url"": ""https://transitpay.vtexpayments.com.br/api/pvt/payment-provider/transactions/ZHE984FL0JIB3ZNLOPLKYJ5Q59L2PKOD"", ""delay_auto_settle"": ""7200"", ""merchant_name"": ""merchant_jkblyc"", ""monto"": 95000, ""vtex_transaction_id"": ""ZHE984FL0JIB3ZNLOPLKYJ5Q59L2PKOD}]""";15/07/2026 0:00;BANCO_C;"{{""financial_entity"": ""ica"", ""amount"": ""-2580.89"", ""detail"": ""tax_withholding""}, {""financial_entity"": ""aumento"", ""amount"": ""-3462.41"", ""detail"": ""tax_withholding""}, {""marca"": ""AMERICAN EAGLE""}]""";AUTORIZADO
TRX0302;"({account_name"": ""account_dpgecbbm"", ""callback_url"": ""https://quickpay.vtexpayments.com.br/api/pvt/payment-provider/transactions/132RTG35J22EZ135JGOXC6R7U0O1IHCX"", ""delay_auto_settle"": ""7200"", ""merchant_name"": ""merchant_kxvnct"", ""monto\"": 145000, ""vtex_transaction_id"": ""132RTG35J22EZ135JGOXC6R7U0O1IHCX})""";16/07/2026 17:00;BANCO_B;"""[{""financial_entity"": ""iva"", ""amount"": ""-4697.44"", ""detail"": ""tax_withholding""}, {""financial_entity"": ""cree"", ""amount"": ""-4116.16"", ""detail"": ""tax_withholding""}, {""marca\"": ""AMERICANINO""}]""";AUTORIZADO
TRX0303;"[{account_name""account_bvlyqutj"", ""callback_url"": ""https://nexoflow.vtexpayments.com.br/api/pvt/payment-provider/transactions/SCQHJQX4M8U16HIRYXMM0X52M3IOBTK6"", ""delay_auto_settle"": ""1800"", ""merchant_name"": ""merchant_gybptg"", ""monto\"": 198000, ""vtex_transaction_id"": ""SCQHJQX4M8U16HIRYXMM0X52M3IOBTK6}]""";21/07/2026 13:00;BANCO_B;"[{financial_entityfinancial_entity"": ""iva"", ""amount"": ""-968.22"", ""detail"": ""tax_withholding""}, {""financial_entity"": ""fuente"", ""amount"": ""-2813.79"", ""detail"": ""tax_withholding""}, {""financial_entity"": ""fuente"", ""amount"": ""-4812.37"", ""detail"": ""tax_withholding""}, {""marca\"": ""AMERICAN EAGLE""}]""";AUTORIZADO
TRX0304;"[{account_name""account_ubsukfog"", ""callback_url"": ""https://transitpay.vtexpayments.com.br/api/pvt/payment-provider/transactions/78VRQ562ZJDL4M3VLMKUPGJ8U36SM537"", ""delay_auto_settle"": ""1800"", ""merchant_name"": ""merchant_llscnu"", ""monto"": 150000, ""vtex_transaction_id"": ""78VRQ562ZJDL4M3VLMKUPGJ8U36SM537}]""";22/07/2026 21:00;BANCO_A;"[{financial_entityfinancial_entity"": ""fuente"", ""amount"": ""-3769.5"", ""detail"": ""tax_withholding""}, {""financial_entity"": ""ica"", ""amount"": ""-1405.1"", ""detail"": ""tax_withholding""}, {""marca"": ""AMERICAN EAGLE""}]""";AUTORIZADO
TRX0305;"({account_name"": ""account_rajtpnyj"", ""callback_url"": ""https://payflow.vtexpayments.com.br/api/pvt/payment-provider/transactions/Z1I8RUB5U3TKK0LHWV007PWGA5DWHS6C"", ""delay_auto_settle"": ""7200"", ""merchant_name"": ""merchant_vgdrqz"", ""monto"": 145000, ""vtex_transaction_id"": ""Z1I8RUB5U3TKK0LHWV007PWGA5DWHS6C})""";21/07/2026 4:00;BANCO_A;"[{""financial_entity"": ""aumento"", ""amount"": ""-4503.61"", ""detail"": ""tax_withholding""}, {""financial_entity"": ""iva"", ""amount"": ""-4624.82"", ""detail"": ""tax_withholding""}, {""financial_entity"": ""ica"", ""amount"": ""-4033.92"", ""detail"": ""tax_withholding""}, {""marca"": ""AMERICANINO""}}]""""";AUTORIZADO
TRX0306;"{""account_name"": ""account_envydvjt"", ""callback_url"": ""https://transactionhub.vtexpayments.com.br/api/pvt/payment-provider/transactions/KIOKJ850LAXSBD5WJEJ98XUB1H14GMR1"", ""delay_auto_settle"": ""1800"", ""merchant_name"": ""merchant_rmskmv"", ""monto"": ""410.000 COP"", ""monto"": 410000, ""vtex_transaction_id"": ""KIOKJ850LAXSBD5WJEJ98XUB1H14GMR1}]""";08/07/2026 21:00;BANCO_B;"{{""financial_entity"": ""ica"", ""amount"": ""-3138.64"", ""detail"": ""tax_withholding""}, {""financial_entity"": ""fuente"", ""amount"": ""-1326.44"", ""detail"": ""tax_withholding""}, {""marca"": ""NAF NAF""}]""";AUTORIZADO
TRX0307;"[{account_name""account_rrrqnxex"", ""callback_url"": ""https://transactionhub.vtexpayments.com.br/api/pvt/payment-provider/transactions/X8054VBV13R0DJKBM2LW3YVAB07IO0AR"", ""delay_auto_settle"": ""7200"", ""merchant_name"": ""merchant_cighrg"", ""monto"": 250000, ""vtex_transaction_id"": ""X8054VBV13R0DJKBM2LW3YVAB07IO0AR}]""";04/07/2026 17:00;BANCO_C;"""[{""financial_entity"": ""cree"", ""amount"": ""-2695.99"", ""detail"": ""tax_withholding""}, {""financial_entity"": ""cree"", ""amount"": ""-1926.43"", ""detail"": ""tax_withholding""}, {""financial_entity"": ""fuente"", ""amount"": ""-853.57"", ""detail"": ""tax_withholding""}, {""marca"": ""AMERICANINO""}]""";AUTORIZADO
TRX0308;"({account_name"": ""account_jypdrazh"", ""callback_url"": ""https://quickpay.vtexpayments.com.br/api/pvt/payment-provider/transactions/3VR8OP3HTAF10QASP6HUX3VI3OBYVPD4"", ""delay_auto_settle"": ""7200"", ""merchant_name"": ""merchant_npvklz"", ""monto"": 165000, ""vtex_transaction_id"": ""3VR8OP3HTAF10QASP6HUX3VI3OBYVPD4})""";25/07/2026 1:00;BANCO_A;"[{""financial_entity"": ""ica"", ""amount"": ""-3642.3"", ""detail"": ""tax_withholding""}, {""financial_entity"": ""iva"", ""amount"": ""-3378.57"", ""detail"": ""tax_withholding""}, {""marca"": ""AMERICAN EAGLE""}]";AUTORIZADO
TRX0309;"[{account_name"": ""account_edxgfjuc"", ""callback_url"": ""https://transactionhub.vtexpayments.com.br/api/pvt/payment-provider/transactions/TN23YML5TL46LBXH2ZQULODISC7RK3RZ"", ""delay_auto_settle"": ""3600"", ""merchant_name"": ""merchant_irlqyt"", ""monto\"": 155000, ""vtex_transaction_id"": ""TN23YML5TL46LBXH2ZQULODISC7RK3RZ""}]""""";19/07/2026 1:00;BANCO_A;"[{""financial_entity"": ""cree"", ""amount"": ""-4700.3"", ""detail"": ""tax_withholding""}, {""financial_entity"": ""ica"", ""amount"": ""-4593.4"", ""detail"": ""tax_withholding""}, {""financial_entity"": ""iva"", ""amount"": ""-3995.29"", ""detail"": ""tax_withholding""}, {""marca\"": ""AMERICANINO""}]";AUTORIZADO
TRX0310;"[{account_name"": ""account_ukflspth"", ""callback_url"": ""https://transactionhub.vtexpayments.com.br/api/pvt/payment-provider/transactions/TRJP85MTVT8YAXJLM3I23M19J5XZKEC1"", ""delay_auto_settle"": ""7200"", ""merchant_name"": ""merchant_prtffo"", ""monto\"": 225000, ""vtex_transaction_id"": ""TRJP85MTVT8YAXJLM3I23M19J5XZKEC1""]";22/07/2026 0:00;BANCO_A;"{{""financial_entity"": ""iva"", ""amount"": ""-3425.89"", ""detail"": ""tax_withholding""}, {""financial_entity"": ""iva"", ""amount"": ""-3241.4"", ""detail"": ""tax_withholding""}, {""financial_entity"": ""aumento"", ""amount"": ""-1739.5"", ""detail"": ""tax_withholding""}, {""marca\"": ""AMERICAN EAGLE""}]""";AUTORIZADO
TRX0311;"{""account_name"": ""account_foocbdmm"", ""callback_url"": ""https://transitpay.vtexpayments.com.br/api/pvt/payment-provider/transactions/VKQT1X1FPKNGPEH8BWKJKTGOSVRTKHYU"", ""delay_auto_settle"": ""3600"", ""merchant_name"": ""merchant_vmowpv"", ""monto"": 210000, ""vtex_transaction_id"": ""VKQT1X1FPKNGPEH8BWKJKTGOSVRTKHYU}]""";26/07/2026 14:00;BANCO_C;"[{""financial_entity"": ""ica"", ""amount"": ""-4020.14"", ""detail"": ""tax_withholding""}, {""financial_entity"": ""ica"", ""amount"": ""-993.53"", ""detail"": ""tax_withholding""}, {""financial_entity"": ""aumento"", ""amount"": ""-1582.59"", ""detail"": ""tax_withholding""}, {""financial_entity"": ""cree"", ""amount"": ""-246.6"", ""detail"": ""tax_withholding""}, {""marca"": ""AMERICANINO""}}]""""";AUTORIZADO
TRX0312;"[{account_name"": ""account_dwffiolp"", ""callback_url"": ""https://payflow.vtexpayments.com.br/api/pvt/payment-provider/transactions/DTD5ZAESOWF2H9MYHRP3F6PUP98T4VOK"", ""delay_auto_settle"": ""3600"", ""merchant_name"": ""merchant_nreeew"", ""monto"": ""$205.000,00"", ""vtex_transaction_id"": ""DTD5ZAESOWF2H9MYHRP3F6PUP98T4VOK""}]""""";06/07/2026 18:00;BANCO_A;"[{financial_entityfinancial_entity"": ""aumento"", ""amount"": ""-3659.25"", ""detail"": ""tax_withholding""}, {""financial_entity"": ""iva"", ""amount"": ""-324.88"", ""detail"": ""tax_withholding""}, {""marca"": ""CHEVIGNON""}]""";AUTORIZADO
TRX0313;"""[{account_name"": ""account_buqjnsct"", ""callback_url"": ""https://transitpay.vtexpayments.com.br/api/pvt/payment-provider/transactions/OIN0IUPP4828KQQQWLIYJC83AOK75C8B"", ""delay_auto_settle"": ""7200"", ""merchant_name"": ""merchant_facpqt"", ""monto"": 340000, ""vtex_transaction_id"": ""OIN0IUPP4828KQQQWLIYJC83AOK75C8B}]""";03/07/2026 7:00;BANCO_C;"""[{""financial_entity"": ""iva"", ""amount"": ""-2705.57"", ""detail"": ""tax_withholding""}, {""financial_entity"": ""aumento"", ""amount"": ""-1411.16"", ""detail"": ""tax_withholding""}, {""financial_entity"": ""iva"", ""amount"": ""-4418.92"", ""detail"": ""tax_withholding""}, {""marca"": ""RIFLE""}]""";AUTORIZADO
TRX0314;"""[{account_name"": ""account_gcbghfmh"", ""callback_url"": ""https://quickpay.vtexpayments.com.br/api/pvt/payment-provider/transactions/U6WRBAQLMYLUHXVE93P3U4E30C4US3S9"", ""delay_auto_settle"": ""7200"", ""merchant_name"": ""merchant_qxkext"", ""monto"": 198000, ""vtex_transaction_id"": ""U6WRBAQLMYLUHXVE93P3U4E30C4US3S9}]""";29/07/2026 2:00;BANCO_A;"[{financial_entityfinancial_entity"": ""ica"", ""amount"": ""-1937.57"", ""detail"": ""tax_withholding""}, {""financial_entity"": ""cree"", ""amount"": ""-181.7"", ""detail"": ""tax_withholding""}, {""financial_entity"": ""ica"", ""amount"": ""-1758.93"", ""detail"": ""tax_withholding""}, {""marca"": ""AMERICANINO""}]""";AUTORIZADO
TRX0315;"({account_name"": ""account_nmukxeaj"", ""callback_url"": ""https://flowcash.vtexpayments.com.br/api/pvt/payment-provider/transactions/43Y2GQB12SUPZ2Z6C6STBYR4G1DOQBRY"", ""delay_auto_settle"": ""1800"", ""merchant_name"": ""merchant_skjdmy"", ""monto"": 275000, ""vtex_transaction_id"": ""43Y2GQB12SUPZ2Z6C6STBYR4G1DOQBRY})""";17/07/2026 23:00;BANCO_C;"{{""financial_entity"": ""iva"", ""amount"": ""-617.62"", ""detail"": ""tax_withholding""}, {""financial_entity"": ""fuente"", ""amount"": ""-2417.67"", ""detail"": ""tax_withholding""}, {""marca"": ""NAF NAF""}]""";AUTORIZADO
TRX0316;"""[{account_name"": ""account_zqvskuoo"", ""callback_url"": ""https://transitpay.vtexpayments.com.br/api/pvt/payment-provider/transactions/3UJ8B2AVOGP3R87YGURMOEYCBSWZQKFK"", ""delay_auto_settle"": ""7200"", ""merchant_name"": ""merchant_yxwbll"", ""monto"": 289000, ""vtex_transaction_id"": ""3UJ8B2AVOGP3R87YGURMOEYCBSWZQKFK}]""";04/07/2026 16:00;BANCO_C;"[{""financial_entity"": ""iva"", ""amount"": ""-151.38"", ""detail"": ""tax_withholding""}, {""financial_entity"": ""fuente"", ""amount"": ""-4377.17"", ""detail"": ""tax_withholding""}, {""marca"": ""AMERICANINO""}]";AUTORIZADO
TRX0317;"[{account_name"": ""account_kozwisji"", ""callback_url"": ""https://transactionhub.vtexpayments.com.br/api/pvt/payment-provider/transactions/QQW2M0WOT5JWK3F0110AHOX8BHPO8SM0"", ""delay_auto_settle"": ""3600"", ""merchant_name"": ""merchant_xwtcwa"", ""monto"": ""$195.000,00"", ""vtex_transaction_id"": ""QQW2M0WOT5JWK3F0110AHOX8BHPO8SM0""]";08/07/2026 12:00;BANCO_C;"""[{""financial_entity"": ""cree"", ""amount"": ""-2032.14"", ""detail"": ""tax_withholding""}, {""financial_entity"": ""cree"", ""amount"": ""-918.33"", ""detail"": ""tax_withholding""}, {""marca"": ""AMERICAN EAGLE""}]""";AUTORIZADO
TRX0318;"[{account_name""account_mnwycnbl"", ""callback_url"": ""https://nexoflow.vtexpayments.com.br/api/pvt/payment-provider/transactions/4AVBQUWG3WOFGU1DQVE63DWWLMDO8WJW"", ""delay_auto_settle"": ""7200"", ""merchant_name"": ""merchant_klyuaf"", ""monto"": 145000, ""vtex_transaction_id"": ""4AVBQUWG3WOFGU1DQVE63DWWLMDO8WJW}]""";22/07/2026 1:00;BANCO_C;"""[{""financial_entity"": ""ica"", ""amount"": ""-3791.62"", ""detail"": ""tax_withholding""}, {""financial_entity"": ""iva"", ""amount"": ""-4409.71"", ""detail"": ""tax_withholding""}, {""financial_entity"": ""aumento"", ""amount"": ""-1435.56"", ""detail"": ""tax_withholding""}, {""marca"": ""RIFLE""}]""";AUTORIZADO
TRX0319;"[{account_name"": ""account_xnrjidry"", ""callback_url"": ""https://nexoflow.vtexpayments.com.br/api/pvt/payment-provider/transactions/WWNXWAZ841RZ7VPEE5Q7890Y4Q10VG2U"", ""delay_auto_settle"": ""1800"", ""merchant_name"": ""merchant_sjaafu"", ""monto"": 225000, ""vtex_transaction_id"": ""WWNXWAZ841RZ7VPEE5Q7890Y4Q10VG2U""]";26/07/2026 8:00;BANCO_B;"[{""financial_entity"": ""cree"", ""amount"": ""-1827.92"", ""detail"": ""tax_withholding""}, {""financial_entity"": ""iva"", ""amount"": ""-1978.47"", ""detail"": ""tax_withholding""}, {""financial_entity"": ""aumento"", ""amount"": ""-4274.4"", ""detail"": ""tax_withholding""}, {""financial_entity"": ""cree"", ""amount"": ""-3216.42"", ""detail"": ""tax_withholding""}, {""marca"": ""RIFLE""}}]""""";AUTORIZADO
TRX0320;"[{account_name"": ""account_tzcstosd"", ""callback_url"": ""https://nexoflow.vtexpayments.com.br/api/pvt/payment-provider/transactions/98Y8Y98LFJ56V68HJ5XRMPK8KQIOCBXC"", ""delay_auto_settle"": ""1800"", ""merchant_name"": ""merchant_xygcms"", ""monto"": 340000, ""vtex_transaction_id"": ""98Y8Y98LFJ56V68HJ5XRMPK8KQIOCBXC""}]""""";05/07/2026 9:00;BANCO_C;"[{""financial_entity"": ""ica"", ""amount"": ""-2824.34"", ""detail"": ""tax_withholding""}, {""financial_entity"": ""cree"", ""amount"": ""-1544.48"", ""detail"": ""tax_withholding""}, {""financial_entity"": ""iva"", ""amount"": ""-2585.46"", ""detail"": ""tax_withholding""}, {""marca"": ""AMERICAN EAGLE""}]";AUTORIZADO
TRX0321;"""[{account_name"": ""account_xeqjhbkv"", ""callback_url"": ""https://quickpay.vtexpayments.com.br/api/pvt/payment-provider/transactions/5PVDWHQ605C293C3TDK38D0FQ030EAQ4"", ""delay_auto_settle"": ""7200"", ""merchant_name"": ""merchant_wbfkhr"", ""monto"": 195000, ""vtex_transaction_id"": ""5PVDWHQ605C293C3TDK38D0FQ030EAQ4}]""";10/07/2026 19:00;BANCO_B;"[{""financial_entity"": ""cree"", ""amount"": ""-2336.89"", ""detail"": ""tax_withholding""}, {""financial_entity"": ""fuente"", ""amount"": ""-2248.91"", ""detail"": ""tax_withholding""}, {""financial_entity"": ""fuente"", ""amount"": ""-4555.0"", ""detail"": ""tax_withholding""}, {""marca"": ""RIFLE""}}]""""";AUTORIZADO
TRX0322;"""[{account_name"": ""account_mjtpeelv"", ""callback_url"": ""https://payflow.vtexpayments.com.br/api/pvt/payment-provider/transactions/YLC6VU8Q0HFX5J3D9LOSLYTGH4UF9T8T"", ""delay_auto_settle"": ""1800"", ""merchant_name"": ""merchant_htxtli"", ""monto"": ""$410.000,00"", ""vtex_transaction_id"": ""YLC6VU8Q0HFX5J3D9LOSLYTGH4UF9T8T}]""";20/07/2026 23:00;BANCO_B;"({""financial_entity"": ""iva"", ""amount"": ""-2305.96"", ""detail"": ""tax_withholding""}, {""financial_entity"": ""ica"", ""amount"": ""-4583.2"", ""detail"": ""tax_withholding""}, {""marca"": ""CHEVIGNON""})""";AUTORIZADO
TRX0323;"[{account_name"": ""account_ktjqpuvd"", ""callback_url"": ""https://payflow.vtexpayments.com.br/api/pvt/payment-provider/transactions/5XLK5KK127P7QZJNICQQKPQXPLHO65MT"", ""delay_auto_settle"": ""3600"", ""merchant_name"": ""merchant_ycjgdd"", ""monto"": 350000, ""vtex_transaction_id"": ""5XLK5KK127P7QZJNICQQKPQXPLHO65MT""}]""""";18/07/2026 12:00;BANCO_B;"[{""financial_entity"": ""iva"", ""amount"": ""-2841.74"", ""detail"": ""tax_withholding""}, {""financial_entity"": ""ica"", ""amount"": ""-4685.23"", ""detail"": ""tax_withholding""}, {""financial_entity"": ""ica"", ""amount"": ""-366.27"", ""detail"": ""tax_withholding""}, {""financial_entity"": ""fuente"", ""amount"": ""-3205.77"", ""detail"": ""tax_withholding""}, {""marca"": ""AMERICANINO""}]";AUTORIZADO
TRX0324;"{""account_name"": ""account_uotuhxeh"", ""callback_url"": ""https://flowcash.vtexpayments.com.br/api/pvt/payment-provider/transactions/PHFLEUSMR5YVWBKDD4CVCI0AO5PRMPUM"", ""delay_auto_settle"": ""1800"", ""merchant_name"": ""merchant_eekmvd"", ""monto"": 350000, ""vtex_transaction_id"": ""PHFLEUSMR5YVWBKDD4CVCI0AO5PRMPUM}]""";15/07/2026 10:00;BANCO_A;"{{""financial_entity"": ""fuente"", ""amount"": ""-2518.89"", ""detail"": ""tax_withholding""}, {""financial_entity"": ""aumento"", ""amount"": ""-3605.77"", ""detail"": ""tax_withholding""}, {""marca"": ""AMERICAN EAGLE""}]""";AUTORIZADO
TRX0325;"[{account_name"": ""account_csqzuzru"", ""callback_url"": ""https://nexoflow.vtexpayments.com.br/api/pvt/payment-provider/transactions/0KOAJUY5JCQBGL58N8RWEN01M6VTGYLT"", ""delay_auto_settle"": ""7200"", ""merchant_name"": ""merchant_sywcar"", ""monto"": 155000, ""vtex_transaction_id"": ""0KOAJUY5JCQBGL58N8RWEN01M6VTGYLT""]";16/07/2026 5:00;BANCO_C;"[{""financial_entity"": ""aumento"", ""amount"": ""-1903.58"", ""detail"": ""tax_withholding""}, {""financial_entity"": ""cree"", ""amount"": ""-2265.39"", ""detail"": ""tax_withholding""}, {""marca"": ""RIFLE""}]";AUTORIZADO
TRX0326;"[{account_name"": ""account_ajjlifly"", ""callback_url"": ""https://transactionhub.vtexpayments.com.br/api/pvt/payment-provider/transactions/V2EB20N4D4B3OZ4E5N8R75FIJWF84MIE"", ""delay_auto_settle"": ""1800"", ""merchant_name"": ""merchant_rtiqdw"", ""monto"": ""$289.000,00"", ""vtex_transaction_id"": ""V2EB20N4D4B3OZ4E5N8R75FIJWF84MIE""}]""""";10/07/2026 12:00;BANCO_C;"[{""financial_entity"": ""cree"", ""amount"": ""-4053.57"", ""detail"": ""tax_withholding""}, {""financial_entity"": ""ica"", ""amount"": ""-893.82"", ""detail"": ""tax_withholding""}, {""financial_entity"": ""fuente"", ""amount"": ""-3025.31"", ""detail"": ""tax_withholding""}, {""financial_entity"": ""ica"", ""amount"": ""-1293.39"", ""detail"": ""tax_withholding""}, {""marca"": ""AMERICAN EAGLE""}]";AUTORIZADO
TRX0327;"[{account_name""account_rioeghve"", ""callback_url"": ""https://transitpay.vtexpayments.com.br/api/pvt/payment-provider/transactions/R1XEKJ91GNTUH7D1NLN7AJ6UM796E3LC"", ""delay_auto_settle"": ""3600"", ""merchant_name"": ""merchant_lsouvi"", ""monto"": 95000, ""vtex_transaction_id"": ""R1XEKJ91GNTUH7D1NLN7AJ6UM796E3LC}]""";19/07/2026 5:00;BANCO_C;"({""financial_entity"": ""aumento"", ""amount"": ""-3271.55"", ""detail"": ""tax_withholding""}, {""financial_entity"": ""cree"", ""amount"": ""-702.89"", ""detail"": ""tax_withholding""}, {""financial_entity"": ""iva"", ""amount"": ""-2441.38"", ""detail"": ""tax_withholding""}, {""marca"": ""AMERICAN EAGLE""})""";AUTORIZADO
TRX0328;"[{account_name"": ""account_jbgcumjf"", ""callback_url"": ""https://transitpay.vtexpayments.com.br/api/pvt/payment-provider/transactions/LYKDXG1T6TI33S2PSMZ9LZBA5G5A9WVA"", ""delay_auto_settle"": ""3600"", ""merchant_name"": ""merchant_ozmerd"", ""monto\"": 340000, ""vtex_transaction_id"": ""LYKDXG1T6TI33S2PSMZ9LZBA5G5A9WVA""}]""""";08/07/2026 5:00;BANCO_A;"{{""financial_entity"": ""iva"", ""amount"": ""-3257.11"", ""detail"": ""tax_withholding""}, {""financial_entity"": ""cree"", ""amount"": ""-4844.41"", ""detail"": ""tax_withholding""}, {""financial_entity"": ""iva"", ""amount"": ""-544.32"", ""detail"": ""tax_withholding""}, {""financial_entity"": ""iva"", ""amount"": ""-3487.71"", ""detail"": ""tax_withholding""}, {""marca\"": ""AMERICAN EAGLE""}]""";AUTORIZADO
TRX0329;"""[{account_name"": ""account_snwdntwk"", ""callback_url"": ""https://quickpay.vtexpayments.com.br/api/pvt/payment-provider/transactions/OF7J1QDVXAW3SUZE4L51AOKFKAZLPIPC"", ""delay_auto_settle"": ""7200"", ""merchant_name"": ""merchant_mighij"", ""monto"": ""225.000 COP"", ""monto"": 225000, ""vtex_transaction_id"": ""OF7J1QDVXAW3SUZE4L51AOKFKAZLPIPC}]""";12/07/2026 11:00;BANCO_C;"({""financial_entity"": ""aumento"", ""amount"": ""-2075.29"", ""detail"": ""tax_withholding""}, {""financial_entity"": ""cree"", ""amount"": ""-1937.02"", ""detail"": ""tax_withholding""}, {""financial_entity"": ""iva"", ""amount"": ""-2492.75"", ""detail"": ""tax_withholding""}, {""financial_entity"": ""iva"", ""amount"": ""-1273.53"", ""detail"": ""tax_withholding""}, {""marca"": ""RIFLE""})""";AUTORIZADO
TRX0330;"[{account_name"": ""account_gqlngrdf"", ""callback_url"": ""https://quickpay.vtexpayments.com.br/api/pvt/payment-provider/transactions/0SESBW2NUUVVYXCJ9Y58SZXURDDFGYA3"", ""delay_auto_settle"": ""1800"", ""merchant_name"": ""merchant_embhhp"", ""monto"": ""410.000 COP"", ""monto"": 410000, ""vtex_transaction_id"": ""0SESBW2NUUVVYXCJ9Y58SZXURDDFGYA3""}]""""";13/07/2026 14:00;BANCO_A;"[{""financial_entity"": ""aumento"", ""amount"": ""-1055.34"", ""detail"": ""tax_withholding""}, {""financial_entity"": ""fuente"", ""amount"": ""-1736.64"", ""detail"": ""tax_withholding""}, {""financial_entity"": ""fuente"", ""amount"": ""-1104.81"", ""detail"": ""tax_withholding""}, {""financial_entity"": ""fuente"", ""amount"": ""-3818.18"", ""detail"": ""tax_withholding""}, {""marca"": ""AMERICAN EAGLE""}]";AUTORIZADO
TRX0331;"{""account_name"": ""account_nloqnnsk"", ""callback_url"": ""https://transitpay.vtexpayments.com.br/api/pvt/payment-provider/transactions/LBYK6BHPXG4AB1OH3S9EXBI655109WZH"", ""delay_auto_settle"": ""1800"", ""merchant_name"": ""merchant_hanljb"", ""monto"": 195000, ""vtex_transaction_id"": ""LBYK6BHPXG4AB1OH3S9EXBI655109WZH}]""";10/07/2026 23:00;BANCO_C;"({""financial_entity"": ""cree"", ""amount"": ""-998.45"", ""detail"": ""tax_withholding""}, {""financial_entity"": ""aumento"", ""amount"": ""-2909.44"", ""detail"": ""tax_withholding""}, {""financial_entity"": ""iva"", ""amount"": ""-1236.68"", ""detail"": ""tax_withholding""}, {""financial_entity"": ""cree"", ""amount"": ""-3675.29"", ""detail"": ""tax_withholding""}, {""marca"": ""AMERICANINO""})""";AUTORIZADO
TRX0332;"[{account_name""account_bxyplqmv"", ""callback_url"": ""https://quickpay.vtexpayments.com.br/api/pvt/payment-provider/transactions/5Y6B3833E8Q8J92KE3L94YRIEGDIXDQJ"", ""delay_auto_settle"": ""7200"", ""merchant_name"": ""merchant_qejiwk"", ""monto"": ""$260.000,00"", ""vtex_transaction_id"": ""5Y6B3833E8Q8J92KE3L94YRIEGDIXDQJ}]""";05/07/2026 17:00;BANCO_B;"({""financial_entity"": ""cree"", ""amount"": ""-183.49"", ""detail"": ""tax_withholding""}, {""financial_entity"": ""ica"", ""amount"": ""-2507.76"", ""detail"": ""tax_withholding""}, {""financial_entity"": ""ica"", ""amount"": ""-2358.14"", ""detail"": ""tax_withholding""}, {""financial_entity"": ""cree"", ""amount"": ""-4347.28"", ""detail"": ""tax_withholding""}, {""marca"": ""AMERICAN EAGLE""})""";AUTORIZADO
TRX0333;"[{account_name"": ""account_fzfhuegz"", ""callback_url"": ""https://nexoflow.vtexpayments.com.br/api/pvt/payment-provider/transactions/CSBO4EYHU9SBZJIFB3YDIBAKSH82A9TD"", ""delay_auto_settle"": ""7200"", ""merchant_name"": ""merchant_kwwbqq"", ""monto\"": 195000, ""vtex_transaction_id"": ""CSBO4EYHU9SBZJIFB3YDIBAKSH82A9TD""]";16/07/2026 20:00;BANCO_B;"[{""financial_entity"": ""ica"", ""amount"": ""-1211.33"", ""detail"": ""tax_withholding""}, {""financial_entity"": ""ica"", ""amount"": ""-2135.75"", ""detail"": ""tax_withholding""}, {""marca\"": ""AMERICANINO""}}]""""";AUTORIZADO
TRX0334;"{""account_name"": ""account_mimfxznl"", ""callback_url"": ""https://quickpay.vtexpayments.com.br/api/pvt/payment-provider/transactions/187A29K2KLZZPUL8EVAWK5ZOJRQUDY04"", ""delay_auto_settle"": ""3600"", ""merchant_name"": ""merchant_qbolxz"", ""monto"": 225000, ""vtex_transaction_id"": ""187A29K2KLZZPUL8EVAWK5ZOJRQUDY04}]""";05/07/2026 16:00;BANCO_C;"[{financial_entityfinancial_entity"": ""aumento"", ""amount"": ""-490.61"", ""detail"": ""tax_withholding""}, {""financial_entity"": ""cree"", ""amount"": ""-3712.48"", ""detail"": ""tax_withholding""}, {""marca"": ""AMERICANINO""}]""";AUTORIZADO
TRX0335;"[{account_name""account_ecezgixl"", ""callback_url"": ""https://payflow.vtexpayments.com.br/api/pvt/payment-provider/transactions/RMRM1DFFNVL37TFXXIJ7VUE8NNCKQMBH"", ""delay_auto_settle"": ""1800"", ""merchant_name"": ""merchant_mgekeq"", ""monto"": 180000, ""vtex_transaction_id"": ""RMRM1DFFNVL37TFXXIJ7VUE8NNCKQMBH}]""";24/07/2026 2:00;BANCO_B;"{{""financial_entity"": ""iva"", ""amount"": ""-2165.75"", ""detail"": ""tax_withholding""}, {""financial_entity"": ""iva"", ""amount"": ""-3060.28"", ""detail"": ""tax_withholding""}, {""marca"": ""CHEVIGNON""}]""";AUTORIZADO
TRX0336;"{""account_name"": ""account_gxmzzvsb"", ""callback_url"": ""https://flowcash.vtexpayments.com.br/api/pvt/payment-provider/transactions/82VA73EFZNF3V8BEVBLRCWLWIK87QVCY"", ""delay_auto_settle"": ""1800"", ""merchant_name"": ""merchant_wugluh"", ""monto"": ""310.000 COP"", ""monto"": 310000, ""vtex_transaction_id"": ""82VA73EFZNF3V8BEVBLRCWLWIK87QVCY}]""";30/07/2026 0:00;BANCO_B;"{{""financial_entity"": ""ica"", ""amount"": ""-3832.57"", ""detail"": ""tax_withholding""}, {""financial_entity"": ""cree"", ""amount"": ""-595.03"", ""detail"": ""tax_withholding""}, {""financial_entity"": ""cree"", ""amount"": ""-3917.23"", ""detail"": ""tax_withholding""}, {""financial_entity"": ""iva"", ""amount"": ""-130.37"", ""detail"": ""tax_withholding""}, {""marca"": ""AMERICANINO""}]""";AUTORIZADO
TRX0337;"{""account_name"": ""account_wsjyakfj"", ""callback_url"": ""https://transitpay.vtexpayments.com.br/api/pvt/payment-provider/transactions/GDUL3T1SYKUO76VIOZBPW4L8KGIIR91A"", ""delay_auto_settle"": ""7200"", ""merchant_name"": ""merchant_dhrbkg"", ""monto"": 180000, ""vtex_transaction_id"": ""GDUL3T1SYKUO76VIOZBPW4L8KGIIR91A}]""";02/07/2026 20:00;BANCO_B;"[{financial_entityfinancial_entity"": ""ica"", ""amount"": ""-850.16"", ""detail"": ""tax_withholding""}, {""financial_entity"": ""aumento"", ""amount"": ""-1362.02"", ""detail"": ""tax_withholding""}, {""marca"": ""CHEVIGNON""}]""";AUTORIZADO
TRX0338;"[{account_name"": ""account_ukndgxbi"", ""callback_url"": ""https://transitpay.vtexpayments.com.br/api/pvt/payment-provider/transactions/DR79QH3WOR7KPQM2F89XMKDKAEWD9VR5"", ""delay_auto_settle"": ""3600"", ""merchant_name"": ""merchant_ngeeim"", ""monto"": 250000, ""vtex_transaction_id"": ""DR79QH3WOR7KPQM2F89XMKDKAEWD9VR5""}]""""";23/07/2026 16:00;BANCO_C;"[{""financial_entity"": ""cree"", ""amount"": ""-2591.95"", ""detail"": ""tax_withholding""}, {""financial_entity"": ""aumento"", ""amount"": ""-3925.4"", ""detail"": ""tax_withholding""}, {""financial_entity"": ""iva"", ""amount"": ""-1838.82"", ""detail"": ""tax_withholding""}, {""financial_entity"": ""fuente"", ""amount"": ""-376.68"", ""detail"": ""tax_withholding""}, {""marca"": ""NAF NAF""}}]""""";AUTORIZADO
TRX0339;"[{account_name"": ""account_lzzxdwwb"", ""callback_url"": ""https://transactionhub.vtexpayments.com.br/api/pvt/payment-provider/transactions/GNQZGUQ8T409BMAGHH2Z9CNINYETFLGA"", ""delay_auto_settle"": ""7200"", ""merchant_name"": ""merchant_afvcpx"", ""monto"": ""$180.000,00"", ""vtex_transaction_id"": ""GNQZGUQ8T409BMAGHH2Z9CNINYETFLGA""]";13/07/2026 8:00;BANCO_B;"""[{""financial_entity"": ""iva"", ""amount"": ""-1608.61"", ""detail"": ""tax_withholding""}, {""financial_entity"": ""ica"", ""amount"": ""-4571.2"", ""detail"": ""tax_withholding""}, {""financial_entity"": ""aumento"", ""amount"": ""-3115.12"", ""detail"": ""tax_withholding""}, {""marca"": ""NAF NAF""}]""";AUTORIZADO
TRX0340;"[{account_name"": ""account_uywzdfat"", ""callback_url"": ""https://transitpay.vtexpayments.com.br/api/pvt/payment-provider/transactions/7CYG8VOEUGTKSZD07KBXWUP775BLQJ6U"", ""delay_auto_settle"": ""3600"", ""merchant_name"": ""merchant_ltvrji"", ""monto"": 188000, ""vtex_transaction_id"": ""7CYG8VOEUGTKSZD07KBXWUP775BLQJ6U""]";12/07/2026 23:00;BANCO_B;"({""financial_entity"": ""fuente"", ""amount"": ""-905.8"", ""detail"": ""tax_withholding""}, {""financial_entity"": ""cree"", ""amount"": ""-654.28"", ""detail"": ""tax_withholding""}, {""financial_entity"": ""cree"", ""amount"": ""-4380.79"", ""detail"": ""tax_withholding""}, {""financial_entity"": ""aumento"", ""amount"": ""-3946.7"", ""detail"": ""tax_withholding""}, {""marca"": ""AMERICANINO""})""";AUTORIZADO
TRX0341;"[{account_name"": ""account_gsskybqa"", ""callback_url"": ""https://transitpay.vtexpayments.com.br/api/pvt/payment-provider/transactions/M9Q9IK48H7CTURCA80VTDRJEKKCVTCV0"", ""delay_auto_settle"": ""1800"", ""merchant_name"": ""merchant_ktvvds"", ""monto"": 250000, ""vtex_transaction_id"": ""M9Q9IK48H7CTURCA80VTDRJEKKCVTCV0""]";21/07/2026 10:00;BANCO_B;"[{""financial_entity"": ""fuente"", ""amount"": ""-903.52"", ""detail"": ""tax_withholding""}, {""financial_entity"": ""ica"", ""amount"": ""-1007.22"", ""detail"": ""tax_withholding""}, {""marca"": ""RIFLE""}}]""""";AUTORIZADO
TRX0342;"[{account_name""account_yrwiymuk"", ""callback_url"": ""https://transitpay.vtexpayments.com.br/api/pvt/payment-provider/transactions/TGZJTL2SU4D6L6A57CR7GN0QGD0YEJ3F"", ""delay_auto_settle"": ""1800"", ""merchant_name"": ""merchant_xzqjup"", ""monto"": 275000, ""vtex_transaction_id"": ""TGZJTL2SU4D6L6A57CR7GN0QGD0YEJ3F}]""";25/07/2026 6:00;BANCO_A;"({""financial_entity"": ""cree"", ""amount"": ""-561.96"", ""detail"": ""tax_withholding""}, {""financial_entity"": ""iva"", ""amount"": ""-2801.26"", ""detail"": ""tax_withholding""}, {""marca"": ""RIFLE""})""";AUTORIZADO
TRX0343;"{""account_name"": ""account_nglhhwgq"", ""callback_url"": ""https://transactionhub.vtexpayments.com.br/api/pvt/payment-provider/transactions/SZA4URAQ7X5JUC8LLT526WC2H6XVKO14"", ""delay_auto_settle"": ""3600"", ""merchant_name"": ""merchant_zkzcme"", ""monto"": 145000, ""vtex_transaction_id"": ""SZA4URAQ7X5JUC8LLT526WC2H6XVKO14}]""";17/07/2026 8:00;BANCO_C;"""[{""financial_entity"": ""aumento"", ""amount"": ""-2671.89"", ""detail"": ""tax_withholding""}, {""financial_entity"": ""fuente"", ""amount"": ""-366.27"", ""detail"": ""tax_withholding""}, {""financial_entity"": ""ica"", ""amount"": ""-3378.4"", ""detail"": ""tax_withholding""}, {""financial_entity"": ""aumento"", ""amount"": ""-1254.11"", ""detail"": ""tax_withholding""}, {""marca"": ""RIFLE""}]""";AUTORIZADO
TRX0344;"[{account_name""account_bdlthkie"", ""callback_url"": ""https://transitpay.vtexpayments.com.br/api/pvt/payment-provider/transactions/U902IT6V4003CJUBHP5BCFW4ROOGK3E0"", ""delay_auto_settle"": ""1800"", ""merchant_name"": ""merchant_xaqrrq"", ""monto"": ""$289.000,00"", ""vtex_transaction_id"": ""U902IT6V4003CJUBHP5BCFW4ROOGK3E0}]""";24/07/2026 20:00;BANCO_A;"""[{""financial_entity"": ""aumento"", ""amount"": ""-3477.56"", ""detail"": ""tax_withholding""}, {""financial_entity"": ""fuente"", ""amount"": ""-2969.36"", ""detail"": ""tax_withholding""}, {""marca"": ""CHEVIGNON""}]""";AUTORIZADO
TRX0345;"""[{account_name"": ""account_biuijopi"", ""callback_url"": ""https://nexoflow.vtexpayments.com.br/api/pvt/payment-provider/transactions/VRA3VXPP46RCSUF7B3YTPXQFTIUS99CJ"", ""delay_auto_settle"": ""3600"", ""merchant_name"": ""merchant_trnlji"", ""monto"": 195000, ""vtex_transaction_id"": ""VRA3VXPP46RCSUF7B3YTPXQFTIUS99CJ}]""";30/07/2026 13:00;BANCO_B;"[{financial_entityfinancial_entity"": ""cree"", ""amount"": ""-2178.91"", ""detail"": ""tax_withholding""}, {""financial_entity"": ""ica"", ""amount"": ""-316.53"", ""detail"": ""tax_withholding""}, {""marca"": ""CHEVIGNON""}]""";AUTORIZADO
TRX0346;"""[{account_name"": ""account_kapgygmj"", ""callback_url"": ""https://transitpay.vtexpayments.com.br/api/pvt/payment-provider/transactions/80L3J3QD00FTWCVFZ3NTQFUG5U3KDG91"", ""delay_auto_settle"": ""7200"", ""merchant_name"": ""merchant_uxmqjz"", ""monto"": 155000, ""vtex_transaction_id"": ""80L3J3QD00FTWCVFZ3NTQFUG5U3KDG91}]""";10/07/2026 2:00;BANCO_B;"({""financial_entity"": ""fuente"", ""amount"": ""-2660.1"", ""detail"": ""tax_withholding""}, {""financial_entity"": ""aumento"", ""amount"": ""-308.01"", ""detail"": ""tax_withholding""}, {""financial_entity"": ""iva"", ""amount"": ""-834.92"", ""detail"": ""tax_withholding""}, {""financial_entity"": ""iva"", ""amount"": ""-2173.64"", ""detail"": ""tax_withholding""}, {""marca"": ""AMERICAN EAGLE""})""";AUTORIZADO
TRX0347;"[{account_name"": ""account_rkpootke"", ""callback_url"": ""https://nexoflow.vtexpayments.com.br/api/pvt/payment-provider/transactions/DM25J9RZTP39FATCUQLCGFZ1SB0S5UKG"", ""delay_auto_settle"": ""3600"", ""merchant_name"": ""merchant_ptzsql"", ""monto\"": 155000, ""vtex_transaction_id"": ""DM25J9RZTP39FATCUQLCGFZ1SB0S5UKG""}]""""";08/07/2026 8:00;BANCO_C;"[{financial_entityfinancial_entity"": ""ica"", ""amount"": ""-4289.83"", ""detail"": ""tax_withholding""}, {""financial_entity"": ""aumento"", ""amount"": ""-4367.41"", ""detail"": ""tax_withholding""}, {""financial_entity"": ""aumento"", ""amount"": ""-2914.25"", ""detail"": ""tax_withholding""}, {""marca\"": ""AMERICANINO""}]""";AUTORIZADO
TRX0348;"[{account_name"": ""account_akekodfv"", ""callback_url"": ""https://flowcash.vtexpayments.com.br/api/pvt/payment-provider/transactions/OEA8QFPKZXGTASKPZO5J98DRNQ85FSCN"", ""delay_auto_settle"": ""1800"", ""merchant_name"": ""merchant_jbhaeg"", ""monto"": 320000, ""vtex_transaction_id"": ""OEA8QFPKZXGTASKPZO5J98DRNQ85FSCN""]";07/07/2026 20:00;BANCO_B;"{{""financial_entity"": ""fuente"", ""amount"": ""-2195.06"", ""detail"": ""tax_withholding""}, {""financial_entity"": ""ica"", ""amount"": ""-726.97"", ""detail"": ""tax_withholding""}, {""financial_entity"": ""ica"", ""amount"": ""-2315.53"", ""detail"": ""tax_withholding""}, {""financial_entity"": ""ica"", ""amount"": ""-3155.82"", ""detail"": ""tax_withholding""}, {""marca"": ""NAF NAF""}]""";AUTORIZADO
TRX0349;"({account_name"": ""account_aesrwndw"", ""callback_url"": ""https://flowcash.vtexpayments.com.br/api/pvt/payment-provider/transactions/FGG5DYT2GSEEY4Z9N7WXR8CJNZWLQ944"", ""delay_auto_settle"": ""3600"", ""merchant_name"": ""merchant_xgnvca"", ""monto"": 225000, ""vtex_transaction_id"": ""FGG5DYT2GSEEY4Z9N7WXR8CJNZWLQ944})""";27/07/2026 7:00;BANCO_B;"[{""financial_entity"": ""ica"", ""amount"": ""-2307.01"", ""detail"": ""tax_withholding""}, {""financial_entity"": ""cree"", ""amount"": ""-4609.34"", ""detail"": ""tax_withholding""}, {""marca"": ""RIFLE""}}]""""";AUTORIZADO
TRX0350;"""[{account_name"": ""account_atczzsiq"", ""callback_url"": ""https://quickpay.vtexpayments.com.br/api/pvt/payment-provider/transactions/NPKRVXWED9DDGU8JY6PDY7QK3R7MPQQH"", ""delay_auto_settle"": ""7200"", ""merchant_name"": ""merchant_rdwwwd"", ""monto"": ""$165.000,00"", ""vtex_transaction_id"": ""NPKRVXWED9DDGU8JY6PDY7QK3R7MPQQH}]""";06/07/2026 11:00;BANCO_A;"""[{""financial_entity"": ""ica"", ""amount"": ""-1956.47"", ""detail"": ""tax_withholding""}, {""financial_entity"": ""cree"", ""amount"": ""-2705.22"", ""detail"": ""tax_withholding""}, {""financial_entity"": ""iva"", ""amount"": ""-1145.95"", ""detail"": ""tax_withholding""}, {""marca"": ""NAF NAF""}]""";AUTORIZADO
TRX0351;"[{account_name""account_kkwqpltq"", ""callback_url"": ""https://quickpay.vtexpayments.com.br/api/pvt/payment-provider/transactions/TWL1XZJLT0CKJ79CXLAIVP3R228ZKS7M"", ""delay_auto_settle"": ""7200"", ""merchant_name"": ""merchant_oqvfhk"", ""monto"": ""$350.000,00"", ""vtex_transaction_id"": ""TWL1XZJLT0CKJ79CXLAIVP3R228ZKS7M}]""";13/07/2026 20:00;BANCO_A;"{{""financial_entity"": ""cree"", ""amount"": ""-1001.18"", ""detail"": ""tax_withholding""}, {""financial_entity"": ""aumento"", ""amount"": ""-2784.6"", ""detail"": ""tax_withholding""}, {""financial_entity"": ""iva"", ""amount"": ""-2635.54"", ""detail"": ""tax_withholding""}, {""financial_entity"": ""cree"", ""amount"": ""-3020.8"", ""detail"": ""tax_withholding""}, {""marca"": ""AMERICANINO""}]""";AUTORIZADO
TRX0352;"[{account_name""account_gzuovvlj"", ""callback_url"": ""https://payflow.vtexpayments.com.br/api/pvt/payment-provider/transactions/ROEWY9891VI72XYD93L9FO8KN3KCL4UQ"", ""delay_auto_settle"": ""3600"", ""merchant_name"": ""merchant_ffwxrt"", ""monto"": 198000, ""vtex_transaction_id"": ""ROEWY9891VI72XYD93L9FO8KN3KCL4UQ}]""";01/07/2026 23:00;BANCO_B;"[{""financial_entity"": ""cree"", ""amount"": ""-1433.15"", ""detail"": ""tax_withholding""}, {""financial_entity"": ""iva"", ""amount"": ""-4292.05"", ""detail"": ""tax_withholding""}, {""financial_entity"": ""cree"", ""amount"": ""-3251.17"", ""detail"": ""tax_withholding""}, {""marca"": ""AMERICANINO""}]";AUTORIZADO
TRX0353;"[{account_name"": ""account_qdoemekl"", ""callback_url"": ""https://transitpay.vtexpayments.com.br/api/pvt/payment-provider/transactions/MVQUWLV5PJ5CGOO962W2FY5OBZP31LUI"", ""delay_auto_settle"": ""3600"", ""merchant_name"": ""merchant_ohdchj"", ""monto"": ""$175.000,00"", ""vtex_transaction_id"": ""MVQUWLV5PJ5CGOO962W2FY5OBZP31LUI""]";03/07/2026 15:00;BANCO_C;"[{financial_entityfinancial_entity"": ""cree"", ""amount"": ""-853.38"", ""detail"": ""tax_withholding""}, {""financial_entity"": ""ica"", ""amount"": ""-3817.3"", ""detail"": ""tax_withholding""}, {""financial_entity"": ""cree"", ""amount"": ""-605.91"", ""detail"": ""tax_withholding""}, {""financial_entity"": ""aumento"", ""amount"": ""-3400.63"", ""detail"": ""tax_withholding""}, {""marca"": ""NAF NAF""}]""";AUTORIZADO
TRX0354;"({account_name"": ""account_lhxzxset"", ""callback_url"": ""https://transitpay.vtexpayments.com.br/api/pvt/payment-provider/transactions/40IVPWXEI1H7F06JI40YS8W5VH7TD2BO"", ""delay_auto_settle"": ""7200"", ""merchant_name"": ""merchant_hdtnzo"", ""monto"": 150000, ""vtex_transaction_id"": ""40IVPWXEI1H7F06JI40YS8W5VH7TD2BO})""";20/07/2026 17:00;BANCO_B;"({""financial_entity"": ""fuente"", ""amount"": ""-2194.61"", ""detail"": ""tax_withholding""}, {""financial_entity"": ""fuente"", ""amount"": ""-4446.14"", ""detail"": ""tax_withholding""}, {""financial_entity"": ""cree"", ""amount"": ""-3922.34"", ""detail"": ""tax_withholding""}, {""financial_entity"": ""cree"", ""amount"": ""-4306.61"", ""detail"": ""tax_withholding""}, {""marca"": ""CHEVIGNON""})""";AUTORIZADO
TRX0355;"{""account_name"": ""account_jivtztkt"", ""callback_url"": ""https://flowcash.vtexpayments.com.br/api/pvt/payment-provider/transactions/JUFXAKGC5M1BINTEDXSKVXQMWVIZGCDJ"", ""delay_auto_settle"": ""7200"", ""merchant_name"": ""merchant_ekyyxs"", ""monto"": 320000, ""vtex_transaction_id"": ""JUFXAKGC5M1BINTEDXSKVXQMWVIZGCDJ}]""";20/07/2026 23:00;BANCO_C;"{{""financial_entity"": ""cree"", ""amount"": ""-4489.46"", ""detail"": ""tax_withholding""}, {""financial_entity"": ""ica"", ""amount"": ""-2529.9"", ""detail"": ""tax_withholding""}, {""financial_entity"": ""aumento"", ""amount"": ""-1237.31"", ""detail"": ""tax_withholding""}, {""financial_entity"": ""cree"", ""amount"": ""-3897.32"", ""detail"": ""tax_withholding""}, {""marca"": ""RIFLE""}]""";AUTORIZADO
TRX0356;"{""account_name"": ""account_tpwrdidt"", ""callback_url"": ""https://payflow.vtexpayments.com.br/api/pvt/payment-provider/transactions/CHHES1BWZ0739ECAGX3IZ7UAKQ2006AD"", ""delay_auto_settle"": ""7200"", ""merchant_name"": ""merchant_hhqjde"", ""monto"": 240000, ""vtex_transaction_id"": ""CHHES1BWZ0739ECAGX3IZ7UAKQ2006AD}]""";24/07/2026 2:00;BANCO_A;"{{""financial_entity"": ""iva"", ""amount"": ""-3964.06"", ""detail"": ""tax_withholding""}, {""financial_entity"": ""aumento"", ""amount"": ""-3541.28"", ""detail"": ""tax_withholding""}, {""financial_entity"": ""aumento"", ""amount"": ""-1545.1"", ""detail"": ""tax_withholding""}, {""marca"": ""AMERICAN EAGLE""}]""";AUTORIZADO
TRX0357;"""[{account_name"": ""account_thcgdajh"", ""callback_url"": ""https://quickpay.vtexpayments.com.br/api/pvt/payment-provider/transactions/3GMMQPI3EUXL2R4ZIX98CZJMWO2VK9T6"", ""delay_auto_settle"": ""7200"", ""merchant_name"": ""merchant_dwaelu"", ""monto"": 175000, ""vtex_transaction_id"": ""3GMMQPI3EUXL2R4ZIX98CZJMWO2VK9T6}]""";13/07/2026 16:00;BANCO_C;"{{""financial_entity"": ""iva"", ""amount"": ""-141.9"", ""detail"": ""tax_withholding""}, {""financial_entity"": ""iva"", ""amount"": ""-2750.97"", ""detail"": ""tax_withholding""}, {""financial_entity"": ""fuente"", ""amount"": ""-3692.32"", ""detail"": ""tax_withholding""}, {""marca"": ""CHEVIGNON""}]""";AUTORIZADO
TRX0358;"""[{account_name"": ""account_pfwqcyzi"", ""callback_url"": ""https://flowcash.vtexpayments.com.br/api/pvt/payment-provider/transactions/FABOJ5DH5ERXCP3VPWWJPVNGBSQLTKTL"", ""delay_auto_settle"": ""1800"", ""merchant_name"": ""merchant_bnxggh"", ""monto\"": 188000, ""vtex_transaction_id"": ""FABOJ5DH5ERXCP3VPWWJPVNGBSQLTKTL}]""";09/07/2026 16:00;BANCO_A;"{{""financial_entity"": ""fuente"", ""amount"": ""-2353.68"", ""detail"": ""tax_withholding""}, {""financial_entity"": ""aumento"", ""amount"": ""-2912.59"", ""detail"": ""tax_withholding""}, {""financial_entity"": ""ica"", ""amount"": ""-2036.06"", ""detail"": ""tax_withholding""}, {""financial_entity"": ""aumento"", ""amount"": ""-1070.23"", ""detail"": ""tax_withholding""}, {""marca\"": ""CHEVIGNON""}]""";AUTORIZADO
TRX0359;"[{account_name"": ""account_quosdgnz"", ""callback_url"": ""https://transitpay.vtexpayments.com.br/api/pvt/payment-provider/transactions/IARFST65ZJQX9XCQSGCYM8QPZKMA7IRH"", ""delay_auto_settle"": ""3600"", ""merchant_name"": ""merchant_evticf"", ""monto"": 289000, ""vtex_transaction_id"": ""IARFST65ZJQX9XCQSGCYM8QPZKMA7IRH""]";21/07/2026 13:00;BANCO_C;"[{financial_entityfinancial_entity"": ""cree"", ""amount"": ""-4714.36"", ""detail"": ""tax_withholding""}, {""financial_entity"": ""fuente"", ""amount"": ""-3468.13"", ""detail"": ""tax_withholding""}, {""financial_entity"": ""fuente"", ""amount"": ""-1110.82"", ""detail"": ""tax_withholding""}, {""financial_entity"": ""iva"", ""amount"": ""-3405.59"", ""detail"": ""tax_withholding""}, {""marca"": ""AMERICAN EAGLE""}]""";AUTORIZADO
TRX0360;"""[{account_name"": ""account_zbbiglwh"", ""callback_url"": ""https://transitpay.vtexpayments.com.br/api/pvt/payment-provider/transactions/COU372N917MIGQHK6SKSZKYR7PFPRTSO"", ""delay_auto_settle"": ""7200"", ""merchant_name"": ""merchant_znhpzr"", ""monto\"": 125000, ""vtex_transaction_id"": ""COU372N917MIGQHK6SKSZKYR7PFPRTSO}]""";26/07/2026 14:00;BANCO_B;"[{""financial_entity"": ""fuente"", ""amount"": ""-866.21"", ""detail"": ""tax_withholding""}, {""financial_entity"": ""ica"", ""amount"": ""-1677.7"", ""detail"": ""tax_withholding""}, {""financial_entity"": ""ica"", ""amount"": ""-3350.9"", ""detail"": ""tax_withholding""}, {""marca\"": ""AMERICANINO""}}]""""";AUTORIZADO
TRX0361;"""[{account_name"": ""account_xqamuuca"", ""callback_url"": ""https://quickpay.vtexpayments.com.br/api/pvt/payment-provider/transactions/MF8WH5NZY7N2DBJ26N0VODDS1SZCYVU0"", ""delay_auto_settle"": ""1800"", ""merchant_name"": ""merchant_colosn"", ""monto"": ""$175.000,00"", ""vtex_transaction_id"": ""MF8WH5NZY7N2DBJ26N0VODDS1SZCYVU0}]""";18/07/2026 16:00;BANCO_B;"({""financial_entity"": ""ica"", ""amount"": ""-4788.77"", ""detail"": ""tax_withholding""}, {""financial_entity"": ""aumento"", ""amount"": ""-3094.29"", ""detail"": ""tax_withholding""}, {""financial_entity"": ""iva"", ""amount"": ""-3270.79"", ""detail"": ""tax_withholding""}, {""financial_entity"": ""iva"", ""amount"": ""-4189.26"", ""detail"": ""tax_withholding""}, {""marca"": ""AMERICANINO""})""";AUTORIZADO
TRX0362;"({account_name"": ""account_uvpeifau"", ""callback_url"": ""https://flowcash.vtexpayments.com.br/api/pvt/payment-provider/transactions/F5Y0RLJ2OH64CR5S5Q76BKL3M988BY9E"", ""delay_auto_settle"": ""3600"", ""merchant_name"": ""merchant_oexoyn"", ""monto"": 155000, ""vtex_transaction_id"": ""F5Y0RLJ2OH64CR5S5Q76BKL3M988BY9E})""";01/07/2026 18:00;BANCO_C;"[{""financial_entity"": ""ica"", ""amount"": ""-115.27"", ""detail"": ""tax_withholding""}, {""financial_entity"": ""aumento"", ""amount"": ""-1183.49"", ""detail"": ""tax_withholding""}, {""marca"": ""NAF NAF""}}]""""";AUTORIZADO
TRX0363;"""[{account_name"": ""account_hlgsjmbj"", ""callback_url"": ""https://transitpay.vtexpayments.com.br/api/pvt/payment-provider/transactions/SJMWNF2T6HMFAFOEG7WBOZO5YC16HZYN"", ""delay_auto_settle"": ""1800"", ""merchant_name"": ""merchant_xrrtqn"", ""monto"": 175000, ""vtex_transaction_id"": ""SJMWNF2T6HMFAFOEG7WBOZO5YC16HZYN}]""";22/07/2026 0:00;BANCO_B;"[{""financial_entity"": ""cree"", ""amount"": ""-4778.12"", ""detail"": ""tax_withholding""}, {""financial_entity"": ""fuente"", ""amount"": ""-3419.17"", ""detail"": ""tax_withholding""}, {""financial_entity"": ""fuente"", ""amount"": ""-4368.9"", ""detail"": ""tax_withholding""}, {""marca"": ""AMERICANINO""}}]""""";AUTORIZADO
TRX0364;"[{account_name""account_qbebvryl"", ""callback_url"": ""https://flowcash.vtexpayments.com.br/api/pvt/payment-provider/transactions/A7V7M8VDDKOLOATVYBM2RZ5R8TC075F1"", ""delay_auto_settle"": ""3600"", ""merchant_name"": ""merchant_shsirj"", ""monto"": 210000, ""vtex_transaction_id"": ""A7V7M8VDDKOLOATVYBM2RZ5R8TC075F1}]""";30/07/2026 2:00;BANCO_A;"[{""financial_entity"": ""ica"", ""amount"": ""-2239.78"", ""detail"": ""tax_withholding""}, {""financial_entity"": ""aumento"", ""amount"": ""-913.27"", ""detail"": ""tax_withholding""}, {""marca"": ""AMERICAN EAGLE""}}]""""";AUTORIZADO
TRX0365;"{""account_name"": ""account_rxnujmuz"", ""callback_url"": ""https://nexoflow.vtexpayments.com.br/api/pvt/payment-provider/transactions/6T6BQFVCECYQKRS0ZT7MR17LTLK1R5U8"", ""delay_auto_settle"": ""3600"", ""merchant_name"": ""merchant_awdcgv"", ""monto"": 198000, ""vtex_transaction_id"": ""6T6BQFVCECYQKRS0ZT7MR17LTLK1R5U8}]""";02/07/2026 6:00;BANCO_A;"{{""financial_entity"": ""aumento"", ""amount"": ""-877.67"", ""detail"": ""tax_withholding""}, {""financial_entity"": ""fuente"", ""amount"": ""-1208.03"", ""detail"": ""tax_withholding""}, {""financial_entity"": ""ica"", ""amount"": ""-2336.55"", ""detail"": ""tax_withholding""}, {""marca"": ""CHEVIGNON""}]""";AUTORIZADO
TRX0366;"[{account_name"": ""account_jdkedvqx"", ""callback_url"": ""https://flowcash.vtexpayments.com.br/api/pvt/payment-provider/transactions/7YN92TVH13LJZ3VU0T8AHVD8V63EKZM9"", ""delay_auto_settle"": ""7200"", ""merchant_name"": ""merchant_qlhsrk"", ""monto"": 165000, ""vtex_transaction_id"": ""7YN92TVH13LJZ3VU0T8AHVD8V63EKZM9""}]""""";14/07/2026 4:00;BANCO_A;"""[{""financial_entity"": ""iva"", ""amount"": ""-3453.76"", ""detail"": ""tax_withholding""}, {""financial_entity"": ""aumento"", ""amount"": ""-2398.63"", ""detail"": ""tax_withholding""}, {""financial_entity"": ""fuente"", ""amount"": ""-147.46"", ""detail"": ""tax_withholding""}, {""financial_entity"": ""cree"", ""amount"": ""-4675.74"", ""detail"": ""tax_withholding""}, {""marca"": ""RIFLE""}]""";AUTORIZADO
TRX0367;"{""account_name"": ""account_qmecqkqq"", ""callback_url"": ""https://nexoflow.vtexpayments.com.br/api/pvt/payment-provider/transactions/7G6HOYAUXFEAA3Q4P3HYOPCYUYS8Y98C"", ""delay_auto_settle"": ""7200"", ""merchant_name"": ""merchant_hwvesh"", ""monto\"": 188000, ""vtex_transaction_id"": ""7G6HOYAUXFEAA3Q4P3HYOPCYUYS8Y98C}]""";23/07/2026 20:00;BANCO_B;"{{""financial_entity"": ""ica"", ""amount"": ""-2437.94"", ""detail"": ""tax_withholding""}, {""financial_entity"": ""fuente"", ""amount"": ""-473.67"", ""detail"": ""tax_withholding""}, {""financial_entity"": ""ica"", ""amount"": ""-1657.34"", ""detail"": ""tax_withholding""}, {""marca\"": ""AMERICANINO""}]""";AUTORIZADO
TRX0368;"[{account_name"": ""account_tzswvcvi"", ""callback_url"": ""https://flowcash.vtexpayments.com.br/api/pvt/payment-provider/transactions/WRYG7JLJYJ4RHMOL3BL17RM6ORODOUTA"", ""delay_auto_settle"": ""1800"", ""merchant_name"": ""merchant_vhbkiu"", ""monto"": ""95.000 COP"", ""monto"": 95000, ""vtex_transaction_id"": ""WRYG7JLJYJ4RHMOL3BL17RM6ORODOUTA""]";13/07/2026 10:00;BANCO_C;"[{""financial_entity"": ""cree"", ""amount"": ""-440.98"", ""detail"": ""tax_withholding""}, {""financial_entity"": ""aumento"", ""amount"": ""-4354.98"", ""detail"": ""tax_withholding""}, {""financial_entity"": ""ica"", ""amount"": ""-3860.08"", ""detail"": ""tax_withholding""}, {""marca"": ""CHEVIGNON""}}]""""";AUTORIZADO
TRX0369;"""[{account_name"": ""account_xkmsrdfl"", ""callback_url"": ""https://transactionhub.vtexpayments.com.br/api/pvt/payment-provider/transactions/DBAFV760M7HZZR757SEQGGJLE4OVSWQN"", ""delay_auto_settle"": ""3600"", ""merchant_name"": ""merchant_wjaoub"", ""monto"": 150000, ""vtex_transaction_id"": ""DBAFV760M7HZZR757SEQGGJLE4OVSWQN}]""";27/07/2026 12:00;BANCO_A;"{{""financial_entity"": ""cree"", ""amount"": ""-4361.23"", ""detail"": ""tax_withholding""}, {""financial_entity"": ""cree"", ""amount"": ""-4135.95"", ""detail"": ""tax_withholding""}, {""marca"": ""AMERICAN EAGLE""}]""";AUTORIZADO
TRX0370;"[{account_name""account_jhnnvnpu"", ""callback_url"": ""https://quickpay.vtexpayments.com.br/api/pvt/payment-provider/transactions/CS74OJ8BY0YD6FAKIRG9LUIMYQE75LHB"", ""delay_auto_settle"": ""7200"", ""merchant_name"": ""merchant_xkhgfx"", ""monto"": 150000, ""vtex_transaction_id"": ""CS74OJ8BY0YD6FAKIRG9LUIMYQE75LHB}]""";29/07/2026 4:00;BANCO_A;"""[{""financial_entity"": ""fuente"", ""amount"": ""-4980.86"", ""detail"": ""tax_withholding""}, {""financial_entity"": ""ica"", ""amount"": ""-1155.75"", ""detail"": ""tax_withholding""}, {""financial_entity"": ""aumento"", ""amount"": ""-515.6"", ""detail"": ""tax_withholding""}, {""financial_entity"": ""iva"", ""amount"": ""-2408.41"", ""detail"": ""tax_withholding""}, {""marca"": ""CHEVIGNON""}]""";AUTORIZADO
TRX0371;"[{account_name""account_rdzokdnx"", ""callback_url"": ""https://flowcash.vtexpayments.com.br/api/pvt/payment-provider/transactions/DEQ08N7Y1YTC4PM1RTYWJCR3S1MDPGED"", ""delay_auto_settle"": ""1800"", ""merchant_name"": ""merchant_ojazri"", ""monto"": 410000, ""vtex_transaction_id"": ""DEQ08N7Y1YTC4PM1RTYWJCR3S1MDPGED}]""";27/07/2026 11:00;BANCO_B;"{{""financial_entity"": ""ica"", ""amount"": ""-4071.78"", ""detail"": ""tax_withholding""}, {""financial_entity"": ""aumento"", ""amount"": ""-2648.86"", ""detail"": ""tax_withholding""}, {""marca"": ""AMERICAN EAGLE""}]""";AUTORIZADO
TRX0372;"""[{account_name"": ""account_jkqlfsoq"", ""callback_url"": ""https://flowcash.vtexpayments.com.br/api/pvt/payment-provider/transactions/Z7GKVMKEAT8BAC5URQPSPG2KCTLZ0Y0W"", ""delay_auto_settle"": ""7200"", ""merchant_name"": ""merchant_eobfnz"", ""monto"": 175000, ""vtex_transaction_id"": ""Z7GKVMKEAT8BAC5URQPSPG2KCTLZ0Y0W}]""";11/07/2026 18:00;BANCO_A;"[{financial_entityfinancial_entity"": ""cree"", ""amount"": ""-2216.94"", ""detail"": ""tax_withholding""}, {""financial_entity"": ""iva"", ""amount"": ""-2604.78"", ""detail"": ""tax_withholding""}, {""financial_entity"": ""cree"", ""amount"": ""-234.09"", ""detail"": ""tax_withholding""}, {""financial_entity"": ""fuente"", ""amount"": ""-1732.21"", ""detail"": ""tax_withholding""}, {""marca"": ""RIFLE""}]""";AUTORIZADO
TRX0373;"{""account_name"": ""account_emnupjyc"", ""callback_url"": ""https://nexoflow.vtexpayments.com.br/api/pvt/payment-provider/transactions/NBXD1QSL851EZ9PZLF25B8ORZ8UZSKJM"", ""delay_auto_settle"": ""1800"", ""merchant_name"": ""merchant_ubevzm"", ""monto"": 188000, ""vtex_transaction_id"": ""NBXD1QSL851EZ9PZLF25B8ORZ8UZSKJM}]""";02/07/2026 15:00;BANCO_B;"[{""financial_entity"": ""iva"", ""amount"": ""-2075.27"", ""detail"": ""tax_withholding""}, {""financial_entity"": ""cree"", ""amount"": ""-2078.91"", ""detail"": ""tax_withholding""}, {""financial_entity"": ""fuente"", ""amount"": ""-3861.78"", ""detail"": ""tax_withholding""}, {""financial_entity"": ""ica"", ""amount"": ""-188.76"", ""detail"": ""tax_withholding""}, {""marca"": ""AMERICAN EAGLE""}]";AUTORIZADO
TRX0374;"[{account_name"": ""account_koppaiqb"", ""callback_url"": ""https://flowcash.vtexpayments.com.br/api/pvt/payment-provider/transactions/ZI5DT521Y2XV27Y4AF6V8FZEYBU087ZN"", ""delay_auto_settle"": ""3600"", ""merchant_name"": ""merchant_zxfanf"", ""monto"": ""$320.000,00"", ""vtex_transaction_id"": ""ZI5DT521Y2XV27Y4AF6V8FZEYBU087ZN""}]""""";02/07/2026 3:00;BANCO_A;"({""financial_entity"": ""cree"", ""amount"": ""-2053.44"", ""detail"": ""tax_withholding""}, {""financial_entity"": ""aumento"", ""amount"": ""-1817.84"", ""detail"": ""tax_withholding""}, {""financial_entity"": ""fuente"", ""amount"": ""-3348.72"", ""detail"": ""tax_withholding""}, {""marca"": ""AMERICANINO""})""";AUTORIZADO
TRX0375;"({account_name"": ""account_uwhnwwry"", ""callback_url"": ""https://nexoflow.vtexpayments.com.br/api/pvt/payment-provider/transactions/FTMZ2WFAD9OAPHHWKOKIQ2BEDTTSWMDW"", ""delay_auto_settle"": ""3600"", ""merchant_name"": ""merchant_npadem"", ""monto"": 410000, ""vtex_transaction_id"": ""FTMZ2WFAD9OAPHHWKOKIQ2BEDTTSWMDW})""";24/07/2026 18:00;BANCO_A;"[{""financial_entity"": ""cree"", ""amount"": ""-739.28"", ""detail"": ""tax_withholding""}, {""financial_entity"": ""cree"", ""amount"": ""-1352.97"", ""detail"": ""tax_withholding""}, {""financial_entity"": ""cree"", ""amount"": ""-2898.97"", ""detail"": ""tax_withholding""}, {""marca"": ""AMERICAN EAGLE""}]";AUTORIZADO
TRX0376;"{""account_name"": ""account_mpefkdzy"", ""callback_url"": ""https://transactionhub.vtexpayments.com.br/api/pvt/payment-provider/transactions/PHPD7NLO9QSCHEW5DG7U0V5JOUH3O1PY"", ""delay_auto_settle"": ""7200"", ""merchant_name"": ""merchant_cxgxof"", ""monto"": 250000, ""vtex_transaction_id"": ""PHPD7NLO9QSCHEW5DG7U0V5JOUH3O1PY}]""";25/07/2026 19:00;BANCO_B;"""[{""financial_entity"": ""fuente"", ""amount"": ""-3422.29"", ""detail"": ""tax_withholding""}, {""financial_entity"": ""aumento"", ""amount"": ""-1693.8"", ""detail"": ""tax_withholding""}, {""marca"": ""NAF NAF""}]""";AUTORIZADO
TRX0377;"[{account_name"": ""account_gslaefro"", ""callback_url"": ""https://transactionhub.vtexpayments.com.br/api/pvt/payment-provider/transactions/X9T12PFZMYSEYP172PHB10Y08QBQMLAZ"", ""delay_auto_settle"": ""3600"", ""merchant_name"": ""merchant_yyzjpr"", ""monto"": ""155.000 COP"", ""monto"": 155000, ""vtex_transaction_id"": ""X9T12PFZMYSEYP172PHB10Y08QBQMLAZ""}]""""";28/07/2026 6:00;BANCO_A;"[{""financial_entity"": ""fuente"", ""amount"": ""-3130.7"", ""detail"": ""tax_withholding""}, {""financial_entity"": ""fuente"", ""amount"": ""-4124.94"", ""detail"": ""tax_withholding""}, {""financial_entity"": ""ica"", ""amount"": ""-2173.57"", ""detail"": ""tax_withholding""}, {""marca"": ""NAF NAF""}}]""""";AUTORIZADO
TRX0378;"""[{account_name"": ""account_tepdfczh"", ""callback_url"": ""https://nexoflow.vtexpayments.com.br/api/pvt/payment-provider/transactions/42298ZH07C77YLOETA05ENWGKQL9AKWH"", ""delay_auto_settle"": ""3600"", ""merchant_name"": ""merchant_ajbjsm"", ""monto\"": 350000, ""vtex_transaction_id"": ""42298ZH07C77YLOETA05ENWGKQL9AKWH}]""";03/07/2026 16:00;BANCO_B;"""[{""financial_entity"": ""fuente"", ""amount"": ""-1118.36"", ""detail"": ""tax_withholding""}, {""financial_entity"": ""iva"", ""amount"": ""-123.35"", ""detail"": ""tax_withholding""}, {""financial_entity"": ""aumento"", ""amount"": ""-1940.73"", ""detail"": ""tax_withholding""}, {""financial_entity"": ""aumento"", ""amount"": ""-1133.76"", ""detail"": ""tax_withholding""}, {""marca\"": ""AMERICANINO""}]""";AUTORIZADO
TRX0379;"[{account_name""account_safssxgy"", ""callback_url"": ""https://transitpay.vtexpayments.com.br/api/pvt/payment-provider/transactions/YP1JONCWAF6Y185BP3402JFCR102PIXK"", ""delay_auto_settle"": ""1800"", ""merchant_name"": ""merchant_qyjsto"", ""monto"": 95000, ""vtex_transaction_id"": ""YP1JONCWAF6Y185BP3402JFCR102PIXK}]""";07/07/2026 13:00;BANCO_B;"[{""financial_entity"": ""iva"", ""amount"": ""-912.89"", ""detail"": ""tax_withholding""}, {""financial_entity"": ""cree"", ""amount"": ""-853.19"", ""detail"": ""tax_withholding""}, {""marca"": ""CHEVIGNON""}]";AUTORIZADO
TRX0380;"[{account_name"": ""account_orqivwtx"", ""callback_url"": ""https://flowcash.vtexpayments.com.br/api/pvt/payment-provider/transactions/5H54YKB0OCBSBKKZEDW3T18XG4IEWB7A"", ""delay_auto_settle"": ""1800"", ""merchant_name"": ""merchant_loqavc"", ""monto\"": 275000, ""vtex_transaction_id"": ""5H54YKB0OCBSBKKZEDW3T18XG4IEWB7A""}]""""";28/07/2026 21:00;BANCO_A;"[{""financial_entity"": ""fuente"", ""amount"": ""-530.68"", ""detail"": ""tax_withholding""}, {""financial_entity"": ""cree"", ""amount"": ""-990.53"", ""detail"": ""tax_withholding""}, {""financial_entity"": ""fuente"", ""amount"": ""-2850.79"", ""detail"": ""tax_withholding""}, {""marca\"": ""RIFLE""}}]""""";AUTORIZADO
TRX0381;"[{account_name"": ""account_rzevkcbt"", ""callback_url"": ""https://payflow.vtexpayments.com.br/api/pvt/payment-provider/transactions/25HXO222KK5KRT47B1AX73TSPIB20EO3"", ""delay_auto_settle"": ""3600"", ""merchant_name"": ""merchant_tyoywj"", ""monto"": ""250.000 COP"", ""monto"": 250000, ""vtex_transaction_id"": ""25HXO222KK5KRT47B1AX73TSPIB20EO3""}]""""";01/07/2026 22:00;BANCO_C;"({""financial_entity"": ""ica"", ""amount"": ""-2055.28"", ""detail"": ""tax_withholding""}, {""financial_entity"": ""ica"", ""amount"": ""-3973.23"", ""detail"": ""tax_withholding""}, {""financial_entity"": ""iva"", ""amount"": ""-3855.07"", ""detail"": ""tax_withholding""}, {""financial_entity"": ""aumento"", ""amount"": ""-4120.21"", ""detail"": ""tax_withholding""}, {""marca"": ""AMERICANINO""})""";AUTORIZADO
TRX0382;"[{account_name"": ""account_rwygebgf"", ""callback_url"": ""https://transactionhub.vtexpayments.com.br/api/pvt/payment-provider/transactions/L21DLLEEQ4LWVZJ3OV2T0O0C9724GCJB"", ""delay_auto_settle"": ""7200"", ""merchant_name"": ""merchant_jitsda"", ""monto"": 260000, ""vtex_transaction_id"": ""L21DLLEEQ4LWVZJ3OV2T0O0C9724GCJB""]";17/07/2026 23:00;BANCO_B;"{{""financial_entity"": ""ica"", ""amount"": ""-343.64"", ""detail"": ""tax_withholding""}, {""financial_entity"": ""cree"", ""amount"": ""-332.28"", ""detail"": ""tax_withholding""}, {""financial_entity"": ""aumento"", ""amount"": ""-4474.46"", ""detail"": ""tax_withholding""}, {""marca"": ""NAF NAF""}]""";AUTORIZADO
TRX0383;"[{account_name""account_kjqcfnms"", ""callback_url"": ""https://flowcash.vtexpayments.com.br/api/pvt/payment-provider/transactions/9UFJ0YEUDXXUJORESWRRX311NRWSUPAH"", ""delay_auto_settle"": ""3600"", ""merchant_name"": ""merchant_mcvhgb"", ""monto"": 188000, ""vtex_transaction_id"": ""9UFJ0YEUDXXUJORESWRRX311NRWSUPAH}]""";01/07/2026 9:00;BANCO_A;"[{""financial_entity"": ""cree"", ""amount"": ""-2130.77"", ""detail"": ""tax_withholding""}, {""financial_entity"": ""cree"", ""amount"": ""-1115.71"", ""detail"": ""tax_withholding""}, {""financial_entity"": ""aumento"", ""amount"": ""-1491.73"", ""detail"": ""tax_withholding""}, {""marca"": ""RIFLE""}}]""""";AUTORIZADO
TRX0384;"""[{account_name"": ""account_zwsolvtn"", ""callback_url"": ""https://transitpay.vtexpayments.com.br/api/pvt/payment-provider/transactions/Z56VIK0AVLXMNSP4VF3KVDANCZJXC3CK"", ""delay_auto_settle"": ""1800"", ""merchant_name"": ""merchant_qxrise"", ""monto"": 310000, ""vtex_transaction_id"": ""Z56VIK0AVLXMNSP4VF3KVDANCZJXC3CK}]""";17/07/2026 23:00;BANCO_A;"""[{""financial_entity"": ""aumento"", ""amount"": ""-2913.3"", ""detail"": ""tax_withholding""}, {""financial_entity"": ""fuente"", ""amount"": ""-1406.9"", ""detail"": ""tax_withholding""}, {""financial_entity"": ""fuente"", ""amount"": ""-3230.99"", ""detail"": ""tax_withholding""}, {""financial_entity"": ""ica"", ""amount"": ""-3969.97"", ""detail"": ""tax_withholding""}, {""marca"": ""AMERICANINO""}]""";AUTORIZADO
TRX0385;"""[{account_name"": ""account_etehngiv"", ""callback_url"": ""https://quickpay.vtexpayments.com.br/api/pvt/payment-provider/transactions/196ND5Y1HTX04CV1SIGMTDKEQH2R0NDE"", ""delay_auto_settle"": ""7200"", ""merchant_name"": ""merchant_ielgsv"", ""monto"": 165000, ""vtex_transaction_id"": ""196ND5Y1HTX04CV1SIGMTDKEQH2R0NDE}]""";26/07/2026 23:00;BANCO_C;"[{""financial_entity"": ""iva"", ""amount"": ""-2681.95"", ""detail"": ""tax_withholding""}, {""financial_entity"": ""aumento"", ""amount"": ""-1509.47"", ""detail"": ""tax_withholding""}, {""financial_entity"": ""aumento"", ""amount"": ""-4529.26"", ""detail"": ""tax_withholding""}, {""financial_entity"": ""fuente"", ""amount"": ""-3122.5"", ""detail"": ""tax_withholding""}, {""marca"": ""AMERICANINO""}]";AUTORIZADO
TRX0386;"({account_name"": ""account_gcgbpxkd"", ""callback_url"": ""https://transitpay.vtexpayments.com.br/api/pvt/payment-provider/transactions/ALRXWR91S9QXM80UAOD2P7BQRKQOORME"", ""delay_auto_settle"": ""3600"", ""merchant_name"": ""merchant_uyolor"", ""monto"": 250000, ""vtex_transaction_id"": ""ALRXWR91S9QXM80UAOD2P7BQRKQOORME})""";03/07/2026 16:00;BANCO_A;"""[{""financial_entity"": ""fuente"", ""amount"": ""-4906.55"", ""detail"": ""tax_withholding""}, {""financial_entity"": ""iva"", ""amount"": ""-2755.6"", ""detail"": ""tax_withholding""}, {""marca"": ""CHEVIGNON""}]""";AUTORIZADO
TRX0387;"[{account_name""account_lfjjgqex"", ""callback_url"": ""https://transitpay.vtexpayments.com.br/api/pvt/payment-provider/transactions/ETE03FKLBJ8816HQRVIA0EAFT2FE7OK8"", ""delay_auto_settle"": ""7200"", ""merchant_name"": ""merchant_pymjej"", ""monto"": ""145.000 COP"", ""monto"": 145000, ""vtex_transaction_id"": ""ETE03FKLBJ8816HQRVIA0EAFT2FE7OK8}]""";24/07/2026 19:00;BANCO_B;"[{""financial_entity"": ""iva"", ""amount"": ""-1845.14"", ""detail"": ""tax_withholding""}, {""financial_entity"": ""iva"", ""amount"": ""-4377.59"", ""detail"": ""tax_withholding""}, {""financial_entity"": ""iva"", ""amount"": ""-889.71"", ""detail"": ""tax_withholding""}, {""marca"": ""RIFLE""}}]""""";AUTORIZADO
TRX0388;"[{account_name""account_fuahxqao"", ""callback_url"": ""https://flowcash.vtexpayments.com.br/api/pvt/payment-provider/transactions/0S8CFGOLJ3GSSQWOKJ06B6STL9FFY96V"", ""delay_auto_settle"": ""1800"", ""merchant_name"": ""merchant_nsfiqe"", ""monto"": 145000, ""vtex_transaction_id"": ""0S8CFGOLJ3GSSQWOKJ06B6STL9FFY96V}]""";06/07/2026 5:00;BANCO_A;"[{""financial_entity"": ""iva"", ""amount"": ""-4129.56"", ""detail"": ""tax_withholding""}, {""financial_entity"": ""ica"", ""amount"": ""-4767.73"", ""detail"": ""tax_withholding""}, {""financial_entity"": ""aumento"", ""amount"": ""-682.46"", ""detail"": ""tax_withholding""}, {""financial_entity"": ""iva"", ""amount"": ""-4715.27"", ""detail"": ""tax_withholding""}, {""marca"": ""CHEVIGNON""}}]""""";AUTORIZADO
TRX0389;"({account_name"": ""account_uouxjyax"", ""callback_url"": ""https://payflow.vtexpayments.com.br/api/pvt/payment-provider/transactions/CUALPAP7HJNSMMDQ4L9EBS4S3IPGBWQ2"", ""delay_auto_settle"": ""1800"", ""merchant_name"": ""merchant_kuvvla"", ""monto\"": 240000, ""vtex_transaction_id"": ""CUALPAP7HJNSMMDQ4L9EBS4S3IPGBWQ2})""";09/07/2026 14:00;BANCO_C;"""[{""financial_entity"": ""fuente"", ""amount"": ""-782.49"", ""detail"": ""tax_withholding""}, {""financial_entity"": ""iva"", ""amount"": ""-3994.35"", ""detail"": ""tax_withholding""}, {""financial_entity"": ""iva"", ""amount"": ""-2364.15"", ""detail"": ""tax_withholding""}, {""financial_entity"": ""fuente"", ""amount"": ""-4611.56"", ""detail"": ""tax_withholding""}, {""marca\"": ""CHEVIGNON""}]""";AUTORIZADO
TRX0390;"({account_name"": ""account_zuqxrdhk"", ""callback_url"": ""https://transitpay.vtexpayments.com.br/api/pvt/payment-provider/transactions/5W0TQA7H832MBNXUHTD8LBYAYTYES7QX"", ""delay_auto_settle"": ""7200"", ""merchant_name"": ""merchant_txbwvn"", ""monto"": 225000, ""vtex_transaction_id"": ""5W0TQA7H832MBNXUHTD8LBYAYTYES7QX})""";07/07/2026 19:00;BANCO_C;"[{financial_entityfinancial_entity"": ""cree"", ""amount"": ""-3410.92"", ""detail"": ""tax_withholding""}, {""financial_entity"": ""cree"", ""amount"": ""-2462.06"", ""detail"": ""tax_withholding""}, {""marca"": ""AMERICANINO""}]""";AUTORIZADO
TRX0391;"{""account_name"": ""account_kxesagfx"", ""callback_url"": ""https://payflow.vtexpayments.com.br/api/pvt/payment-provider/transactions/7FZLBV18XBWRH6KIS29TNM35KUUF6MNT"", ""delay_auto_settle"": ""3600"", ""merchant_name"": ""merchant_mvellk"", ""monto\"": 95000, ""vtex_transaction_id"": ""7FZLBV18XBWRH6KIS29TNM35KUUF6MNT}]""";12/07/2026 14:00;BANCO_A;"{{""financial_entity"": ""fuente"", ""amount"": ""-3421.78"", ""detail"": ""tax_withholding""}, {""financial_entity"": ""ica"", ""amount"": ""-2985.06"", ""detail"": ""tax_withholding""}, {""financial_entity"": ""aumento"", ""amount"": ""-1126.94"", ""detail"": ""tax_withholding""}, {""marca\"": ""CHEVIGNON""}]""";AUTORIZADO
TRX0392;"[{account_name"": ""account_britsuhb"", ""callback_url"": ""https://flowcash.vtexpayments.com.br/api/pvt/payment-provider/transactions/HU0A6ZVNLOEJW2NQMBQMQK7ROO8CXF7N"", ""delay_auto_settle"": ""1800"", ""merchant_name"": ""merchant_ticvjs"", ""monto"": 145000, ""vtex_transaction_id"": ""HU0A6ZVNLOEJW2NQMBQMQK7ROO8CXF7N""]";19/07/2026 20:00;BANCO_B;"[{""financial_entity"": ""iva"", ""amount"": ""-4405.72"", ""detail"": ""tax_withholding""}, {""financial_entity"": ""iva"", ""amount"": ""-2256.05"", ""detail"": ""tax_withholding""}, {""marca"": ""AMERICANINO""}}]""""";AUTORIZADO
TRX0393;"[{account_name""account_jbmkidjf"", ""callback_url"": ""https://quickpay.vtexpayments.com.br/api/pvt/payment-provider/transactions/M5EVRIB5UVUFNB1KVHV1EADHYLPCZMBI"", ""delay_auto_settle"": ""1800"", ""merchant_name"": ""merchant_vnxnlk"", ""monto"": 340000, ""vtex_transaction_id"": ""M5EVRIB5UVUFNB1KVHV1EADHYLPCZMBI}]""";20/07/2026 6:00;BANCO_B;"[{financial_entityfinancial_entity"": ""fuente"", ""amount"": ""-856.88"", ""detail"": ""tax_withholding""}, {""financial_entity"": ""cree"", ""amount"": ""-2720.71"", ""detail"": ""tax_withholding""}, {""financial_entity"": ""ica"", ""amount"": ""-3524.23"", ""detail"": ""tax_withholding""}, {""marca"": ""AMERICANINO""}]""";AUTORIZADO
TRX0394;"[{account_name"": ""account_ppzjhwxj"", ""callback_url"": ""https://payflow.vtexpayments.com.br/api/pvt/payment-provider/transactions/X50E5IZ0M5G1737RPQWHFMW0QYHVUDYE"", ""delay_auto_settle"": ""1800"", ""merchant_name"": ""merchant_tdefwa"", ""monto"": 310000, ""vtex_transaction_id"": ""X50E5IZ0M5G1737RPQWHFMW0QYHVUDYE""]";30/07/2026 0:00;BANCO_B;"[{""financial_entity"": ""ica"", ""amount"": ""-188.48"", ""detail"": ""tax_withholding""}, {""financial_entity"": ""iva"", ""amount"": ""-911.75"", ""detail"": ""tax_withholding""}, {""financial_entity"": ""cree"", ""amount"": ""-482.29"", ""detail"": ""tax_withholding""}, {""financial_entity"": ""fuente"", ""amount"": ""-1704.62"", ""detail"": ""tax_withholding""}, {""marca"": ""CHEVIGNON""}]";AUTORIZADO
TRX0395;"[{account_name""account_mvunoehw"", ""callback_url"": ""https://quickpay.vtexpayments.com.br/api/pvt/payment-provider/transactions/PAPD22DOEORL9KXRENLI0OI5IAC72RI8"", ""delay_auto_settle"": ""7200"", ""merchant_name"": ""merchant_xijspb"", ""monto"": 125000, ""vtex_transaction_id"": ""PAPD22DOEORL9KXRENLI0OI5IAC72RI8}]""";20/07/2026 10:00;BANCO_B;"""[{""financial_entity"": ""aumento"", ""amount"": ""-4760.18"", ""detail"": ""tax_withholding""}, {""financial_entity"": ""ica"", ""amount"": ""-3016.2"", ""detail"": ""tax_withholding""}, {""financial_entity"": ""aumento"", ""amount"": ""-1637.43"", ""detail"": ""tax_withholding""}, {""financial_entity"": ""fuente"", ""amount"": ""-536.06"", ""detail"": ""tax_withholding""}, {""marca"": ""AMERICAN EAGLE""}]""";AUTORIZADO
TRX0396;"[{account_name"": ""account_aqqqafed"", ""callback_url"": ""https://transitpay.vtexpayments.com.br/api/pvt/payment-provider/transactions/ENSNRCWN6J01YYA3BZFGT0LT1VWPK2E8"", ""delay_auto_settle"": ""7200"", ""merchant_name"": ""merchant_gadbyd"", ""monto"": ""$225.000,00"", ""vtex_transaction_id"": ""ENSNRCWN6J01YYA3BZFGT0LT1VWPK2E8""]";18/07/2026 9:00;BANCO_A;"[{""financial_entity"": ""fuente"", ""amount"": ""-332.0"", ""detail"": ""tax_withholding""}, {""financial_entity"": ""aumento"", ""amount"": ""-114.74"", ""detail"": ""tax_withholding""}, {""financial_entity"": ""fuente"", ""amount"": ""-591.21"", ""detail"": ""tax_withholding""}, {""marca"": ""CHEVIGNON""}]";AUTORIZADO
TRX0397;"[{account_name"": ""account_tcqjcqgz"", ""callback_url"": ""https://flowcash.vtexpayments.com.br/api/pvt/payment-provider/transactions/45LOX9723G3DI4MJ8HMI0V986GAONPEO"", ""delay_auto_settle"": ""1800"", ""merchant_name"": ""merchant_rjomup"", ""monto"": 165000, ""vtex_transaction_id"": ""45LOX9723G3DI4MJ8HMI0V986GAONPEO""]";15/07/2026 11:00;BANCO_C;"{{""financial_entity"": ""ica"", ""amount"": ""-2500.2"", ""detail"": ""tax_withholding""}, {""financial_entity"": ""aumento"", ""amount"": ""-4588.95"", ""detail"": ""tax_withholding""}, {""marca"": ""RIFLE""}]""";AUTORIZADO
TRX0398;"({account_name"": ""account_pxbphqvt"", ""callback_url"": ""https://payflow.vtexpayments.com.br/api/pvt/payment-provider/transactions/GRQ1JYT1PUGI6OU8EXBL86OD1JD98XBV"", ""delay_auto_settle"": ""1800"", ""merchant_name"": ""merchant_gbmtcb"", ""monto"": 95000, ""vtex_transaction_id"": ""GRQ1JYT1PUGI6OU8EXBL86OD1JD98XBV})""";13/07/2026 19:00;BANCO_A;"({""financial_entity"": ""fuente"", ""amount"": ""-3749.94"", ""detail"": ""tax_withholding""}, {""financial_entity"": ""cree"", ""amount"": ""-1669.42"", ""detail"": ""tax_withholding""}, {""marca"": ""AMERICAN EAGLE""})""";AUTORIZADO
TRX0399;"({account_name"": ""account_isyciswq"", ""callback_url"": ""https://payflow.vtexpayments.com.br/api/pvt/payment-provider/transactions/LCI1RN9DFDV8FHZYXMKYFJF7LATZJM1F"", ""delay_auto_settle"": ""3600"", ""merchant_name"": ""merchant_tjqqlm"", ""monto"": 310000, ""vtex_transaction_id"": ""LCI1RN9DFDV8FHZYXMKYFJF7LATZJM1F})""";08/07/2026 23:00;BANCO_C;"{{""financial_entity"": ""ica"", ""amount"": ""-665.5"", ""detail"": ""tax_withholding""}, {""financial_entity"": ""cree"", ""amount"": ""-2571.7"", ""detail"": ""tax_withholding""}, {""financial_entity"": ""aumento"", ""amount"": ""-1879.72"", ""detail"": ""tax_withholding""}, {""financial_entity"": ""fuente"", ""amount"": ""-4692.78"", ""detail"": ""tax_withholding""}, {""marca"": ""AMERICANINO""}]""";AUTORIZADO
TRX0400;"""[{account_name"": ""account_yxxgoqvr"", ""callback_url"": ""https://nexoflow.vtexpayments.com.br/api/pvt/payment-provider/transactions/A74RTEHK07ZAR48N7QPUMO7SUNXYTVU6"", ""delay_auto_settle"": ""3600"", ""merchant_name"": ""merchant_hfipyf"", ""monto"": 275000, ""vtex_transaction_id"": ""A74RTEHK07ZAR48N7QPUMO7SUNXYTVU6}]""";01/07/2026 15:00;BANCO_C;"({""financial_entity"": ""ica"", ""amount"": ""-4336.39"", ""detail"": ""tax_withholding""}, {""financial_entity"": ""fuente"", ""amount"": ""-2715.38"", ""detail"": ""tax_withholding""}, {""financial_entity"": ""cree"", ""amount"": ""-4623.96"", ""detail"": ""tax_withholding""}, {""marca"": ""AMERICANINO""})""";AUTORIZADO
TRX0401;"[{account_name"": ""account_zcxuvkca"", ""callback_url"": ""https://quickpay.vtexpayments.com.br/api/pvt/payment-provider/transactions/PFQ6WZ8GYA83NSDQFJP9C30C2SA7AR35"", ""delay_auto_settle"": ""3600"", ""merchant_name"": ""merchant_wjqbiz"", ""monto"": 205000, ""vtex_transaction_id"": ""PFQ6WZ8GYA83NSDQFJP9C30C2SA7AR35""}]""""";02/07/2026 8:00;BANCO_C;"[{financial_entityfinancial_entity"": ""ica"", ""amount"": ""-1645.93"", ""detail"": ""tax_withholding""}, {""financial_entity"": ""iva"", ""amount"": ""-4356.64"", ""detail"": ""tax_withholding""}, {""financial_entity"": ""cree"", ""amount"": ""-4612.4"", ""detail"": ""tax_withholding""}, {""financial_entity"": ""fuente"", ""amount"": ""-1478.0"", ""detail"": ""tax_withholding""}, {""marca"": ""AMERICANINO""}]""";AUTORIZADO
TRX0402;"[{account_name"": ""account_mrpnojjz"", ""callback_url"": ""https://quickpay.vtexpayments.com.br/api/pvt/payment-provider/transactions/D00HL45NJD7U9ROYQFK6HPWWBRXU8M48"", ""delay_auto_settle"": ""1800"", ""merchant_name"": ""merchant_xsuubn"", ""monto"": 225000, ""vtex_transaction_id"": ""D00HL45NJD7U9ROYQFK6HPWWBRXU8M48""}]""""";11/07/2026 6:00;BANCO_A;"[{financial_entityfinancial_entity"": ""cree"", ""amount"": ""-3768.53"", ""detail"": ""tax_withholding""}, {""financial_entity"": ""cree"", ""amount"": ""-3551.55"", ""detail"": ""tax_withholding""}, {""marca"": ""RIFLE""}]""";AUTORIZADO
TRX0403;"""[{account_name"": ""account_roigrtdb"", ""callback_url"": ""https://transactionhub.vtexpayments.com.br/api/pvt/payment-provider/transactions/9HWLLX8Z9DYVPAFDJZPGID12DYM1M552"", ""delay_auto_settle"": ""3600"", ""merchant_name"": ""merchant_uuipsi"", ""monto"": 188000, ""vtex_transaction_id"": ""9HWLLX8Z9DYVPAFDJZPGID12DYM1M552}]""";05/07/2026 16:00;BANCO_A;"[{""financial_entity"": ""iva"", ""amount"": ""-1622.17"", ""detail"": ""tax_withholding""}, {""financial_entity"": ""iva"", ""amount"": ""-1687.14"", ""detail"": ""tax_withholding""}, {""financial_entity"": ""fuente"", ""amount"": ""-1183.59"", ""detail"": ""tax_withholding""}, {""financial_entity"": ""iva"", ""amount"": ""-2065.29"", ""detail"": ""tax_withholding""}, {""marca"": ""CHEVIGNON""}]";AUTORIZADO
TRX0404;"[{account_name"": ""account_hkdqxflm"", ""callback_url"": ""https://transitpay.vtexpayments.com.br/api/pvt/payment-provider/transactions/IQGVU4WOAEOJX1GVEV2V7S35YXAV8PYQ"", ""delay_auto_settle"": ""1800"", ""merchant_name"": ""merchant_abtqqw"", ""monto"": 1100000, ""vtex_transaction_id"": ""IQGVU4WOAEOJX1GVEV2V7S35YXAV8PYQ""]";30/07/2026 11:00;BANCO_A;"({""financial_entity"": ""aumento"", ""amount"": ""-1812.36"", ""detail"": ""tax_withholding""}, {""financial_entity"": ""iva"", ""amount"": ""-1076.53"", ""detail"": ""tax_withholding""}, {""financial_entity"": ""cree"", ""amount"": ""-2483.8"", ""detail"": ""tax_withholding""}, {""financial_entity"": ""iva"", ""amount"": ""-152.19"", ""detail"": ""tax_withholding""}, {""marca"": ""AMERICAN EAGLE""})""";AUTORIZADO
TRX0405;"""[{account_name"": ""account_skndwigv"", ""callback_url"": ""https://quickpay.vtexpayments.com.br/api/pvt/payment-provider/transactions/Y2AL723Z5Y2QPHZGGF0YX5J8D3R0K884"", ""delay_auto_settle"": ""1800"", ""merchant_name"": ""merchant_tnaiye"", ""monto"": ""155.000 COP"", ""monto"": 155000, ""vtex_transaction_id"": ""Y2AL723Z5Y2QPHZGGF0YX5J8D3R0K884}]""";27/07/2026 14:00;BANCO_A;"[{""financial_entity"": ""fuente"", ""amount"": ""-1889.49"", ""detail"": ""tax_withholding""}, {""financial_entity"": ""iva"", ""amount"": ""-922.08"", ""detail"": ""tax_withholding""}, {""financial_entity"": ""fuente"", ""amount"": ""-2128.87"", ""detail"": ""tax_withholding""}, {""marca"": ""RIFLE""}]";AUTORIZADO
TRX0406;"[{account_name""account_ejtxngrn"", ""callback_url"": ""https://flowcash.vtexpayments.com.br/api/pvt/payment-provider/transactions/CDPU56YA68UH1JENC06EAZJ7JWWIHAK0"", ""delay_auto_settle"": ""7200"", ""merchant_name"": ""merchant_pugwqq"", ""monto"": ""260.000 COP"", ""monto"": 260000, ""vtex_transaction_id"": ""CDPU56YA68UH1JENC06EAZJ7JWWIHAK0}]""";13/07/2026 8:00;BANCO_B;"""[{""financial_entity"": ""ica"", ""amount"": ""-2283.83"", ""detail"": ""tax_withholding""}, {""financial_entity"": ""aumento"", ""amount"": ""-4380.51"", ""detail"": ""tax_withholding""}, {""marca"": ""CHEVIGNON""}]""";AUTORIZADO
TRX0407;"({account_name"": ""account_vmofimif"", ""callback_url"": ""https://payflow.vtexpayments.com.br/api/pvt/payment-provider/transactions/7R4AKFYOKWNJCAWORA8A2ZBEMO4PQ4AT"", ""delay_auto_settle"": ""3600"", ""merchant_name"": ""merchant_bdfdha"", ""monto"": 240000, ""vtex_transaction_id"": ""7R4AKFYOKWNJCAWORA8A2ZBEMO4PQ4AT})""";29/07/2026 17:00;BANCO_C;"({""financial_entity"": ""fuente"", ""amount"": ""-2341.43"", ""detail"": ""tax_withholding""}, {""financial_entity"": ""cree"", ""amount"": ""-4898.56"", ""detail"": ""tax_withholding""}, {""financial_entity"": ""fuente"", ""amount"": ""-3223.92"", ""detail"": ""tax_withholding""}, {""financial_entity"": ""aumento"", ""amount"": ""-291.87"", ""detail"": ""tax_withholding""}, {""marca"": ""RIFLE""})""";AUTORIZADO
TRX0408;"""[{account_name"": ""account_xtktufbt"", ""callback_url"": ""https://flowcash.vtexpayments.com.br/api/pvt/payment-provider/transactions/CVIZXMDIRAVQ8KWUK0OJ10214X6M2464"", ""delay_auto_settle"": ""7200"", ""merchant_name"": ""merchant_fnxqqs"", ""monto"": 260000, ""vtex_transaction_id"": ""CVIZXMDIRAVQ8KWUK0OJ10214X6M2464}]""";08/07/2026 1:00;BANCO_B;"""[{""financial_entity"": ""fuente"", ""amount"": ""-2136.45"", ""detail"": ""tax_withholding""}, {""financial_entity"": ""fuente"", ""amount"": ""-1219.33"", ""detail"": ""tax_withholding""}, {""financial_entity"": ""ica"", ""amount"": ""-3363.66"", ""detail"": ""tax_withholding""}, {""financial_entity"": ""fuente"", ""amount"": ""-4878.44"", ""detail"": ""tax_withholding""}, {""marca"": ""AMERICAN EAGLE""}]""";AUTORIZADO
TRX0409;"({account_name"": ""account_yoeeyatq"", ""callback_url"": ""https://payflow.vtexpayments.com.br/api/pvt/payment-provider/transactions/GLY4TIHE6YFH6MXQ4LOC6X8HFQTOEI8L"", ""delay_auto_settle"": ""3600"", ""merchant_name"": ""merchant_ponfym"", ""monto"": 350000, ""vtex_transaction_id"": ""GLY4TIHE6YFH6MXQ4LOC6X8HFQTOEI8L})""";23/07/2026 9:00;BANCO_A;"[{""financial_entity"": ""ica"", ""amount"": ""-853.9"", ""detail"": ""tax_withholding""}, {""financial_entity"": ""fuente"", ""amount"": ""-3925.8"", ""detail"": ""tax_withholding""}, {""financial_entity"": ""ica"", ""amount"": ""-4558.27"", ""detail"": ""tax_withholding""}, {""financial_entity"": ""ica"", ""amount"": ""-3311.86"", ""detail"": ""tax_withholding""}, {""marca"": ""AMERICAN EAGLE""}]";AUTORIZADO
TRX0410;"""[{account_name"": ""account_hhifzfqu"", ""callback_url"": ""https://payflow.vtexpayments.com.br/api/pvt/payment-provider/transactions/WVK14CR82T5CGWI5L3TC8GEOPBZSO80A"", ""delay_auto_settle"": ""7200"", ""merchant_name"": ""merchant_eqwamd"", ""monto"": ""$320.000,00"", ""vtex_transaction_id"": ""WVK14CR82T5CGWI5L3TC8GEOPBZSO80A}]""";03/07/2026 15:00;BANCO_C;"[{""financial_entity"": ""aumento"", ""amount"": ""-2262.21"", ""detail"": ""tax_withholding""}, {""financial_entity"": ""ica"", ""amount"": ""-2875.8"", ""detail"": ""tax_withholding""}, {""financial_entity"": ""cree"", ""amount"": ""-982.8"", ""detail"": ""tax_withholding""}, {""marca"": ""RIFLE""}]";AUTORIZADO
TRX0411;"[{account_name"": ""account_cbcncezv"", ""callback_url"": ""https://nexoflow.vtexpayments.com.br/api/pvt/payment-provider/transactions/1CNJ4TA7PAZ1953NSCJRTIR5HMI6M4PB"", ""delay_auto_settle"": ""3600"", ""merchant_name"": ""merchant_pmhgtt"", ""monto"": 145000, ""vtex_transaction_id"": ""1CNJ4TA7PAZ1953NSCJRTIR5HMI6M4PB""}]""""";08/07/2026 16:00;BANCO_A;"[{""financial_entity"": ""cree"", ""amount"": ""-1451.41"", ""detail"": ""tax_withholding""}, {""financial_entity"": ""cree"", ""amount"": ""-3728.97"", ""detail"": ""tax_withholding""}, {""financial_entity"": ""iva"", ""amount"": ""-139.28"", ""detail"": ""tax_withholding""}, {""financial_entity"": ""aumento"", ""amount"": ""-1930.48"", ""detail"": ""tax_withholding""}, {""marca"": ""AMERICAN EAGLE""}]";AUTORIZADO
TRX0412;"[{account_name""account_sjzakevq"", ""callback_url"": ""https://nexoflow.vtexpayments.com.br/api/pvt/payment-provider/transactions/UV7FWL9SEO9HE14AU2CIB7L4TL7IN4WC"", ""delay_auto_settle"": ""1800"", ""merchant_name"": ""merchant_vpomml"", ""monto"": ""$320.000,00"", ""vtex_transaction_id"": ""UV7FWL9SEO9HE14AU2CIB7L4TL7IN4WC}]""";05/07/2026 4:00;BANCO_C;"{{""financial_entity"": ""ica"", ""amount"": ""-3851.28"", ""detail"": ""tax_withholding""}, {""financial_entity"": ""ica"", ""amount"": ""-3626.41"", ""detail"": ""tax_withholding""}, {""financial_entity"": ""fuente"", ""amount"": ""-4865.21"", ""detail"": ""tax_withholding""}, {""financial_entity"": ""ica"", ""amount"": ""-3793.76"", ""detail"": ""tax_withholding""}, {""marca"": ""AMERICAN EAGLE""}]""";AUTORIZADO
TRX0413;"[{account_name"": ""account_euarvdcj"", ""callback_url"": ""https://flowcash.vtexpayments.com.br/api/pvt/payment-provider/transactions/G7N8H63KBSUF5N8CU3SLYKSD9LU0VVWK"", ""delay_auto_settle"": ""3600"", ""merchant_name"": ""merchant_usiwaj"", ""monto\"": 250000, ""vtex_transaction_id"": ""G7N8H63KBSUF5N8CU3SLYKSD9LU0VVWK""]";24/07/2026 20:00;BANCO_B;"[{""financial_entity"": ""cree"", ""amount"": ""-2693.61"", ""detail"": ""tax_withholding""}, {""financial_entity"": ""cree"", ""amount"": ""-4140.45"", ""detail"": ""tax_withholding""}, {""marca\"": ""AMERICANINO""}]";AUTORIZADO
TRX0414;"{""account_name"": ""account_innmvjqs"", ""callback_url"": ""https://transitpay.vtexpayments.com.br/api/pvt/payment-provider/transactions/Z900CQ3T1C5WSGPD3CSICO8GWPRZMTGZ"", ""delay_auto_settle"": ""7200"", ""merchant_name"": ""merchant_ubfqnk"", ""monto\"": 175000, ""vtex_transaction_id"": ""Z900CQ3T1C5WSGPD3CSICO8GWPRZMTGZ}]""";27/07/2026 23:00;BANCO_A;"""[{""financial_entity"": ""ica"", ""amount"": ""-4720.32"", ""detail"": ""tax_withholding""}, {""financial_entity"": ""iva"", ""amount"": ""-105.52"", ""detail"": ""tax_withholding""}, {""financial_entity"": ""fuente"", ""amount"": ""-4226.18"", ""detail"": ""tax_withholding""}, {""financial_entity"": ""aumento"", ""amount"": ""-805.06"", ""detail"": ""tax_withholding""}, {""marca\"": ""CHEVIGNON""}]""";AUTORIZADO
TRX0415;"[{account_name""account_rkedsool"", ""callback_url"": ""https://transitpay.vtexpayments.com.br/api/pvt/payment-provider/transactions/QKWADGRMN0E0R4SEZ9X4Z3WYHVHWXPGO"", ""delay_auto_settle"": ""1800"", ""merchant_name"": ""merchant_ltrwfv"", ""monto\"": 125000, ""vtex_transaction_id"": ""QKWADGRMN0E0R4SEZ9X4Z3WYHVHWXPGO}]""";15/07/2026 2:00;BANCO_A;"({""financial_entity"": ""cree"", ""amount"": ""-2202.18"", ""detail"": ""tax_withholding""}, {""financial_entity"": ""ica"", ""amount"": ""-4483.88"", ""detail"": ""tax_withholding""}, {""financial_entity"": ""fuente"", ""amount"": ""-3457.09"", ""detail"": ""tax_withholding""}, {""financial_entity"": ""fuente"", ""amount"": ""-4108.63"", ""detail"": ""tax_withholding""}, {""marca\"": ""RIFLE""})""";AUTORIZADO
TRX0416;"""[{account_name"": ""account_pzhyjvzz"", ""callback_url"": ""https://transitpay.vtexpayments.com.br/api/pvt/payment-provider/transactions/03F01KJTNWFL5ZM9IWB3CTVFNMMP1ZCV"", ""delay_auto_settle"": ""3600"", ""merchant_name"": ""merchant_oyrprp"", ""monto"": 410000, ""vtex_transaction_id"": ""03F01KJTNWFL5ZM9IWB3CTVFNMMP1ZCV}]""";28/07/2026 4:00;BANCO_A;"""[{""financial_entity"": ""ica"", ""amount"": ""-1761.06"", ""detail"": ""tax_withholding""}, {""financial_entity"": ""fuente"", ""amount"": ""-1557.9"", ""detail"": ""tax_withholding""}, {""financial_entity"": ""fuente"", ""amount"": ""-1639.78"", ""detail"": ""tax_withholding""}, {""marca"": ""RIFLE""}]""";AUTORIZADO
TRX0417;"({account_name"": ""account_ovhpqljs"", ""callback_url"": ""https://nexoflow.vtexpayments.com.br/api/pvt/payment-provider/transactions/4EVGPJ22F1L9HPH1WIHTEOIYKQQE5YC9"", ""delay_auto_settle"": ""7200"", ""merchant_name"": ""merchant_qnbcke"", ""monto"": 198000, ""vtex_transaction_id"": ""4EVGPJ22F1L9HPH1WIHTEOIYKQQE5YC9})""";23/07/2026 7:00;BANCO_B;"({""financial_entity"": ""iva"", ""amount"": ""-1761.56"", ""detail"": ""tax_withholding""}, {""financial_entity"": ""iva"", ""amount"": ""-4695.34"", ""detail"": ""tax_withholding""}, {""financial_entity"": ""iva"", ""amount"": ""-3583.26"", ""detail"": ""tax_withholding""}, {""financial_entity"": ""fuente"", ""amount"": ""-389.22"", ""detail"": ""tax_withholding""}, {""marca"": ""RIFLE""})""";AUTORIZADO
TRX0418;"[{account_name"": ""account_oygnktoi"", ""callback_url"": ""https://flowcash.vtexpayments.com.br/api/pvt/payment-provider/transactions/74WMFGSI4JI6IH7NSTXQO5YHBVUA7NRN"", ""delay_auto_settle"": ""3600"", ""merchant_name"": ""merchant_wycoet"", ""monto"": 95000, ""vtex_transaction_id"": ""74WMFGSI4JI6IH7NSTXQO5YHBVUA7NRN""]";07/07/2026 22:00;BANCO_B;"({""financial_entity"": ""iva"", ""amount"": ""-259.39"", ""detail"": ""tax_withholding""}, {""financial_entity"": ""iva"", ""amount"": ""-800.55"", ""detail"": ""tax_withholding""}, {""financial_entity"": ""fuente"", ""amount"": ""-3870.3"", ""detail"": ""tax_withholding""}, {""marca"": ""AMERICANINO""})""";AUTORIZADO
TRX0419;"({account_name"": ""account_olonmmeo"", ""callback_url"": ""https://transactionhub.vtexpayments.com.br/api/pvt/payment-provider/transactions/ED5UXHSJPVEE9VSED1W0JGVYCPMF4LVA"", ""delay_auto_settle"": ""7200"", ""merchant_name"": ""merchant_eumdaq"", ""monto"": 145000, ""vtex_transaction_id"": ""ED5UXHSJPVEE9VSED1W0JGVYCPMF4LVA})""";02/07/2026 2:00;BANCO_A;"{{""financial_entity"": ""aumento"", ""amount"": ""-2047.36"", ""detail"": ""tax_withholding""}, {""financial_entity"": ""cree"", ""amount"": ""-3077.05"", ""detail"": ""tax_withholding""}, {""financial_entity"": ""fuente"", ""amount"": ""-3282.03"", ""detail"": ""tax_withholding""}, {""financial_entity"": ""cree"", ""amount"": ""-1221.37"", ""detail"": ""tax_withholding""}, {""marca"": ""AMERICAN EAGLE""}]""";AUTORIZADO
TRX0420;"{""account_name"": ""account_hqwwpidh"", ""callback_url"": ""https://transactionhub.vtexpayments.com.br/api/pvt/payment-provider/transactions/DGJJIYJTMM1KZS596R2JH1ZZ9N6YOFBM"", ""delay_auto_settle"": ""1800"", ""merchant_name"": ""merchant_ejhqxd"", ""monto"": 165000, ""vtex_transaction_id"": ""DGJJIYJTMM1KZS596R2JH1ZZ9N6YOFBM}]""";06/07/2026 23:00;BANCO_C;"[{""financial_entity"": ""cree"", ""amount"": ""-4104.84"", ""detail"": ""tax_withholding""}, {""financial_entity"": ""fuente"", ""amount"": ""-287.5"", ""detail"": ""tax_withholding""}, {""marca"": ""NAF NAF""}]";AUTORIZADO
TRX0421;"[{account_name""account_eyhlyykr"", ""callback_url"": ""https://nexoflow.vtexpayments.com.br/api/pvt/payment-provider/transactions/61XZ5DJWC7Y3I4B5UIMFIAMQ97VE5XYY"", ""delay_auto_settle"": ""3600"", ""merchant_name"": ""merchant_gxvsmv"", ""monto"": 260000, ""vtex_transaction_id"": ""61XZ5DJWC7Y3I4B5UIMFIAMQ97VE5XYY}]""";02/07/2026 12:00;BANCO_A;"""[{""financial_entity"": ""aumento"", ""amount"": ""-2905.98"", ""detail"": ""tax_withholding""}, {""financial_entity"": ""aumento"", ""amount"": ""-299.86"", ""detail"": ""tax_withholding""}, {""marca"": ""AMERICAN EAGLE""}]""";AUTORIZADO
TRX0422;"[{account_name""account_phxewgoe"", ""callback_url"": ""https://transactionhub.vtexpayments.com.br/api/pvt/payment-provider/transactions/PN13T3MQ32WKZBLK6BTDN494VDGYXXAJ"", ""delay_auto_settle"": ""7200"", ""merchant_name"": ""merchant_ndtqie"", ""monto"": 410000, ""vtex_transaction_id"": ""PN13T3MQ32WKZBLK6BTDN494VDGYXXAJ}]""";07/07/2026 23:00;BANCO_A;"""[{""financial_entity"": ""fuente"", ""amount"": ""-2271.24"", ""detail"": ""tax_withholding""}, {""financial_entity"": ""ica"", ""amount"": ""-2025.26"", ""detail"": ""tax_withholding""}, {""financial_entity"": ""iva"", ""amount"": ""-807.51"", ""detail"": ""tax_withholding""}, {""marca"": ""AMERICAN EAGLE""}]""";AUTORIZADO
TRX0423;"{""account_name"": ""account_glzorogc"", ""callback_url"": ""https://quickpay.vtexpayments.com.br/api/pvt/payment-provider/transactions/D14CFN0U36CLXDQP9UU6Q4EDI1BDT58U"", ""delay_auto_settle"": ""3600"", ""merchant_name"": ""merchant_xxarxi"", ""monto"": 95000, ""vtex_transaction_id"": ""D14CFN0U36CLXDQP9UU6Q4EDI1BDT58U}]""";11/07/2026 19:00;BANCO_A;"({""financial_entity"": ""ica"", ""amount"": ""-670.87"", ""detail"": ""tax_withholding""}, {""financial_entity"": ""aumento"", ""amount"": ""-1554.49"", ""detail"": ""tax_withholding""}, {""marca"": ""RIFLE""})""";AUTORIZADO
TRX0424;"[{account_name"": ""account_bbyqzsbn"", ""callback_url"": ""https://transactionhub.vtexpayments.com.br/api/pvt/payment-provider/transactions/95S20UOWJK04OYS18RXMOCP2YVZ3RCRD"", ""delay_auto_settle"": ""1800"", ""merchant_name"": ""merchant_vrsrns"", ""monto"": 150000, ""vtex_transaction_id"": ""95S20UOWJK04OYS18RXMOCP2YVZ3RCRD""}]""""";11/07/2026 0:00;BANCO_A;"""[{""financial_entity"": ""iva"", ""amount"": ""-116.25"", ""detail"": ""tax_withholding""}, {""financial_entity"": ""ica"", ""amount"": ""-1266.0"", ""detail"": ""tax_withholding""}, {""marca"": ""RIFLE""}]""";AUTORIZADO
TRX0425;"[{account_name"": ""account_taqeocyh"", ""callback_url"": ""https://nexoflow.vtexpayments.com.br/api/pvt/payment-provider/transactions/2HHVU0SAHPDC9LLLW4S258M1WKX835WT"", ""delay_auto_settle"": ""1800"", ""merchant_name"": ""merchant_byhyja"", ""monto"": ""$198.000,00"", ""vtex_transaction_id"": ""2HHVU0SAHPDC9LLLW4S258M1WKX835WT""]";20/07/2026 13:00;BANCO_A;"[{""financial_entity"": ""iva"", ""amount"": ""-4521.09"", ""detail"": ""tax_withholding""}, {""financial_entity"": ""ica"", ""amount"": ""-4157.24"", ""detail"": ""tax_withholding""}, {""financial_entity"": ""ica"", ""amount"": ""-2071.37"", ""detail"": ""tax_withholding""}, {""financial_entity"": ""iva"", ""amount"": ""-3450.88"", ""detail"": ""tax_withholding""}, {""marca"": ""NAF NAF""}}]""""";AUTORIZADO
TRX0426;"({account_name"": ""account_zcsrdpch"", ""callback_url"": ""https://flowcash.vtexpayments.com.br/api/pvt/payment-provider/transactions/GUY5PCNM8L39KWFAXFVZ77LEB6SXYVSH"", ""delay_auto_settle"": ""1800"", ""merchant_name"": ""merchant_pysxey"", ""monto"": 165000, ""vtex_transaction_id"": ""GUY5PCNM8L39KWFAXFVZ77LEB6SXYVSH})""";20/07/2026 1:00;BANCO_C;"[{financial_entityfinancial_entity"": ""ica"", ""amount"": ""-1937.98"", ""detail"": ""tax_withholding""}, {""financial_entity"": ""aumento"", ""amount"": ""-3838.42"", ""detail"": ""tax_withholding""}, {""financial_entity"": ""iva"", ""amount"": ""-3083.38"", ""detail"": ""tax_withholding""}, {""financial_entity"": ""aumento"", ""amount"": ""-3973.71"", ""detail"": ""tax_withholding""}, {""marca"": ""AMERICAN EAGLE""}]""";AUTORIZADO
TRX0427;"({account_name"": ""account_knrsaxpk"", ""callback_url"": ""https://nexoflow.vtexpayments.com.br/api/pvt/payment-provider/transactions/UOGXG3R0SNWS7SUILUPM0ZNG7V6W1E99"", ""delay_auto_settle"": ""1800"", ""merchant_name"": ""merchant_wfrwsj"", ""monto"": 260000, ""vtex_transaction_id"": ""UOGXG3R0SNWS7SUILUPM0ZNG7V6W1E99})""";18/07/2026 17:00;BANCO_A;"""[{""financial_entity"": ""ica"", ""amount"": ""-4017.37"", ""detail"": ""tax_withholding""}, {""financial_entity"": ""cree"", ""amount"": ""-4784.93"", ""detail"": ""tax_withholding""}, {""marca"": ""NAF NAF""}]""";AUTORIZADO
TRX0428;"[{account_name"": ""account_jawormfj"", ""callback_url"": ""https://transitpay.vtexpayments.com.br/api/pvt/payment-provider/transactions/9IZLGYB9VPP7T0DYCB65PZ12UD63K69E"", ""delay_auto_settle"": ""3600"", ""merchant_name"": ""merchant_swvnyw"", ""monto"": ""150.000 COP"", ""monto"": 150000, ""vtex_transaction_id"": ""9IZLGYB9VPP7T0DYCB65PZ12UD63K69E""]";23/07/2026 11:00;BANCO_C;"[{""financial_entity"": ""fuente"", ""amount"": ""-541.78"", ""detail"": ""tax_withholding""}, {""financial_entity"": ""fuente"", ""amount"": ""-4820.92"", ""detail"": ""tax_withholding""}, {""financial_entity"": ""iva"", ""amount"": ""-386.35"", ""detail"": ""tax_withholding""}, {""marca"": ""RIFLE""}}]""""";AUTORIZADO
TRX0429;"({account_name"": ""account_eaazlfhp"", ""callback_url"": ""https://payflow.vtexpayments.com.br/api/pvt/payment-provider/transactions/0W5V9LAPB8LMZJHAQWIB05KMGL9Y6Q9H"", ""delay_auto_settle"": ""1800"", ""merchant_name"": ""merchant_qvyplt"", ""monto"": 175000, ""vtex_transaction_id"": ""0W5V9LAPB8LMZJHAQWIB05KMGL9Y6Q9H})""";24/07/2026 11:00;BANCO_C;"{{""financial_entity"": ""iva"", ""amount"": ""-3298.29"", ""detail"": ""tax_withholding""}, {""financial_entity"": ""aumento"", ""amount"": ""-1024.79"", ""detail"": ""tax_withholding""}, {""financial_entity"": ""cree"", ""amount"": ""-4495.3"", ""detail"": ""tax_withholding""}, {""marca"": ""RIFLE""}]""";AUTORIZADO
TRX0430;"[{account_name"": ""account_hjslyimf"", ""callback_url"": ""https://transactionhub.vtexpayments.com.br/api/pvt/payment-provider/transactions/DTMGNOLV4HQ88E765WJOXRX534KSD6KQ"", ""delay_auto_settle"": ""1800"", ""merchant_name"": ""merchant_mszwgf"", ""monto"": ""155.000 COP"", ""monto"": 155000, ""vtex_transaction_id"": ""DTMGNOLV4HQ88E765WJOXRX534KSD6KQ""]";16/07/2026 17:00;BANCO_C;"[{""financial_entity"": ""cree"", ""amount"": ""-254.52"", ""detail"": ""tax_withholding""}, {""financial_entity"": ""fuente"", ""amount"": ""-4058.96"", ""detail"": ""tax_withholding""}, {""marca"": ""CHEVIGNON""}]";AUTORIZADO
TRX0431;"""[{account_name"": ""account_myhzvhhd"", ""callback_url"": ""https://payflow.vtexpayments.com.br/api/pvt/payment-provider/transactions/GQQ22MISPIRJ04WIWRAR0J7RY5LS8N9M"", ""delay_auto_settle"": ""7200"", ""merchant_name"": ""merchant_thzipm"", ""monto"": ""225.000 COP"", ""monto"": 225000, ""vtex_transaction_id"": ""GQQ22MISPIRJ04WIWRAR0J7RY5LS8N9M}]""";15/07/2026 9:00;BANCO_B;"[{financial_entityfinancial_entity"": ""ica"", ""amount"": ""-671.79"", ""detail"": ""tax_withholding""}, {""financial_entity"": ""fuente"", ""amount"": ""-2719.31"", ""detail"": ""tax_withholding""}, {""marca"": ""NAF NAF""}]""";AUTORIZADO
TRX0432;"[{account_name"": ""account_rjzmroqp"", ""callback_url"": ""https://transactionhub.vtexpayments.com.br/api/pvt/payment-provider/transactions/XFC4UMX1QCXZFD1ER54W6BUX5389I6EL"", ""delay_auto_settle"": ""3600"", ""merchant_name"": ""merchant_oyhmmn"", ""monto"": ""165.000 COP"", ""monto"": 165000, ""vtex_transaction_id"": ""XFC4UMX1QCXZFD1ER54W6BUX5389I6EL""]";11/07/2026 11:00;BANCO_A;"""[{""financial_entity"": ""cree"", ""amount"": ""-1645.0"", ""detail"": ""tax_withholding""}, {""financial_entity"": ""cree"", ""amount"": ""-2060.75"", ""detail"": ""tax_withholding""}, {""financial_entity"": ""aumento"", ""amount"": ""-2405.61"", ""detail"": ""tax_withholding""}, {""marca"": ""AMERICAN EAGLE""}]""";AUTORIZADO
TRX0433;"""[{account_name"": ""account_dkhddnjd"", ""callback_url"": ""https://flowcash.vtexpayments.com.br/api/pvt/payment-provider/transactions/KDZJ31ZZ7QK85E1JK5JVV9P1TFR4Z2FM"", ""delay_auto_settle"": ""7200"", ""merchant_name"": ""merchant_vnkkhg"", ""monto"": 198000, ""vtex_transaction_id"": ""KDZJ31ZZ7QK85E1JK5JVV9P1TFR4Z2FM}]""";15/07/2026 9:00;BANCO_B;"[{""financial_entity"": ""fuente"", ""amount"": ""-1318.96"", ""detail"": ""tax_withholding""}, {""financial_entity"": ""ica"", ""amount"": ""-343.21"", ""detail"": ""tax_withholding""}, {""marca"": ""NAF NAF""}}]""""";AUTORIZADO
TRX0434;"[{account_name""account_gqgjdcat"", ""callback_url"": ""https://payflow.vtexpayments.com.br/api/pvt/payment-provider/transactions/XENUGJ65YZAMHQ4ND8KXIT7Q65T5L9K9"", ""delay_auto_settle"": ""3600"", ""merchant_name"": ""merchant_gswweu"", ""monto\"": 320000, ""vtex_transaction_id"": ""XENUGJ65YZAMHQ4ND8KXIT7Q65T5L9K9}]""";30/07/2026 5:00;BANCO_C;"[{financial_entityfinancial_entity"": ""cree"", ""amount"": ""-344.47"", ""detail"": ""tax_withholding""}, {""financial_entity"": ""aumento"", ""amount"": ""-4045.62"", ""detail"": ""tax_withholding""}, {""financial_entity"": ""fuente"", ""amount"": ""-1999.41"", ""detail"": ""tax_withholding""}, {""marca\"": ""CHEVIGNON""}]""";AUTORIZADO
TRX0435;"{""account_name"": ""account_ugptefmg"", ""callback_url"": ""https://transactionhub.vtexpayments.com.br/api/pvt/payment-provider/transactions/8CRQ2XEJ4DVN5HECF20Z2TP53JE6TEO1"", ""delay_auto_settle"": ""1800"", ""merchant_name"": ""merchant_gknbdg"", ""monto"": 195000, ""vtex_transaction_id"": ""8CRQ2XEJ4DVN5HECF20Z2TP53JE6TEO1}]""";07/07/2026 22:00;BANCO_B;"{{""financial_entity"": ""ica"", ""amount"": ""-403.35"", ""detail"": ""tax_withholding""}, {""financial_entity"": ""cree"", ""amount"": ""-3230.95"", ""detail"": ""tax_withholding""}, {""financial_entity"": ""ica"", ""amount"": ""-2077.88"", ""detail"": ""tax_withholding""}, {""financial_entity"": ""aumento"", ""amount"": ""-2979.87"", ""detail"": ""tax_withholding""}, {""marca"": ""RIFLE""}]""";AUTORIZADO
TRX0436;"[{account_name"": ""account_cunluvtr"", ""callback_url"": ""https://transactionhub.vtexpayments.com.br/api/pvt/payment-provider/transactions/EYRJ0GUELOT992GFC2UNK34ORVLUZR6I"", ""delay_auto_settle"": ""1800"", ""merchant_name"": ""merchant_eekgih"", ""monto"": 225000, ""vtex_transaction_id"": ""EYRJ0GUELOT992GFC2UNK34ORVLUZR6I""}]""""";04/07/2026 14:00;BANCO_B;"({""financial_entity"": ""ica"", ""amount"": ""-192.72"", ""detail"": ""tax_withholding""}, {""financial_entity"": ""fuente"", ""amount"": ""-170.23"", ""detail"": ""tax_withholding""}, {""financial_entity"": ""iva"", ""amount"": ""-251.78"", ""detail"": ""tax_withholding""}, {""marca"": ""NAF NAF""})""";AUTORIZADO
TRX0437;"[{account_name""account_xohcndvj"", ""callback_url"": ""https://flowcash.vtexpayments.com.br/api/pvt/payment-provider/transactions/HLRVG8AGLRFG58JO42YEGZZ6M3EB4PGT"", ""delay_auto_settle"": ""3600"", ""merchant_name"": ""merchant_sytptc"", ""monto"": ""155.000 COP"", ""monto"": 155000, ""vtex_transaction_id"": ""HLRVG8AGLRFG58JO42YEGZZ6M3EB4PGT}]""";04/07/2026 3:00;BANCO_A;"({""financial_entity"": ""cree"", ""amount"": ""-4812.1"", ""detail"": ""tax_withholding""}, {""financial_entity"": ""cree"", ""amount"": ""-4896.48"", ""detail"": ""tax_withholding""}, {""marca"": ""CHEVIGNON""})""";AUTORIZADO
TRX0438;"({account_name"": ""account_nrcafhzk"", ""callback_url"": ""https://transitpay.vtexpayments.com.br/api/pvt/payment-provider/transactions/UZZ49G0889L5QSUQ0PRA8YRQ8GLPOJ0K"", ""delay_auto_settle"": ""3600"", ""merchant_name"": ""merchant_bgkkfs"", ""monto"": 310000, ""vtex_transaction_id"": ""UZZ49G0889L5QSUQ0PRA8YRQ8GLPOJ0K})""";09/07/2026 11:00;BANCO_B;"[{financial_entityfinancial_entity"": ""aumento"", ""amount"": ""-1091.94"", ""detail"": ""tax_withholding""}, {""financial_entity"": ""aumento"", ""amount"": ""-729.53"", ""detail"": ""tax_withholding""}, {""financial_entity"": ""ica"", ""amount"": ""-1916.26"", ""detail"": ""tax_withholding""}, {""financial_entity"": ""cree"", ""amount"": ""-4318.57"", ""detail"": ""tax_withholding""}, {""marca"": ""CHEVIGNON""}]""";AUTORIZADO
TRX0439;"[{account_name"": ""account_umckzatk"", ""callback_url"": ""https://transactionhub.vtexpayments.com.br/api/pvt/payment-provider/transactions/RSOC05IED8LOLB2IAW6SG47IDGDEXY3T"", ""delay_auto_settle"": ""7200"", ""merchant_name"": ""merchant_akoxup"", ""monto"": ""$125.000,00"", ""vtex_transaction_id"": ""RSOC05IED8LOLB2IAW6SG47IDGDEXY3T""]";06/07/2026 21:00;BANCO_A;"[{financial_entityfinancial_entity"": ""cree"", ""amount"": ""-4499.56"", ""detail"": ""tax_withholding""}, {""financial_entity"": ""cree"", ""amount"": ""-1892.56"", ""detail"": ""tax_withholding""}, {""marca"": ""AMERICANINO""}]""";AUTORIZADO
TRX0440;"[{account_name"": ""account_ckhqquhq"", ""callback_url"": ""https://transactionhub.vtexpayments.com.br/api/pvt/payment-provider/transactions/M42WGIZR3Y12J1RHLNST0MM7NE558GRQ"", ""delay_auto_settle"": ""3600"", ""merchant_name"": ""merchant_cesnfi"", ""monto"": 150000, ""vtex_transaction_id"": ""M42WGIZR3Y12J1RHLNST0MM7NE558GRQ""]";14/07/2026 6:00;BANCO_B;"[{""financial_entity"": ""fuente"", ""amount"": ""-1200.27"", ""detail"": ""tax_withholding""}, {""financial_entity"": ""cree"", ""amount"": ""-117.38"", ""detail"": ""tax_withholding""}, {""marca"": ""CHEVIGNON""}}]""""";AUTORIZADO
TRX0441;"[{account_name"": ""account_hyvsgfkr"", ""callback_url"": ""https://quickpay.vtexpayments.com.br/api/pvt/payment-provider/transactions/NM05M7IIOC1NPU1PV103Y1T70GA4BV4F"", ""delay_auto_settle"": ""1800"", ""merchant_name"": ""merchant_ushbgt"", ""monto"": 195000, ""vtex_transaction_id"": ""NM05M7IIOC1NPU1PV103Y1T70GA4BV4F""]";03/07/2026 21:00;BANCO_A;"[{""financial_entity"": ""cree"", ""amount"": ""-3388.45"", ""detail"": ""tax_withholding""}, {""financial_entity"": ""ica"", ""amount"": ""-4411.41"", ""detail"": ""tax_withholding""}, {""financial_entity"": ""fuente"", ""amount"": ""-2782.49"", ""detail"": ""tax_withholding""}, {""marca"": ""NAF NAF""}}]""""";AUTORIZADO
TRX0442;"[{account_name"": ""account_daujdrpd"", ""callback_url"": ""https://transactionhub.vtexpayments.com.br/api/pvt/payment-provider/transactions/CG56DGZOUG9UMUFFPLL7BOLP7RWSVCYF"", ""delay_auto_settle"": ""7200"", ""merchant_name"": ""merchant_txmuxo"", ""monto"": ""225.000 COP"", ""monto"": 225000, ""vtex_transaction_id"": ""CG56DGZOUG9UMUFFPLL7BOLP7RWSVCYF""}]""""";13/07/2026 7:00;BANCO_C;"[{""financial_entity"": ""cree"", ""amount"": ""-1254.08"", ""detail"": ""tax_withholding""}, {""financial_entity"": ""iva"", ""amount"": ""-3618.47"", ""detail"": ""tax_withholding""}, {""marca"": ""CHEVIGNON""}]";AUTORIZADO
TRX0443;"{""account_name"": ""account_uknjrpin"", ""callback_url"": ""https://payflow.vtexpayments.com.br/api/pvt/payment-provider/transactions/PGT68V1I9JLYYRKZHR8OSA0UYTRPJWXV"", ""delay_auto_settle"": ""7200"", ""merchant_name"": ""merchant_wnpbfk"", ""monto"": 1590000, ""vtex_transaction_id"": ""PGT68V1I9JLYYRKZHR8OSA0UYTRPJWXV}]""";11/07/2026 8:00;BANCO_A;"{{""financial_entity"": ""aumento"", ""amount"": ""-1892.89"", ""detail"": ""tax_withholding""}, {""financial_entity"": ""ica"", ""amount"": ""-4833.41"", ""detail"": ""tax_withholding""}, {""marca"": ""AMERICAN EAGLE""}]""";AUTORIZADO
TRX0444;"""[{account_name"": ""account_xgibcwew"", ""callback_url"": ""https://transitpay.vtexpayments.com.br/api/pvt/payment-provider/transactions/X1TYQO1D2YIBFCT8GOAR6MYPDNHZMHGE"", ""delay_auto_settle"": ""1800"", ""merchant_name"": ""merchant_zwoupm"", ""monto"": 195000, ""vtex_transaction_id"": ""X1TYQO1D2YIBFCT8GOAR6MYPDNHZMHGE}]""";10/07/2026 22:00;BANCO_C;"[{financial_entityfinancial_entity"": ""ica"", ""amount"": ""-4144.31"", ""detail"": ""tax_withholding""}, {""financial_entity"": ""ica"", ""amount"": ""-3305.67"", ""detail"": ""tax_withholding""}, {""financial_entity"": ""aumento"", ""amount"": ""-590.48"", ""detail"": ""tax_withholding""}, {""marca"": ""AMERICANINO""}]""";AUTORIZADO
TRX0445;"[{account_name"": ""account_eenhithb"", ""callback_url"": ""https://transactionhub.vtexpayments.com.br/api/pvt/payment-provider/transactions/DVQIW48NM1Q7WH4UFO4GGTEW5C54LUSX"", ""delay_auto_settle"": ""3600"", ""merchant_name"": ""merchant_xmpwwc"", ""monto"": ""$310.000,00"", ""vtex_transaction_id"": ""DVQIW48NM1Q7WH4UFO4GGTEW5C54LUSX""]";13/07/2026 6:00;BANCO_B;"({""financial_entity"": ""aumento"", ""amount"": ""-2149.06"", ""detail"": ""tax_withholding""}, {""financial_entity"": ""aumento"", ""amount"": ""-3504.36"", ""detail"": ""tax_withholding""}, {""financial_entity"": ""cree"", ""amount"": ""-1851.16"", ""detail"": ""tax_withholding""}, {""marca"": ""NAF NAF""})""";AUTORIZADO
TRX0446;"{""account_name"": ""account_ubtodgqw"", ""callback_url"": ""https://payflow.vtexpayments.com.br/api/pvt/payment-provider/transactions/VS2LUI86P3NCBAN7YYHD008SYR9DTS0L"", ""delay_auto_settle"": ""7200"", ""merchant_name"": ""merchant_dexwgz"", ""monto\"": 155000, ""vtex_transaction_id"": ""VS2LUI86P3NCBAN7YYHD008SYR9DTS0L}]""";14/07/2026 6:00;BANCO_B;"{{""financial_entity"": ""ica"", ""amount"": ""-1072.09"", ""detail"": ""tax_withholding""}, {""financial_entity"": ""cree"", ""amount"": ""-4561.6"", ""detail"": ""tax_withholding""}, {""financial_entity"": ""ica"", ""amount"": ""-1152.6"", ""detail"": ""tax_withholding""}, {""marca\"": ""RIFLE""}]""";AUTORIZADO
TRX0447;"""[{account_name"": ""account_kddyeedh"", ""callback_url"": ""https://payflow.vtexpayments.com.br/api/pvt/payment-provider/transactions/Q2U3CUMGED63LEFLZVK4F2ADV0BZ3W94"", ""delay_auto_settle"": ""1800"", ""merchant_name"": ""merchant_rbqmoj"", ""monto"": 410000, ""vtex_transaction_id"": ""Q2U3CUMGED63LEFLZVK4F2ADV0BZ3W94}]""";22/07/2026 3:00;BANCO_A;"[{""financial_entity"": ""ica"", ""amount"": ""-2513.05"", ""detail"": ""tax_withholding""}, {""financial_entity"": ""aumento"", ""amount"": ""-604.97"", ""detail"": ""tax_withholding""}, {""financial_entity"": ""cree"", ""amount"": ""-1254.77"", ""detail"": ""tax_withholding""}, {""financial_entity"": ""iva"", ""amount"": ""-4894.47"", ""detail"": ""tax_withholding""}, {""marca"": ""AMERICANINO""}}]""""";AUTORIZADO
TRX0448;"{""account_name"": ""account_vmsytqhy"", ""callback_url"": ""https://nexoflow.vtexpayments.com.br/api/pvt/payment-provider/transactions/VROBWSYQGTVO04VWKTXY7ABTF8DFVP4L"", ""delay_auto_settle"": ""7200"", ""merchant_name"": ""merchant_sserdw"", ""monto"": ""$250.000,00"", ""vtex_transaction_id"": ""VROBWSYQGTVO04VWKTXY7ABTF8DFVP4L}]""";05/07/2026 18:00;BANCO_C;"({""financial_entity"": ""aumento"", ""amount"": ""-281.51"", ""detail"": ""tax_withholding""}, {""financial_entity"": ""aumento"", ""amount"": ""-4630.51"", ""detail"": ""tax_withholding""}, {""financial_entity"": ""aumento"", ""amount"": ""-769.07"", ""detail"": ""tax_withholding""}, {""financial_entity"": ""cree"", ""amount"": ""-2179.93"", ""detail"": ""tax_withholding""}, {""marca"": ""NAF NAF""})""";AUTORIZADO
TRX0449;"[{account_name""account_kogbeosa"", ""callback_url"": ""https://transactionhub.vtexpayments.com.br/api/pvt/payment-provider/transactions/KAWYOTJRFEK7TWQN1IBRDZL6NG7RJEOY"", ""delay_auto_settle"": ""7200"", ""merchant_name"": ""merchant_hnfmye"", ""monto"": 180000, ""vtex_transaction_id"": ""KAWYOTJRFEK7TWQN1IBRDZL6NG7RJEOY}]""";18/07/2026 23:00;BANCO_B;"{{""financial_entity"": ""fuente"", ""amount"": ""-327.73"", ""detail"": ""tax_withholding""}, {""financial_entity"": ""cree"", ""amount"": ""-3376.94"", ""detail"": ""tax_withholding""}, {""marca"": ""RIFLE""}]""";AUTORIZADO
TRX0450;"{""account_name"": ""account_ocujultr"", ""callback_url"": ""https://transitpay.vtexpayments.com.br/api/pvt/payment-provider/transactions/VLW83TQFWIZ4QVYC0I07FZYOJBXWZPWZ"", ""delay_auto_settle"": ""7200"", ""merchant_name"": ""merchant_sasnsk"", ""monto"": 198000, ""vtex_transaction_id"": ""VLW83TQFWIZ4QVYC0I07FZYOJBXWZPWZ}]""";15/07/2026 20:00;BANCO_C;"""[{""financial_entity"": ""fuente"", ""amount"": ""-1893.26"", ""detail"": ""tax_withholding""}, {""financial_entity"": ""ica"", ""amount"": ""-3408.61"", ""detail"": ""tax_withholding""}, {""financial_entity"": ""cree"", ""amount"": ""-3885.89"", ""detail"": ""tax_withholding""}, {""marca"": ""AMERICANINO""}]""";AUTORIZADO
TRX0451;"{""account_name"": ""account_glwwgeph"", ""callback_url"": ""https://payflow.vtexpayments.com.br/api/pvt/payment-provider/transactions/HZKDHAIY6BDBHYNVY0MTLYKCA9OJTH9T"", ""delay_auto_settle"": ""3600"", ""merchant_name"": ""merchant_jqxgch"", ""monto"": 210000, ""vtex_transaction_id"": ""HZKDHAIY6BDBHYNVY0MTLYKCA9OJTH9T}]""";02/07/2026 18:00;BANCO_C;"{{""financial_entity"": ""fuente"", ""amount"": ""-4634.99"", ""detail"": ""tax_withholding""}, {""financial_entity"": ""fuente"", ""amount"": ""-849.85"", ""detail"": ""tax_withholding""}, {""financial_entity"": ""cree"", ""amount"": ""-3046.66"", ""detail"": ""tax_withholding""}, {""financial_entity"": ""ica"", ""amount"": ""-453.37"", ""detail"": ""tax_withholding""}, {""marca"": ""RIFLE""}]""";AUTORIZADO
TRX0452;"""[{account_name"": ""account_plrxroly"", ""callback_url"": ""https://quickpay.vtexpayments.com.br/api/pvt/payment-provider/transactions/KBGR80L7IWFZOI012XJNUP351CKY6U5W"", ""delay_auto_settle"": ""1800"", ""merchant_name"": ""merchant_evmifp"", ""monto"": 155000, ""vtex_transaction_id"": ""KBGR80L7IWFZOI012XJNUP351CKY6U5W}]""";10/07/2026 12:00;BANCO_C;"[{""financial_entity"": ""fuente"", ""amount"": ""-1728.64"", ""detail"": ""tax_withholding""}, {""financial_entity"": ""iva"", ""amount"": ""-561.23"", ""detail"": ""tax_withholding""}, {""financial_entity"": ""cree"", ""amount"": ""-2663.71"", ""detail"": ""tax_withholding""}, {""financial_entity"": ""ica"", ""amount"": ""-169.75"", ""detail"": ""tax_withholding""}, {""marca"": ""NAF NAF""}]";AUTORIZADO
TRX0453;"({account_name"": ""account_ilspyvur"", ""callback_url"": ""https://quickpay.vtexpayments.com.br/api/pvt/payment-provider/transactions/Q7XCDAA466TFCF49Y3OSNE4FQB0GG87D"", ""delay_auto_settle"": ""1800"", ""merchant_name"": ""merchant_mmgmej"", ""monto"": 155000, ""vtex_transaction_id"": ""Q7XCDAA466TFCF49Y3OSNE4FQB0GG87D})""";12/07/2026 11:00;BANCO_A;"[{financial_entityfinancial_entity"": ""fuente"", ""amount"": ""-4227.1"", ""detail"": ""tax_withholding""}, {""financial_entity"": ""aumento"", ""amount"": ""-2038.06"", ""detail"": ""tax_withholding""}, {""financial_entity"": ""iva"", ""amount"": ""-694.36"", ""detail"": ""tax_withholding""}, {""financial_entity"": ""fuente"", ""amount"": ""-1725.37"", ""detail"": ""tax_withholding""}, {""marca"": ""CHEVIGNON""}]""";AUTORIZADO
TRX0454;"({account_name"": ""account_fjalfypk"", ""callback_url"": ""https://flowcash.vtexpayments.com.br/api/pvt/payment-provider/transactions/GL82KZ8SSOP1DVI7NY0JVLZ4GW1Z7KSP"", ""delay_auto_settle"": ""7200"", ""merchant_name"": ""merchant_jfryji"", ""monto"": 125000, ""vtex_transaction_id"": ""GL82KZ8SSOP1DVI7NY0JVLZ4GW1Z7KSP})""";08/07/2026 2:00;BANCO_B;"[{financial_entityfinancial_entity"": ""ica"", ""amount"": ""-4433.12"", ""detail"": ""tax_withholding""}, {""financial_entity"": ""iva"", ""amount"": ""-3494.41"", ""detail"": ""tax_withholding""}, {""financial_entity"": ""fuente"", ""amount"": ""-1606.79"", ""detail"": ""tax_withholding""}, {""financial_entity"": ""iva"", ""amount"": ""-2767.96"", ""detail"": ""tax_withholding""}, {""marca"": ""AMERICAN EAGLE""}]""";AUTORIZADO
TRX0455;"[{account_name"": ""account_huuolxet"", ""callback_url"": ""https://transitpay.vtexpayments.com.br/api/pvt/payment-provider/transactions/FZ44VVLCBWN4SQQ4R6YF7BQ3T7J6HGRD"", ""delay_auto_settle"": ""3600"", ""merchant_name"": ""merchant_giuqnz"", ""monto"": ""$410.000,00"", ""vtex_transaction_id"": ""FZ44VVLCBWN4SQQ4R6YF7BQ3T7J6HGRD""]";10/07/2026 5:00;BANCO_C;"[{financial_entityfinancial_entity"": ""iva"", ""amount"": ""-1646.09"", ""detail"": ""tax_withholding""}, {""financial_entity"": ""aumento"", ""amount"": ""-119.51"", ""detail"": ""tax_withholding""}, {""financial_entity"": ""fuente"", ""amount"": ""-4863.59"", ""detail"": ""tax_withholding""}, {""marca"": ""NAF NAF""}]""";AUTORIZADO
TRX0456;"[{account_name"": ""account_vdldwnzj"", ""callback_url"": ""https://transactionhub.vtexpayments.com.br/api/pvt/payment-provider/transactions/LI9UCJ4Q48KJS1BR4W7F1N87TWA6R4ID"", ""delay_auto_settle"": ""1800"", ""merchant_name"": ""merchant_piqwyk"", ""monto"": ""289.000 COP"", ""monto"": 289000, ""vtex_transaction_id"": ""LI9UCJ4Q48KJS1BR4W7F1N87TWA6R4ID""]";15/07/2026 7:00;BANCO_C;"[{financial_entityfinancial_entity"": ""aumento"", ""amount"": ""-672.49"", ""detail"": ""tax_withholding""}, {""financial_entity"": ""cree"", ""amount"": ""-339.74"", ""detail"": ""tax_withholding""}, {""financial_entity"": ""cree"", ""amount"": ""-2332.53"", ""detail"": ""tax_withholding""}, {""marca"": ""AMERICAN EAGLE""}]""";AUTORIZADO
TRX0457;"{""account_name"": ""account_crdoycha"", ""callback_url"": ""https://transactionhub.vtexpayments.com.br/api/pvt/payment-provider/transactions/RSG10S2ZN8LNLJBODIBDBI31FYW705PJ"", ""delay_auto_settle"": ""1800"", ""merchant_name"": ""merchant_tjdubd"", ""monto\"": 310000, ""vtex_transaction_id"": ""RSG10S2ZN8LNLJBODIBDBI31FYW705PJ}]""";20/07/2026 18:00;BANCO_B;"[{financial_entityfinancial_entity"": ""aumento"", ""amount"": ""-4206.43"", ""detail"": ""tax_withholding""}, {""financial_entity"": ""ica"", ""amount"": ""-722.12"", ""detail"": ""tax_withholding""}, {""financial_entity"": ""ica"", ""amount"": ""-1450.27"", ""detail"": ""tax_withholding""}, {""financial_entity"": ""iva"", ""amount"": ""-4552.48"", ""detail"": ""tax_withholding""}, {""marca\"": ""NAF NAF""}]""";AUTORIZADO
TRX0458;"[{account_name"": ""account_ehvscotl"", ""callback_url"": ""https://nexoflow.vtexpayments.com.br/api/pvt/payment-provider/transactions/WTFIE9E0ZC5F1ZZ6JDWN1Y4KPMLSXF13"", ""delay_auto_settle"": ""3600"", ""merchant_name"": ""merchant_tizvnr"", ""monto"": 195000, ""vtex_transaction_id"": ""WTFIE9E0ZC5F1ZZ6JDWN1Y4KPMLSXF13""]";19/07/2026 20:00;BANCO_C;"[{financial_entityfinancial_entity"": ""cree"", ""amount"": ""-2685.74"", ""detail"": ""tax_withholding""}, {""financial_entity"": ""fuente"", ""amount"": ""-216.45"", ""detail"": ""tax_withholding""}, {""marca"": ""AMERICANINO""}]""";AUTORIZADO
TRX0459;"""[{account_name"": ""account_hubwdyek"", ""callback_url"": ""https://nexoflow.vtexpayments.com.br/api/pvt/payment-provider/transactions/0HCFBTOCSB14DMZWJT7CCNRXK5GSRCVX"", ""delay_auto_settle"": ""7200"", ""merchant_name"": ""merchant_tfocfb"", ""monto"": ""205.000 COP"", ""monto"": 205000, ""vtex_transaction_id"": ""0HCFBTOCSB14DMZWJT7CCNRXK5GSRCVX}]""";10/07/2026 21:00;BANCO_C;"[{""financial_entity"": ""aumento"", ""amount"": ""-1120.91"", ""detail"": ""tax_withholding""}, {""financial_entity"": ""aumento"", ""amount"": ""-1959.9"", ""detail"": ""tax_withholding""}, {""financial_entity"": ""iva"", ""amount"": ""-1418.93"", ""detail"": ""tax_withholding""}, {""financial_entity"": ""aumento"", ""amount"": ""-1727.96"", ""detail"": ""tax_withholding""}, {""marca"": ""NAF NAF""}]";AUTORIZADO
TRX0460;"[{account_name"": ""account_ahlheqfj"", ""callback_url"": ""https://quickpay.vtexpayments.com.br/api/pvt/payment-provider/transactions/NLZDZEBLAW3NJ1T4G72XOF1EMA6MFKWH"", ""delay_auto_settle"": ""1800"", ""merchant_name"": ""merchant_xznyuo"", ""monto"": ""320.000 COP"", ""monto"": 320000, ""vtex_transaction_id"": ""NLZDZEBLAW3NJ1T4G72XOF1EMA6MFKWH""]";18/07/2026 10:00;BANCO_C;"""[{""financial_entity"": ""ica"", ""amount"": ""-1359.72"", ""detail"": ""tax_withholding""}, {""financial_entity"": ""fuente"", ""amount"": ""-891.03"", ""detail"": ""tax_withholding""}, {""financial_entity"": ""fuente"", ""amount"": ""-155.44"", ""detail"": ""tax_withholding""}, {""financial_entity"": ""fuente"", ""amount"": ""-216.52"", ""detail"": ""tax_withholding""}, {""marca"": ""CHEVIGNON""}]""";AUTORIZADO
TRX0461;"[{account_name"": ""account_yeobbalx"", ""callback_url"": ""https://payflow.vtexpayments.com.br/api/pvt/payment-provider/transactions/WBNB49TSBGARU8ZZM36KB4UYHIF6OBOO"", ""delay_auto_settle"": ""7200"", ""merchant_name"": ""merchant_tbfjnq"", ""monto"": 150000, ""vtex_transaction_id"": ""WBNB49TSBGARU8ZZM36KB4UYHIF6OBOO""}]""""";09/07/2026 9:00;BANCO_B;"{{""financial_entity"": ""iva"", ""amount"": ""-3335.39"", ""detail"": ""tax_withholding""}, {""financial_entity"": ""aumento"", ""amount"": ""-3915.33"", ""detail"": ""tax_withholding""}, {""marca"": ""RIFLE""}]""";AUTORIZADO
TRX0462;"""[{account_name"": ""account_vuxarznu"", ""callback_url"": ""https://quickpay.vtexpayments.com.br/api/pvt/payment-provider/transactions/DMBYPYY5OKLO00TGNDFCIQEC482UV3ZP"", ""delay_auto_settle"": ""7200"", ""merchant_name"": ""merchant_swvubt"", ""monto"": 205000, ""vtex_transaction_id"": ""DMBYPYY5OKLO00TGNDFCIQEC482UV3ZP}]""";11/07/2026 5:00;BANCO_B;"{{""financial_entity"": ""cree"", ""amount"": ""-4761.02"", ""detail"": ""tax_withholding""}, {""financial_entity"": ""cree"", ""amount"": ""-118.61"", ""detail"": ""tax_withholding""}, {""marca"": ""NAF NAF""}]""";AUTORIZADO
TRX0463;"[{account_name""account_dcnphzzj"", ""callback_url"": ""https://nexoflow.vtexpayments.com.br/api/pvt/payment-provider/transactions/OG0NKJ8BIPUV09YCZBDPWB7Z39H95P2B"", ""delay_auto_settle"": ""1800"", ""merchant_name"": ""merchant_kxipng"", ""monto"": 310000, ""vtex_transaction_id"": ""OG0NKJ8BIPUV09YCZBDPWB7Z39H95P2B}]""";18/07/2026 7:00;BANCO_C;"[{financial_entityfinancial_entity"": ""fuente"", ""amount"": ""-4199.64"", ""detail"": ""tax_withholding""}, {""financial_entity"": ""cree"", ""amount"": ""-3366.5"", ""detail"": ""tax_withholding""}, {""financial_entity"": ""fuente"", ""amount"": ""-1469.1"", ""detail"": ""tax_withholding""}, {""marca"": ""NAF NAF""}]""";AUTORIZADO
TRX0464;"({account_name"": ""account_fckneyzt"", ""callback_url"": ""https://flowcash.vtexpayments.com.br/api/pvt/payment-provider/transactions/LKWXI7NKETMG8UC43N1XSWSXQDBU9LO5"", ""delay_auto_settle"": ""7200"", ""merchant_name"": ""merchant_kzijwk"", ""monto"": ""$180.000,00"", ""vtex_transaction_id"": ""LKWXI7NKETMG8UC43N1XSWSXQDBU9LO5})""";03/07/2026 9:00;BANCO_C;"[{financial_entityfinancial_entity"": ""fuente"", ""amount"": ""-1433.54"", ""detail"": ""tax_withholding""}, {""financial_entity"": ""cree"", ""amount"": ""-618.78"", ""detail"": ""tax_withholding""}, {""financial_entity"": ""iva"", ""amount"": ""-3648.54"", ""detail"": ""tax_withholding""}, {""marca"": ""AMERICANINO""}]""";AUTORIZADO
TRX0465;"[{account_name""account_ikhqcohi"", ""callback_url"": ""https://payflow.vtexpayments.com.br/api/pvt/payment-provider/transactions/QQS4GD8MF9Z4O6T5C3ZF5H6LID7XZ44K"", ""delay_auto_settle"": ""1800"", ""merchant_name"": ""merchant_dyvilq"", ""monto\"": 125000, ""vtex_transaction_id"": ""QQS4GD8MF9Z4O6T5C3ZF5H6LID7XZ44K}]""";19/07/2026 3:00;BANCO_A;"({""financial_entity"": ""aumento"", ""amount"": ""-1223.23"", ""detail"": ""tax_withholding""}, {""financial_entity"": ""cree"", ""amount"": ""-2238.21"", ""detail"": ""tax_withholding""}, {""marca\"": ""CHEVIGNON""})""";AUTORIZADO
TRX0466;"({account_name"": ""account_hhyqwpqo"", ""callback_url"": ""https://transitpay.vtexpayments.com.br/api/pvt/payment-provider/transactions/6UUUS1UTI6R7KM23CX6X5E8VYJUVLS10"", ""delay_auto_settle"": ""7200"", ""merchant_name"": ""merchant_arasvw"", ""monto"": 95000, ""vtex_transaction_id"": ""6UUUS1UTI6R7KM23CX6X5E8VYJUVLS10})""";04/07/2026 5:00;BANCO_A;"[{financial_entityfinancial_entity"": ""ica"", ""amount"": ""-4563.7"", ""detail"": ""tax_withholding""}, {""financial_entity"": ""iva"", ""amount"": ""-753.41"", ""detail"": ""tax_withholding""}, {""financial_entity"": ""aumento"", ""amount"": ""-3779.6"", ""detail"": ""tax_withholding""}, {""financial_entity"": ""iva"", ""amount"": ""-112.06"", ""detail"": ""tax_withholding""}, {""marca"": ""CHEVIGNON""}]""";AUTORIZADO
TRX0467;"{""account_name"": ""account_vbpxyayd"", ""callback_url"": ""https://transitpay.vtexpayments.com.br/api/pvt/payment-provider/transactions/3O1NYT8WDU2PMAZY5PCQ9QA5040N4BJ1"", ""delay_auto_settle"": ""7200"", ""merchant_name"": ""merchant_jbidoc"", ""monto"": 210000, ""vtex_transaction_id"": ""3O1NYT8WDU2PMAZY5PCQ9QA5040N4BJ1}]""";05/07/2026 10:00;BANCO_A;"[{""financial_entity"": ""ica"", ""amount"": ""-4064.71"", ""detail"": ""tax_withholding""}, {""financial_entity"": ""cree"", ""amount"": ""-2173.19"", ""detail"": ""tax_withholding""}, {""financial_entity"": ""cree"", ""amount"": ""-1496.81"", ""detail"": ""tax_withholding""}, {""marca"": ""CHEVIGNON""}]";AUTORIZADO
TRX0468;"[{account_name""account_rjaohyvk"", ""callback_url"": ""https://payflow.vtexpayments.com.br/api/pvt/payment-provider/transactions/PD0JQX561SWY9D33ESIYFD439UHC130M"", ""delay_auto_settle"": ""1800"", ""merchant_name"": ""merchant_vuufsw"", ""monto"": ""$260.000,00"", ""vtex_transaction_id"": ""PD0JQX561SWY9D33ESIYFD439UHC130M}]""";16/07/2026 10:00;BANCO_C;"({""financial_entity"": ""ica"", ""amount"": ""-4166.42"", ""detail"": ""tax_withholding""}, {""financial_entity"": ""fuente"", ""amount"": ""-114.66"", ""detail"": ""tax_withholding""}, {""financial_entity"": ""cree"", ""amount"": ""-4100.67"", ""detail"": ""tax_withholding""}, {""financial_entity"": ""ica"", ""amount"": ""-2379.46"", ""detail"": ""tax_withholding""}, {""marca"": ""NAF NAF""})""";AUTORIZADO
TRX0469;"""[{account_name"": ""account_krqcfjch"", ""callback_url"": ""https://transactionhub.vtexpayments.com.br/api/pvt/payment-provider/transactions/8VXFRAQP2E8RHVFQL71NTI0WQDVPDAX9"", ""delay_auto_settle"": ""3600"", ""merchant_name"": ""merchant_chjnpb"", ""monto"": 210000, ""vtex_transaction_id"": ""8VXFRAQP2E8RHVFQL71NTI0WQDVPDAX9}]""";10/07/2026 12:00;BANCO_A;"[{""financial_entity"": ""aumento"", ""amount"": ""-4357.68"", ""detail"": ""tax_withholding""}, {""financial_entity"": ""aumento"", ""amount"": ""-4200.27"", ""detail"": ""tax_withholding""}, {""financial_entity"": ""cree"", ""amount"": ""-4773.79"", ""detail"": ""tax_withholding""}, {""financial_entity"": ""cree"", ""amount"": ""-2945.91"", ""detail"": ""tax_withholding""}, {""marca"": ""CHEVIGNON""}]";AUTORIZADO
TRX0470;"[{account_name""account_ahfzphcu"", ""callback_url"": ""https://transitpay.vtexpayments.com.br/api/pvt/payment-provider/transactions/I8SZ6WA055MH8R5Y70XHIALVVRN7UXOJ"", ""delay_auto_settle"": ""7200"", ""merchant_name"": ""merchant_mnvwfl"", ""monto"": 125000, ""vtex_transaction_id"": ""I8SZ6WA055MH8R5Y70XHIALVVRN7UXOJ}]""";01/07/2026 6:00;BANCO_C;"{{""financial_entity"": ""aumento"", ""amount"": ""-1379.9"", ""detail"": ""tax_withholding""}, {""financial_entity"": ""ica"", ""amount"": ""-3785.36"", ""detail"": ""tax_withholding""}, {""financial_entity"": ""aumento"", ""amount"": ""-4534.11"", ""detail"": ""tax_withholding""}, {""marca"": ""AMERICANINO""}]""";AUTORIZADO
TRX0471;"[{account_name"": ""account_rrjmyjpp"", ""callback_url"": ""https://transitpay.vtexpayments.com.br/api/pvt/payment-provider/transactions/BVN7E6LRM8991124UZIQFPX211B0DMQ5"", ""delay_auto_settle"": ""7200"", ""merchant_name"": ""merchant_hitils"", ""monto"": ""$155.000,00"", ""vtex_transaction_id"": ""BVN7E6LRM8991124UZIQFPX211B0DMQ5""}]""""";29/07/2026 5:00;BANCO_C;"{{""financial_entity"": ""iva"", ""amount"": ""-1622.56"", ""detail"": ""tax_withholding""}, {""financial_entity"": ""iva"", ""amount"": ""-277.26"", ""detail"": ""tax_withholding""}, {""financial_entity"": ""iva"", ""amount"": ""-2971.54"", ""detail"": ""tax_withholding""}, {""marca"": ""NAF NAF""}]""";AUTORIZADO
TRX0472;"({account_name"": ""account_mrnianoh"", ""callback_url"": ""https://transactionhub.vtexpayments.com.br/api/pvt/payment-provider/transactions/SZXBOTND8Y6VBF5B8RULJE2LYABO11W5"", ""delay_auto_settle"": ""7200"", ""merchant_name"": ""merchant_decebm"", ""monto"": 145000, ""vtex_transaction_id"": ""SZXBOTND8Y6VBF5B8RULJE2LYABO11W5})""";05/07/2026 19:00;BANCO_C;"""[{""financial_entity"": ""fuente"", ""amount"": ""-155.17"", ""detail"": ""tax_withholding""}, {""financial_entity"": ""aumento"", ""amount"": ""-4987.94"", ""detail"": ""tax_withholding""}, {""financial_entity"": ""ica"", ""amount"": ""-167.67"", ""detail"": ""tax_withholding""}, {""financial_entity"": ""aumento"", ""amount"": ""-3573.04"", ""detail"": ""tax_withholding""}, {""marca"": ""CHEVIGNON""}]""";AUTORIZADO
TRX0473;"{""account_name"": ""account_amgwaotz"", ""callback_url"": ""https://transactionhub.vtexpayments.com.br/api/pvt/payment-provider/transactions/JOKAANKDS922ANVRCWHGD3UUPV8HLEP5"", ""delay_auto_settle"": ""7200"", ""merchant_name"": ""merchant_bjgbix"", ""monto"": 210000, ""vtex_transaction_id"": ""JOKAANKDS922ANVRCWHGD3UUPV8HLEP5}]""";26/07/2026 5:00;BANCO_C;"[{""financial_entity"": ""fuente"", ""amount"": ""-3232.42"", ""detail"": ""tax_withholding""}, {""financial_entity"": ""ica"", ""amount"": ""-218.53"", ""detail"": ""tax_withholding""}, {""financial_entity"": ""aumento"", ""amount"": ""-3371.15"", ""detail"": ""tax_withholding""}, {""marca"": ""AMERICANINO""}}]""""";AUTORIZADO
TRX0474;"[{account_name"": ""account_dlbdnmgc"", ""callback_url"": ""https://flowcash.vtexpayments.com.br/api/pvt/payment-provider/transactions/R0AZ4VPBBEPU6S1CHV85200AKJJEVE4I"", ""delay_auto_settle"": ""3600"", ""merchant_name"": ""merchant_nxujpt"", ""monto"": 175000, ""vtex_transaction_id"": ""R0AZ4VPBBEPU6S1CHV85200AKJJEVE4I""]";25/07/2026 9:00;BANCO_B;"{{""financial_entity"": ""fuente"", ""amount"": ""-1691.9"", ""detail"": ""tax_withholding""}, {""financial_entity"": ""iva"", ""amount"": ""-1955.93"", ""detail"": ""tax_withholding""}, {""financial_entity"": ""aumento"", ""amount"": ""-233.37"", ""detail"": ""tax_withholding""}, {""financial_entity"": ""ica"", ""amount"": ""-2577.27"", ""detail"": ""tax_withholding""}, {""marca"": ""AMERICAN EAGLE""}]""";AUTORIZADO
TRX0475;"[{account_name""account_nsutwhgs"", ""callback_url"": ""https://transactionhub.vtexpayments.com.br/api/pvt/payment-provider/transactions/SNMA2TIDM30LR15ZF5JALGHKNI2ALVRC"", ""delay_auto_settle"": ""3600"", ""merchant_name"": ""merchant_vzohcx"", ""monto"": ""350.000 COP"", ""monto"": 350000, ""vtex_transaction_id"": ""SNMA2TIDM30LR15ZF5JALGHKNI2ALVRC}]""";02/07/2026 22:00;BANCO_A;"({""financial_entity"": ""iva"", ""amount"": ""-1768.45"", ""detail"": ""tax_withholding""}, {""financial_entity"": ""fuente"", ""amount"": ""-3804.63"", ""detail"": ""tax_withholding""}, {""financial_entity"": ""fuente"", ""amount"": ""-914.76"", ""detail"": ""tax_withholding""}, {""marca"": ""RIFLE""})""";AUTORIZADO
TRX0476;"[{account_name"": ""account_izyfedaz"", ""callback_url"": ""https://flowcash.vtexpayments.com.br/api/pvt/payment-provider/transactions/EOCTK1VSI3GX35JG0M20A6S9TH7H7WKO"", ""delay_auto_settle"": ""3600"", ""merchant_name"": ""merchant_zwxhqa"", ""monto"": 289000, ""vtex_transaction_id"": ""EOCTK1VSI3GX35JG0M20A6S9TH7H7WKO""}]""""";08/07/2026 3:00;BANCO_A;"""[{""financial_entity"": ""fuente"", ""amount"": ""-750.66"", ""detail"": ""tax_withholding""}, {""financial_entity"": ""aumento"", ""amount"": ""-4729.8"", ""detail"": ""tax_withholding""}, {""marca"": ""NAF NAF""}]""";AUTORIZADO
TRX0477;"""[{account_name"": ""account_twevzvau"", ""callback_url"": ""https://quickpay.vtexpayments.com.br/api/pvt/payment-provider/transactions/KVKKW2VW7NH0INZR5S5EMCG28477754R"", ""delay_auto_settle"": ""1800"", ""merchant_name"": ""merchant_jkshvb"", ""monto"": 95000, ""vtex_transaction_id"": ""KVKKW2VW7NH0INZR5S5EMCG28477754R}]""";14/07/2026 21:00;BANCO_B;"[{""financial_entity"": ""cree"", ""amount"": ""-3772.49"", ""detail"": ""tax_withholding""}, {""financial_entity"": ""aumento"", ""amount"": ""-500.21"", ""detail"": ""tax_withholding""}, {""financial_entity"": ""ica"", ""amount"": ""-3158.01"", ""detail"": ""tax_withholding""}, {""financial_entity"": ""cree"", ""amount"": ""-287.21"", ""detail"": ""tax_withholding""}, {""marca"": ""CHEVIGNON""}]";AUTORIZADO
TRX0478;"[{account_name"": ""account_blozfdfl"", ""callback_url"": ""https://nexoflow.vtexpayments.com.br/api/pvt/payment-provider/transactions/XZP7PZOZ62YS0897E85D0GU9TYJP9ADD"", ""delay_auto_settle"": ""3600"", ""merchant_name"": ""merchant_cdtoxr"", ""monto"": 145000, ""vtex_transaction_id"": ""XZP7PZOZ62YS0897E85D0GU9TYJP9ADD""]";03/07/2026 4:00;BANCO_A;"{{""financial_entity"": ""cree"", ""amount"": ""-523.92"", ""detail"": ""tax_withholding""}, {""financial_entity"": ""ica"", ""amount"": ""-313.05"", ""detail"": ""tax_withholding""}, {""financial_entity"": ""fuente"", ""amount"": ""-240.67"", ""detail"": ""tax_withholding""}, {""financial_entity"": ""ica"", ""amount"": ""-1562.94"", ""detail"": ""tax_withholding""}, {""marca"": ""CHEVIGNON""}]""";AUTORIZADO
TRX0479;"""[{account_name"": ""account_bvuauwyw"", ""callback_url"": ""https://quickpay.vtexpayments.com.br/api/pvt/payment-provider/transactions/L9RJLOLZU7ZDFCF9N0NOB5Z664MU08GJ"", ""delay_auto_settle"": ""1800"", ""merchant_name"": ""merchant_yfzqsz"", ""monto"": ""$150.000,00"", ""vtex_transaction_id"": ""L9RJLOLZU7ZDFCF9N0NOB5Z664MU08GJ}]""";24/07/2026 18:00;BANCO_A;"({""financial_entity"": ""ica"", ""amount"": ""-1397.18"", ""detail"": ""tax_withholding""}, {""financial_entity"": ""aumento"", ""amount"": ""-4931.92"", ""detail"": ""tax_withholding""}, {""financial_entity"": ""fuente"", ""amount"": ""-2848.01"", ""detail"": ""tax_withholding""}, {""marca"": ""CHEVIGNON""})""";AUTORIZADO
TRX0480;"[{account_name""account_xxxzfdzr"", ""callback_url"": ""https://flowcash.vtexpayments.com.br/api/pvt/payment-provider/transactions/TH0TKQINER5CATP7NYZGKRXN99SWACJY"", ""delay_auto_settle"": ""3600"", ""merchant_name"": ""merchant_xiulox"", ""monto"": 125000, ""vtex_transaction_id"": ""TH0TKQINER5CATP7NYZGKRXN99SWACJY}]""";20/07/2026 10:00;BANCO_B;"[{""financial_entity"": ""fuente"", ""amount"": ""-4996.91"", ""detail"": ""tax_withholding""}, {""financial_entity"": ""aumento"", ""amount"": ""-4344.09"", ""detail"": ""tax_withholding""}, {""financial_entity"": ""ica"", ""amount"": ""-3505.2"", ""detail"": ""tax_withholding""}, {""marca"": ""AMERICANINO""}}]""""";AUTORIZADO
TRX0481;"""[{account_name"": ""account_glmpblah"", ""callback_url"": ""https://transactionhub.vtexpayments.com.br/api/pvt/payment-provider/transactions/SK2KACD811RHR6LTXT7D4B3IJEEOTEHM"", ""delay_auto_settle"": ""3600"", ""merchant_name"": ""merchant_cmxaay"", ""monto\"": 410000, ""vtex_transaction_id"": ""SK2KACD811RHR6LTXT7D4B3IJEEOTEHM}]""";18/07/2026 4:00;BANCO_B;"{{""financial_entity"": ""ica"", ""amount"": ""-3316.28"", ""detail"": ""tax_withholding""}, {""financial_entity"": ""cree"", ""amount"": ""-156.32"", ""detail"": ""tax_withholding""}, {""financial_entity"": ""fuente"", ""amount"": ""-3894.19"", ""detail"": ""tax_withholding""}, {""financial_entity"": ""aumento"", ""amount"": ""-1208.58"", ""detail"": ""tax_withholding""}, {""marca\"": ""RIFLE""}]""";AUTORIZADO
TRX0482;"({account_name"": ""account_tnhjenjm"", ""callback_url"": ""https://flowcash.vtexpayments.com.br/api/pvt/payment-provider/transactions/LBGB6XWT5PQTU1W3A77ORR32QGQTMT3K"", ""delay_auto_settle"": ""1800"", ""merchant_name"": ""merchant_ghboso"", ""monto"": 125000, ""vtex_transaction_id"": ""LBGB6XWT5PQTU1W3A77ORR32QGQTMT3K})""";28/07/2026 1:00;BANCO_C;"[{financial_entityfinancial_entity"": ""aumento"", ""amount"": ""-628.62"", ""detail"": ""tax_withholding""}, {""financial_entity"": ""iva"", ""amount"": ""-2466.93"", ""detail"": ""tax_withholding""}, {""financial_entity"": ""aumento"", ""amount"": ""-4347.47"", ""detail"": ""tax_withholding""}, {""marca"": ""AMERICANINO""}]""";AUTORIZADO
TRX0483;"{""account_name"": ""account_yvsarcca"", ""callback_url"": ""https://payflow.vtexpayments.com.br/api/pvt/payment-provider/transactions/TFMF1VYVX53RGPST4QR3B6WKVFIZ1LHN"", ""delay_auto_settle"": ""1800"", ""merchant_name"": ""merchant_vswnfw"", ""monto"": ""$275.000,00"", ""vtex_transaction_id"": ""TFMF1VYVX53RGPST4QR3B6WKVFIZ1LHN}]""";06/07/2026 6:00;BANCO_C;"[{""financial_entity"": ""iva"", ""amount"": ""-4675.34"", ""detail"": ""tax_withholding""}, {""financial_entity"": ""ica"", ""amount"": ""-4905.26"", ""detail"": ""tax_withholding""}, {""marca"": ""CHEVIGNON""}}]""""";AUTORIZADO
TRX0484;"""[{account_name"": ""account_nrqxrwcu"", ""callback_url"": ""https://payflow.vtexpayments.com.br/api/pvt/payment-provider/transactions/CJOZFOJRKFHG9D3S6Y4FV3TAII5OCHSE"", ""delay_auto_settle"": ""3600"", ""merchant_name"": ""merchant_poieen"", ""monto\"": 340000, ""vtex_transaction_id"": ""CJOZFOJRKFHG9D3S6Y4FV3TAII5OCHSE}]""";16/07/2026 1:00;BANCO_A;"{{""financial_entity"": ""ica"", ""amount"": ""-153.98"", ""detail"": ""tax_withholding""}, {""financial_entity"": ""iva"", ""amount"": ""-4929.06"", ""detail"": ""tax_withholding""}, {""financial_entity"": ""iva"", ""amount"": ""-832.48"", ""detail"": ""tax_withholding""}, {""financial_entity"": ""iva"", ""amount"": ""-127.74"", ""detail"": ""tax_withholding""}, {""marca\"": ""AMERICANINO""}]""";AUTORIZADO
TRX0485;"[{account_name"": ""account_cucoudnn"", ""callback_url"": ""https://transactionhub.vtexpayments.com.br/api/pvt/payment-provider/transactions/H79ZNQV1VOCE6W1DPTH4CGOOFPEEYRF9"", ""delay_auto_settle"": ""7200"", ""merchant_name"": ""merchant_bpfhrx"", ""monto"": 350000, ""vtex_transaction_id"": ""H79ZNQV1VOCE6W1DPTH4CGOOFPEEYRF9""]";11/07/2026 23:00;BANCO_C;"[{""financial_entity"": ""fuente"", ""amount"": ""-1032.11"", ""detail"": ""tax_withholding""}, {""financial_entity"": ""aumento"", ""amount"": ""-1765.21"", ""detail"": ""tax_withholding""}, {""financial_entity"": ""ica"", ""amount"": ""-3552.29"", ""detail"": ""tax_withholding""}, {""financial_entity"": ""ica"", ""amount"": ""-4665.55"", ""detail"": ""tax_withholding""}, {""marca"": ""AMERICAN EAGLE""}]";AUTORIZADO
TRX0486;"[{account_name"": ""account_lfirnkuz"", ""callback_url"": ""https://nexoflow.vtexpayments.com.br/api/pvt/payment-provider/transactions/2BCDNEQ9CPENU73GD9T2XE8IZKHWKG5Q"", ""delay_auto_settle"": ""7200"", ""merchant_name"": ""merchant_bgcohu"", ""monto"": 275000, ""vtex_transaction_id"": ""2BCDNEQ9CPENU73GD9T2XE8IZKHWKG5Q""]";15/07/2026 0:00;BANCO_A;"""[{""financial_entity"": ""aumento"", ""amount"": ""-1873.04"", ""detail"": ""tax_withholding""}, {""financial_entity"": ""fuente"", ""amount"": ""-3116.75"", ""detail"": ""tax_withholding""}, {""financial_entity"": ""aumento"", ""amount"": ""-2005.34"", ""detail"": ""tax_withholding""}, {""financial_entity"": ""cree"", ""amount"": ""-764.85"", ""detail"": ""tax_withholding""}, {""marca"": ""AMERICAN EAGLE""}]""";AUTORIZADO
TRX0487;"{""account_name"": ""account_mbpnbpuo"", ""callback_url"": ""https://transactionhub.vtexpayments.com.br/api/pvt/payment-provider/transactions/7HALY63K5VERV3WESZI3022BCSBCJKE5"", ""delay_auto_settle"": ""7200"", ""merchant_name"": ""merchant_fusjyr"", ""monto\"": 340000, ""vtex_transaction_id"": ""7HALY63K5VERV3WESZI3022BCSBCJKE5}]""";19/07/2026 19:00;BANCO_A;"({""financial_entity"": ""fuente"", ""amount"": ""-4425.77"", ""detail"": ""tax_withholding""}, {""financial_entity"": ""ica"", ""amount"": ""-1779.97"", ""detail"": ""tax_withholding""}, {""financial_entity"": ""iva"", ""amount"": ""-2728.75"", ""detail"": ""tax_withholding""}, {""financial_entity"": ""iva"", ""amount"": ""-4128.32"", ""detail"": ""tax_withholding""}, {""marca\"": ""CHEVIGNON""})""";AUTORIZADO
TRX0488;"{""account_name"": ""account_vdrhvilj"", ""callback_url"": ""https://nexoflow.vtexpayments.com.br/api/pvt/payment-provider/transactions/YECYPX166KCG3NAHDROJIAAO6K428T20"", ""delay_auto_settle"": ""1800"", ""merchant_name"": ""merchant_pnroqe"", ""monto"": ""205.000 COP"", ""monto"": 205000, ""vtex_transaction_id"": ""YECYPX166KCG3NAHDROJIAAO6K428T20}]""";30/07/2026 9:00;BANCO_B;"[{financial_entityfinancial_entity"": ""aumento"", ""amount"": ""-4445.78"", ""detail"": ""tax_withholding""}, {""financial_entity"": ""cree"", ""amount"": ""-2700.3"", ""detail"": ""tax_withholding""}, {""financial_entity"": ""aumento"", ""amount"": ""-4205.78"", ""detail"": ""tax_withholding""}, {""financial_entity"": ""iva"", ""amount"": ""-3157.08"", ""detail"": ""tax_withholding""}, {""marca"": ""AMERICAN EAGLE""}]""";AUTORIZADO
TRX0489;"({account_name"": ""account_zgdgyfgt"", ""callback_url"": ""https://transactionhub.vtexpayments.com.br/api/pvt/payment-provider/transactions/JNWHPKGLGXJ4N1HIHKTRP60QB2SJ4ZPL"", ""delay_auto_settle"": ""3600"", ""merchant_name"": ""merchant_zdkvrj"", ""monto"": 210000, ""vtex_transaction_id"": ""JNWHPKGLGXJ4N1HIHKTRP60QB2SJ4ZPL})""";21/07/2026 4:00;BANCO_B;"""[{""financial_entity"": ""cree"", ""amount"": ""-4452.82"", ""detail"": ""tax_withholding""}, {""financial_entity"": ""iva"", ""amount"": ""-3159.54"", ""detail"": ""tax_withholding""}, {""marca"": ""AMERICANINO""}]""";AUTORIZADO
TRX0490;"[{account_name"": ""account_kngxzjiu"", ""callback_url"": ""https://payflow.vtexpayments.com.br/api/pvt/payment-provider/transactions/SB0WSXAPFKYOZUXNU9WZB4LTARKJW5ZI"", ""delay_auto_settle"": ""7200"", ""merchant_name"": ""merchant_kyrlrb"", ""monto"": 275000, ""vtex_transaction_id"": ""SB0WSXAPFKYOZUXNU9WZB4LTARKJW5ZI""]";01/07/2026 16:00;BANCO_B;"{{""financial_entity"": ""ica"", ""amount"": ""-2335.73"", ""detail"": ""tax_withholding""}, {""financial_entity"": ""fuente"", ""amount"": ""-1154.52"", ""detail"": ""tax_withholding""}, {""financial_entity"": ""cree"", ""amount"": ""-1367.26"", ""detail"": ""tax_withholding""}, {""marca"": ""RIFLE""}]""";AUTORIZADO
TRX0491;"({account_name"": ""account_qgogxhtk"", ""callback_url"": ""https://nexoflow.vtexpayments.com.br/api/pvt/payment-provider/transactions/Q8868CB1P27J6LG47B3VJTE16UE20SAY"", ""delay_auto_settle"": ""7200"", ""merchant_name"": ""merchant_jwemse"", ""monto\"": 180000, ""vtex_transaction_id"": ""Q8868CB1P27J6LG47B3VJTE16UE20SAY})""";13/07/2026 21:00;BANCO_C;"({""financial_entity"": ""ica"", ""amount"": ""-4602.14"", ""detail"": ""tax_withholding""}, {""financial_entity"": ""iva"", ""amount"": ""-1304.08"", ""detail"": ""tax_withholding""}, {""financial_entity"": ""fuente"", ""amount"": ""-3153.42"", ""detail"": ""tax_withholding""}, {""marca\"": ""AMERICAN EAGLE""})""";AUTORIZADO
TRX0492;"{""account_name"": ""account_wfkfatsd"", ""callback_url"": ""https://transitpay.vtexpayments.com.br/api/pvt/payment-provider/transactions/OGFG9HQ7WF0CN9H5CRRP7JRPB3YAH0GO"", ""delay_auto_settle"": ""1800"", ""merchant_name"": ""merchant_dkzphc"", ""monto"": 250000, ""vtex_transaction_id"": ""OGFG9HQ7WF0CN9H5CRRP7JRPB3YAH0GO}]""";22/07/2026 7:00;BANCO_B;"{{""financial_entity"": ""cree"", ""amount"": ""-1061.18"", ""detail"": ""tax_withholding""}, {""financial_entity"": ""aumento"", ""amount"": ""-2202.25"", ""detail"": ""tax_withholding""}, {""financial_entity"": ""ica"", ""amount"": ""-4139.45"", ""detail"": ""tax_withholding""}, {""marca"": ""AMERICAN EAGLE""}]""";AUTORIZADO
TRX0493;"[{account_name"": ""account_dfmonlhn"", ""callback_url"": ""https://transitpay.vtexpayments.com.br/api/pvt/payment-provider/transactions/8G66KUX7GTG0U5VFK7BX5HV8RCT4FIYN"", ""delay_auto_settle"": ""7200"", ""merchant_name"": ""merchant_zevytg"", ""monto"": ""240.000 COP"", ""monto"": 240000, ""vtex_transaction_id"": ""8G66KUX7GTG0U5VFK7BX5HV8RCT4FIYN""}]""""";16/07/2026 23:00;BANCO_C;"[{""financial_entity"": ""iva"", ""amount"": ""-640.4"", ""detail"": ""tax_withholding""}, {""financial_entity"": ""iva"", ""amount"": ""-1708.65"", ""detail"": ""tax_withholding""}, {""marca"": ""NAF NAF""}]";AUTORIZADO
TRX0494;"({account_name"": ""account_lyrckpom"", ""callback_url"": ""https://flowcash.vtexpayments.com.br/api/pvt/payment-provider/transactions/TZXLNJMV2L075RE1S8M4DRM06QWPYGSQ"", ""delay_auto_settle"": ""7200"", ""merchant_name"": ""merchant_bfxhwv"", ""monto"": 205000, ""vtex_transaction_id"": ""TZXLNJMV2L075RE1S8M4DRM06QWPYGSQ})""";27/07/2026 3:00;BANCO_A;"[{""financial_entity"": ""ica"", ""amount"": ""-1729.66"", ""detail"": ""tax_withholding""}, {""financial_entity"": ""ica"", ""amount"": ""-2253.15"", ""detail"": ""tax_withholding""}, {""marca"": ""RIFLE""}]";AUTORIZADO
TRX0495;"[{account_name""account_meprkchh"", ""callback_url"": ""https://payflow.vtexpayments.com.br/api/pvt/payment-provider/transactions/6CHJ068BLH015G8YPM3JKXQ3SXDZKLG1"", ""delay_auto_settle"": ""1800"", ""merchant_name"": ""merchant_hpxage"", ""monto"": ""$125.000,00"", ""vtex_transaction_id"": ""6CHJ068BLH015G8YPM3JKXQ3SXDZKLG1}]""";07/07/2026 12:00;BANCO_A;"""[{""financial_entity"": ""cree"", ""amount"": ""-3766.51"", ""detail"": ""tax_withholding""}, {""financial_entity"": ""cree"", ""amount"": ""-2865.51"", ""detail"": ""tax_withholding""}, {""marca"": ""CHEVIGNON""}]""";AUTORIZADO
TRX0496;"[{account_name"": ""account_lvpydvix"", ""callback_url"": ""https://flowcash.vtexpayments.com.br/api/pvt/payment-provider/transactions/7EIAMS0JKD0VLM1BFJ7LCLCU9DICQ8IK"", ""delay_auto_settle"": ""1800"", ""merchant_name"": ""merchant_vxciaq"", ""monto"": 340000, ""vtex_transaction_id"": ""7EIAMS0JKD0VLM1BFJ7LCLCU9DICQ8IK""}]""""";12/07/2026 6:00;BANCO_B;"[{""financial_entity"": ""aumento"", ""amount"": ""-4941.31"", ""detail"": ""tax_withholding""}, {""financial_entity"": ""ica"", ""amount"": ""-930.65"", ""detail"": ""tax_withholding""}, {""financial_entity"": ""fuente"", ""amount"": ""-491.18"", ""detail"": ""tax_withholding""}, {""marca"": ""CHEVIGNON""}]";AUTORIZADO
TRX0497;"[{account_name""account_hfrvihsn"", ""callback_url"": ""https://transitpay.vtexpayments.com.br/api/pvt/payment-provider/transactions/MD05WLT2CBKQ0569G9KIKUBRB62CQVFX"", ""delay_auto_settle"": ""3600"", ""merchant_name"": ""merchant_veqtsx"", ""monto\"": 225000, ""vtex_transaction_id"": ""MD05WLT2CBKQ0569G9KIKUBRB62CQVFX}]""";10/07/2026 16:00;BANCO_C;"{{""financial_entity"": ""fuente"", ""amount"": ""-2431.45"", ""detail"": ""tax_withholding""}, {""financial_entity"": ""cree"", ""amount"": ""-2026.83"", ""detail"": ""tax_withholding""}, {""marca\"": ""NAF NAF""}]""";AUTORIZADO
TRX0498;"({account_name"": ""account_uqdorjia"", ""callback_url"": ""https://transactionhub.vtexpayments.com.br/api/pvt/payment-provider/transactions/AQKYLBEOFC409EC70MFVSOOWVQG6T01S"", ""delay_auto_settle"": ""3600"", ""merchant_name"": ""merchant_hcbvug"", ""monto"": 240000, ""vtex_transaction_id"": ""AQKYLBEOFC409EC70MFVSOOWVQG6T01S})""";16/07/2026 15:00;BANCO_C;"({""financial_entity"": ""cree"", ""amount"": ""-3524.79"", ""detail"": ""tax_withholding""}, {""financial_entity"": ""iva"", ""amount"": ""-3027.43"", ""detail"": ""tax_withholding""}, {""financial_entity"": ""cree"", ""amount"": ""-4432.24"", ""detail"": ""tax_withholding""}, {""financial_entity"": ""ica"", ""amount"": ""-4016.59"", ""detail"": ""tax_withholding""}, {""marca"": ""AMERICAN EAGLE""})""";AUTORIZADO
TRX0499;"[{account_name"": ""account_kyygkboq"", ""callback_url"": ""https://transitpay.vtexpayments.com.br/api/pvt/payment-provider/transactions/5M2OVCSMJOY0KL2GOIR4I348JVGLZ7XH"", ""delay_auto_settle"": ""3600"", ""merchant_name"": ""merchant_twwnmu"", ""monto"": ""198.000 COP"", ""monto"": 198000, ""vtex_transaction_id"": ""5M2OVCSMJOY0KL2GOIR4I348JVGLZ7XH""]";23/07/2026 3:00;BANCO_A;"""[{""financial_entity"": ""iva"", ""amount"": ""-3198.79"", ""detail"": ""tax_withholding""}, {""financial_entity"": ""ica"", ""amount"": ""-1978.77"", ""detail"": ""tax_withholding""}, {""marca"": ""NAF NAF""}]""";AUTORIZADO
TRX0500;"({account_name"": ""account_qdkaukht"", ""callback_url"": ""https://flowcash.vtexpayments.com.br/api/pvt/payment-provider/transactions/V173DAT46QZDWAL4WT3K91WNMKX08IYJ"", ""delay_auto_settle"": ""7200"", ""merchant_name"": ""merchant_dsjjzj"", ""monto"": ""$155.000,00"", ""vtex_transaction_id"": ""V173DAT46QZDWAL4WT3K91WNMKX08IYJ})""";24/07/2026 4:00;BANCO_C;"[{financial_entityfinancial_entity"": ""iva"", ""amount"": ""-2694.52"", ""detail"": ""tax_withholding""}, {""financial_entity"": ""ica"", ""amount"": ""-3628.95"", ""detail"": ""tax_withholding""}, {""financial_entity"": ""ica"", ""amount"": ""-694.95"", ""detail"": ""tax_withholding""}, {""financial_entity"": ""aumento"", ""amount"": ""-4377.06"", ""detail"": ""tax_withholding""}, {""marca"": ""AMERICAN EAGLE""}]""";AUTORIZADO
